,,,,,,trial periods  ->,600,600,300,300,200,200,150,150,120,120,100,100,85.71428571,85.71428571,75,75,66.66666667,66.66666667,60,60,54.54545455,54.54545455,50,50,46.15384615,46.15384615,42.85714286,42.85714286,40,40,37.5,37.5,35.29411765,35.29411765,33.33333333,33.33333333,31.57894737,31.57894737,30,30,a0,cyclic ct,,,,TSS,9103154.719,,,,,,,,,,
Year - Month,Observations yt,t,detrending,Si,detrend+deseasonalize,,cos( 2pi t/m),sin(2pi t/m),cos( 2pi t/m),sin(2pi t/m),cos( 2pi t/m),sin(2pi t/m),cos( 2pi t/m),sin(2pi t/m),cos( 2pi t/m),sin(2pi t/m),cos( 2pi t/m),sin(2pi t/m),cos( 2pi t/m),sin(2pi t/m),cos( 2pi t/m),sin(2pi t/m),cos( 2pi t/m),sin(2pi t/m),cos( 2pi t/m),sin(2pi t/m),cos( 2pi t/m),sin(2pi t/m),cos( 2pi t/m),sin(2pi t/m),cos( 2pi t/m),sin(2pi t/m),cos( 2pi t/m),sin(2pi t/m),cos( 2pi t/m),sin(2pi t/m),cos( 2pi t/m),sin(2pi t/m),cos( 2pi t/m),sin(2pi t/m),cos( 2pi t/m),sin(2pi t/m),cos( 2pi t/m),sin(2pi t/m),cos( 2pi t/m),sin(2pi t/m),97.65989253,,Trial period,A,B,Su^2,,SOURCES OF VARIATION,df,SS,MS,F,,,,,Ct
1966 - Jan,3.3,1,6.619512749,30.9468886,21.38991365,,0.9999451694,0.01047178412,0.9997806835,0.02094241988,0.9995065604,0.03141075908,0.9991228301,0.04187565373,0.9986295348,0.05233595624,0.9980267284,0.06279051953,0.9973144772,0.07323819713,0.9964928592,0.08367784333,0.9955619646,0.09410831332,0.9945218954,0.1045284633,0.9933727656,0.1149371505,0.9921147013,0.1253332336,0.9907478405,0.1357155724,0.989272333,0.1460830286,0.9876883406,0.156434465,0.9859960371,0.1667687467,0.984195608,0.1770847403,0.9822872507,0.1873813146,0.9802711746,0.1976573404,0.9781476007,0.2079116908,,114.9029876,600,-7.680261114,-3.184195129,69.1255094,,600,2,20737.65282,10368.82641,0.7045316778,,,,,114.9029876
1966 - Feb,34,2,68.21376355,42.37818268,160.9643435,,0.9997806835,0.02094241988,0.9991228301,0.04187565373,0.9980267284,0.06279051953,0.9964928592,0.08367784333,0.9945218954,0.1045284633,0.9921147013,0.1253332336,0.989272333,0.1460830286,0.9859960371,0.1667687467,0.9822872507,0.1873813146,0.9781476007,0.2079116908,0.9735789029,0.2283508701,0.9685831611,0.2486898872,0.9631625668,0.2689198206,0.9573194975,0.2890317969,0.9510565163,0.3090169944,0.9443763702,0.3288666467,0.9372819895,0.3485720473,0.9297764859,0.3681245527,0.9218631516,0.3875155865,0.9135454576,0.4067366431,,113.8652166,300,-1.561353475,-2.53234123,8.850576777,,300,2,2655.173033,1327.586517,0.09020565288,,,,,113.8652166
1966 - Mar,6.7,3,13.44463213,32.90737615,40.85598338,,0.9995065604,0.03141075908,0.9980267284,0.06279051953,0.9955619646,0.09410831332,0.9921147013,0.1253332336,0.9876883406,0.156434465,0.9822872507,0.1873813146,0.9759167619,0.2181432414,0.9685831611,0.2486898872,0.9602936857,0.278991106,0.9510565163,0.3090169944,0.940880769,0.3387379202,0.9297764859,0.3681245527,0.9177546257,0.3971478906,0.9048270525,0.4257792916,0.8910065242,0.4539904997,0.87630668,0.4817536741,0.860742027,0.5090414158,0.8443279255,0.535826795,0.8270805743,0.5620833779,0.8090169944,0.5877852523,,112.7634907,200,16.47250371,-0.209704591,271.3873545,,200,2,81416.20635,40708.10317,2.765997529,F TAB,3.01184419,,,112.7634907
1966 - Apr,1.7,4,3.411961201,19.73566082,17.28830482,,0.9991228301,0.04187565373,0.9964928592,0.08367784333,0.9921147013,0.1253332336,0.9859960371,0.1667687467,0.9781476007,0.2079116908,0.9685831611,0.2486898872,0.9573194975,0.2890317969,0.9443763702,0.3288666467,0.9297764859,0.3681245527,0.9135454576,0.4067366431,0.8957117602,0.4446351792,0.87630668,0.4817536741,0.8553642602,0.5180270094,0.8329212407,0.5533915492,0.8090169944,0.5877852523,0.7836934573,0.6211477803,0.7569950557,0.653420604,0.7289686274,0.6845471059,0.6996633405,0.7144726796,0.6691306064,0.7431448255,,111.6021578,150,-6.120492597,5.119575663,63.67048461,,150,2,19101.14538,9550.572691,0.648933711,,,,,111.6021578
1966 - May,45.3,5,90.93570148,45.68178879,199.0633552,,0.9986295348,0.05233595624,0.9945218954,0.1045284633,0.9876883406,0.156434465,0.9781476007,0.2079116908,0.9659258263,0.2588190451,0.9510565163,0.3090169944,0.9335804265,0.3583679495,0.9135454576,0.4067366431,0.8910065242,0.4539904997,0.8660254038,0.5,0.8386705679,0.544639035,0.8090169944,0.5877852523,0.7771459615,0.629320391,0.7431448255,0.6691306064,0.7071067812,0.7071067812,0.6691306064,0.7431448255,0.629320391,0.7771459615,0.5877852523,0.8090169944,0.544639035,0.8386705679,0.5,0.8660254038,,110.3858011,120,0.6834200521,3.650082523,13.79016539,,120,2,4137.049618,2068.524809,0.1405502606,,,,,110.3858011
1966 - Jun,128.9,6,258.8035376,123.305047,209.8888439,,0.9980267284,0.06279051953,0.9921147013,0.1253332336,0.9822872507,0.1873813146,0.9685831611,0.2486898872,0.9510565163,0.3090169944,0.9297764859,0.3681245527,0.9048270525,0.4257792916,0.87630668,0.4817536741,0.8443279255,0.535826795,0.8090169944,0.5877852523,0.7705132428,0.6374239897,0.7289686274,0.6845471059,0.6845471059,0.7289686274,0.6374239897,0.7705132428,0.5877852523,0.8090169944,0.535826795,0.8443279255,0.4817536741,0.87630668,0.4257792916,0.9048270525,0.3681245527,0.9297764859,0.3090169944,0.9510565163,,109.1192211,100,18.21281534,-14.87137671,552.8644877,,100,2,165859.3463,82929.67315,5.634830737,,Ao,97.65989253,,109.1192211
1966 - Jul,98.2,7,197.2013419,328.104785,60.1031594,,0.9973144772,0.07323819713,0.989272333,0.1460830286,0.9759167619,0.2181432414,0.9573194975,0.2890317969,0.9335804265,0.3583679495,0.9048270525,0.4257792916,0.8712138111,0.4909037536,0.8329212407,0.5533915492,0.7901550124,0.6129070537,0.7431448255,0.6691306064,0.6921431739,0.7217602281,0.6374239897,0.7705132428,0.5792811723,0.8151277957,0.5180270094,0.8553642602,0.4539904997,0.8910065242,0.3875155865,0.9218631516,0.3189593093,0.94776841,0.2486898872,0.9685831611,0.1770847403,0.984195608,0.1045284633,0.9945218954,,107.8074163,85.71428571,-6.415803944,12.23836241,190.9400548,,85.71428571,2,57282.01643,28641.00822,1.946073429,,A1,18.21281534,,107.8074163
1966 - Aug,312.8,8,628.2698584,355.3223357,176.8168773,,0.9964928592,0.08367784333,0.9859960371,0.1667687467,0.9685831611,0.2486898872,0.9443763702,0.3288666467,0.9135454576,0.4067366431,0.87630668,0.4817536741,0.8329212407,0.5533915492,0.7836934573,0.6211477803,0.7289686274,0.6845471059,0.6691306064,0.7431448255,0.6045991149,0.796529918,0.535826795,0.8443279255,0.4632960351,0.8862035792,0.3875155865,0.9218631516,0.3090169944,0.9510565163,0.2283508701,0.9735789029,0.1460830286,0.989272333,0.06279051953,0.9980267284,-0.02094241988,0.9997806835,-0.1045284633,0.9945218954,,106.4555639,75,5.279696184,3.03904417,37.11098126,,75,2,11133.29438,5566.64719,0.3782375294,,B1,-14.87137671,,106.4555639
1966 - Sep,69.1,9,138.8157184,176.4318194,78.67952552,,0.9955619646,0.09410831332,0.9822872507,0.1873813146,0.9602936857,0.278991106,0.9297764859,0.3681245527,0.8910065242,0.4539904997,0.8443279255,0.535826795,0.7901550124,0.6129070537,0.7289686274,0.6845471059,0.6613118653,0.7501110696,0.5877852523,0.8090169944,0.5090414158,0.860742027,0.4257792916,0.9048270525,0.3387379202,0.940880769,0.2486898872,0.9685831611,0.156434465,0.9876883406,0.06279051953,0.9980267284,-0.03141075908,0.9995065604,-0.1253332336,0.9921147013,-0.2181432414,0.9759167619,-0.3090169944,0.9510565163,,105.068999,66.66666667,6.206475123,-11.40907499,168.6873255,,66.66666667,2,50606.19764,25303.09882,1.719272168,,,,,105.068999
1966 - Oct,6.7,10,13.46221533,21.44493376,62.77573751,,0.9945218954,0.1045284633,0.9781476007,0.2079116908,0.9510565163,0.3090169944,0.9135454576,0.4067366431,0.8660254038,0.5,0.8090169944,0.5877852523,0.7431448255,0.6691306064,0.6691306064,0.7431448255,0.5877852523,0.8090169944,0.5,0.8660254038,0.4067366431,0.9135454576,0.3090169944,0.9510565163,0.2079116908,0.9781476007,0.1045284633,0.9945218954,0,1,-0.1045284633,0.9945218954,-0.2079116908,0.9781476007,-0.3090169944,0.9510565163,-0.4067366431,0.9135454576,-0.5,0.8660254038,,103.6531937,60,-4.782858916,13.68656331,210.1977546,,60,2,63059.32639,31529.6632,2.142349156,,,,,103.6531937
1966 - Nov,1,11,2.009661338,7.816028561,25.71205213,,0.9933727656,0.1149371505,0.9735789029,0.2283508701,0.940880769,0.3387379202,0.8957117602,0.4446351792,0.8386705679,0.544639035,0.7705132428,0.6374239897,0.6921431739,0.7217602281,0.6045991149,0.796529918,0.5090414158,0.860742027,0.4067366431,0.9135454576,0.2990407923,0.9542403285,0.1873813146,0.9822872507,0.07323819713,0.9973144772,-0.04187565373,0.9991228301,-0.156434465,0.9876883406,-0.2689198206,0.9631625668,-0.3778407868,0.9258705848,-0.4817536741,0.87630668,-0.5792811723,0.8151277957,-0.6691306064,0.7431448255,,102.2137357,54.54545455,-8.377123178,1.120698905,71.43215877,,54.54545455,2,21429.64763,10714.82382,0.7280411978,,,,,102.2137357
1966 - Dec,0.2,12,0.4020073895,15.92515343,2.52435489,,0.9921147013,0.1253332336,0.9685831611,0.2486898872,0.9297764859,0.3681245527,0.87630668,0.4817536741,0.8090169944,0.5877852523,0.7289686274,0.6845471059,0.6374239897,0.7705132428,0.535826795,0.8443279255,0.4257792916,0.9048270525,0.3090169944,0.9510565163,0.1873813146,0.9822872507,0.06279051953,0.9980267284,-0.06279051953,0.9980267284,-0.1873813146,0.9822872507,-0.3090169944,0.9510565163,-0.4257792916,0.9048270525,-0.535826795,0.8443279255,-0.6374239897,0.7705132428,-0.7289686274,0.6845471059,-0.8090169944,0.5877852523,,100.7563056,50,2.849658091,-10.30463201,114.305992,,50,2,34291.79761,17145.89881,1.165014089,,,,,100.7563056
1967 - Jan,0,13,0,30.9468886,0,,0.9907478405,0.1357155724,0.9631625668,0.2689198206,0.9177546257,0.3971478906,0.8553642602,0.5180270094,0.7771459615,0.629320391,0.6845471059,0.7289686274,0.5792811723,0.8151277957,0.4632960351,0.8862035792,0.3387379202,0.940880769,0.2079116908,0.9781476007,0.07323819713,0.9973144772,-0.06279051953,0.9980267284,-0.1976573404,0.9802711746,-0.3288666467,0.9443763702,-0.4539904997,0.8910065242,-0.5707135677,0.8211492091,-0.6768759697,0.7360970871,-0.7705132428,0.6374239897,-0.849892693,0.5269557955,-0.9135454576,0.4067366431,,99.28665549,46.15384615,-7.775610597,10.89843182,179.2359362,,46.15384615,2,53770.78085,26885.39043,1.826784293,,,,,99.28665549
1967 - Feb,2.4,14,4.836744612,42.37818268,11.41328936,,0.989272333,0.1460830286,0.9573194975,0.2890317969,0.9048270525,0.4257792916,0.8329212407,0.5533915492,0.7431448255,0.6691306064,0.6374239897,0.7705132428,0.5180270094,0.8553642602,0.3875155865,0.9218631516,0.2486898872,0.9685831611,0.1045284633,0.9945218954,-0.04187565373,0.9991228301,-0.1873813146,0.9822872507,-0.3288666467,0.9443763702,-0.4632960351,0.8862035792,-0.5877852523,0.8090169944,-0.6996633405,0.7144726796,-0.796529918,0.6045991149,-0.87630668,0.4817536741,-0.9372819895,0.3485720473,-0.9781476007,0.2079116908,,97.81058525,42.85714286,2.649889141,-14.02735002,203.788461,,42.85714286,2,61136.5383,30568.26915,2.07702522,,,,,97.81058525
1967 - Mar,43.4,15,87.48085829,32.90737615,265.8396643,,0.9876883406,0.156434465,0.9510565163,0.3090169944,0.8910065242,0.4539904997,0.8090169944,0.5877852523,0.7071067812,0.7071067812,0.5877852523,0.8090169944,0.4539904997,0.8910065242,0.3090169944,0.9510565163,0.156434465,0.9876883406,0,1,-0.156434465,0.9876883406,-0.3090169944,0.9510565163,-0.4539904997,0.8910065242,-0.5877852523,0.8090169944,-0.7071067812,0.7071067812,-0.8090169944,0.5877852523,-0.8910065242,0.4539904997,-0.9510565163,0.3090169944,-0.9876883406,0.156434465,-1,0,,96.3339203,40,-3.995196083,-11.90928697,157.7927078,,40,2,47337.81234,23668.90617,1.608233518,,,,,96.3339203
1967 - Apr,0.9,16,1.81445926,19.73566082,9.193810516,,0.9859960371,0.1667687467,0.9443763702,0.3288666467,0.87630668,0.4817536741,0.7836934573,0.6211477803,0.6691306064,0.7431448255,0.535826795,0.8443279255,0.3875155865,0.9218631516,0.2283508701,0.9735789029,0.06279051953,0.9980267284,-0.1045284633,0.9945218954,-0.2689198206,0.9631625668,-0.4257792916,0.9048270525,-0.5707135677,0.8211492091,-0.6996633405,0.7144726796,-0.8090169944,0.5877852523,-0.8957117602,0.4446351792,-0.9573194975,0.2890317969,-0.9921147013,0.1253332336,-0.9991228301,-0.04187565373,-0.9781476007,-0.2079116908,,94.86248835,37.5,-10.99851375,11.63994556,256.4556373,,37.5,2,76936.6912,38468.3456,2.613812499,,,,,94.86248835
1967 - May,13,17,26.21377007,45.68178879,57.38341418,,0.984195608,0.1770847403,0.9372819895,0.3485720473,0.860742027,0.5090414158,0.7569950557,0.653420604,0.629320391,0.7771459615,0.4817536741,0.87630668,0.3189593093,0.94776841,0.1460830286,0.989272333,-0.03141075908,0.9995065604,-0.2079116908,0.9781476007,-0.3778407868,0.9258705848,-0.535826795,0.8443279255,-0.6768759697,0.7360970871,-0.796529918,0.6045991149,-0.8910065242,0.4539904997,-0.9573194975,0.2890317969,-0.9933727656,0.1149371505,-0.9980267284,-0.06279051953,-0.9711342799,-0.2385334576,-0.9135454576,-0.4067366431,,93.40209648,35.29411765,-3.211332246,-0.8728274576,11.07448256,,35.29411765,2,3322.344769,1661.172384,0.112871845,,,,,93.40209648
1967 - Jun,33.1,18,66.75680821,123.305047,54.13955862,,0.9822872507,0.1873813146,0.9297764859,0.3681245527,0.8443279255,0.535826795,0.7289686274,0.6845471059,0.5877852523,0.8090169944,0.4257792916,0.9048270525,0.2486898872,0.9685831611,0.06279051953,0.9980267284,-0.1253332336,0.9921147013,-0.3090169944,0.9510565163,-0.4817536741,0.87630668,-0.6374239897,0.7705132428,-0.7705132428,0.6374239897,-0.87630668,0.4817536741,-0.9510565163,0.3090169944,-0.9921147013,0.1253332336,-0.9980267284,-0.06279051953,-0.9685831611,-0.2486898872,-0.9048270525,-0.4257792916,-0.8090169944,-0.5877852523,,91.95850819,33.33333333,-5.778663018,-8.158426157,99.95286363,,33.33333333,2,29985.85909,14992.92955,1.018726073,,,,,91.95850819
1967 - Jul,224.3,19,452.4580253,328.104785,137.9004653,,0.9802711746,0.1976573404,0.9218631516,0.3875155865,0.8270805743,0.5620833779,0.6996633405,0.7144726796,0.544639035,0.8386705679,0.3681245527,0.9297764859,0.1770847403,0.984195608,-0.02094241988,0.9997806835,-0.2181432414,0.9759167619,-0.4067366431,0.9135454576,-0.5792811723,0.8151277957,-0.7289686274,0.6845471059,-0.849892693,0.5269557955,-0.9372819895,0.3485720473,-0.9876883406,0.156434465,-0.9991228301,-0.04187565373,-0.9711342799,-0.2385334576,-0.9048270525,-0.4257792916,-0.8028174752,-0.596224875,-0.6691306064,-0.7431448255,,90.53742065,31.57894737,-2.621473979,-7.230249125,59.14862823,,31.57894737,2,17744.58847,8872.294235,0.6028466574,,,,,90.53742065
1967 - Aug,336,20,677.9064512,355.3223357,190.786332,,0.9781476007,0.2079116908,0.9135454576,0.4067366431,0.8090169944,0.5877852523,0.6691306064,0.7431448255,0.5,0.8660254038,0.3090169944,0.9510565163,0.1045284633,0.9945218954,-0.1045284633,0.9945218954,-0.3090169944,0.9510565163,-0.5,0.8660254038,-0.6691306064,0.7431448255,-0.8090169944,0.5877852523,-0.9135454576,0.4067366431,-0.9781476007,0.2079116908,-1,0,-0.9781476007,-0.2079116908,-0.9135454576,-0.4067366431,-0.8090169944,-0.5877852523,-0.6691306064,-0.7431448255,-0.5,-0.8660254038,,89.14444226,30,11.10682198,-7.575039923,180.7427243,,30,2,54222.81729,27111.40865,1.842141576,,,,,89.14444226
1967 - Sep,96.3,21,194.3292878,176.4318194,110.1441273,,0.9759167619,0.2181432414,0.9048270525,0.4257792916,0.7901550124,0.6129070537,0.6374239897,0.7705132428,0.4539904997,0.8910065242,0.2486898872,0.9685831611,0.03141075908,0.9995065604,-0.1873813146,0.9822872507,-0.3971478906,0.9177546257,-0.5877852523,0.8090169944,-0.7501110696,0.6613118653,-0.87630668,0.4817536741,-0.9602936857,0.278991106,-0.9980267284,0.06279051953,-0.9876883406,-0.156434465,-0.9297764859,-0.3681245527,-0.8270805743,-0.5620833779,-0.6845471059,-0.7289686274,-0.5090414158,-0.860742027,-0.3090169944,-0.9510565163,,87.78507046,,,,,,ERROR,559,8226988.433,14717.33172,,,,,,87.78507046
1967 - Oct,7.8,22,15.74302092,21.44493376,73.41137583,,0.9735789029,0.2283508701,0.8957117602,0.4446351792,0.7705132428,0.6374239897,0.6045991149,0.796529918,0.4067366431,0.9135454576,0.1873813146,0.9822872507,-0.04187565373,0.9991228301,-0.2689198206,0.9631625668,-0.4817536741,0.87630668,-0.6691306064,0.7431448255,-0.8211492091,0.5707135677,-0.9297764859,0.3681245527,-0.989272333,0.1460830286,-0.9964928592,-0.08367784333,-0.9510565163,-0.3090169944,-0.8553642602,-0.5180270094,-0.7144726796,-0.6996633405,-0.535826795,-0.8443279255,-0.3288666467,-0.9443763702,-0.1045284633,-0.9945218954,,86.46467007,,,,,,TOTAL,599,9103154.719,,,,,,,86.46467007
1967 - Nov,13.8,23,27.85826527,7.816028561,356.424814,,0.9711342799,0.2385334576,0.8862035792,0.4632960351,0.7501110696,0.6613118653,0.5707135677,0.8211492091,0.3583679495,0.9335804265,0.1253332336,0.9921147013,-0.1149371505,0.9933727656,-0.3485720473,0.9372819895,-0.5620833779,0.8270805743,-0.7431448255,0.6691306064,-0.8813034521,0.4725507649,-0.9685831611,0.2486898872,-0.9999451694,0.01047178412,-0.9735789029,-0.2283508701,-0.8910065242,-0.4539904997,-0.7569950557,-0.653420604,-0.5792811723,-0.8151277957,-0.3681245527,-0.9297764859,-0.1357155724,-0.9907478405,0.1045284633,-0.9945218954,,85.1884521,,,,,,,,,,,,,,,85.1884521
1967 - Dec,68.9,24,139.115568,15.92515343,873.5587295,,0.9685831611,0.2486898872,0.87630668,0.4817536741,0.7289686274,0.6845471059,0.535826795,0.8443279255,0.3090169944,0.9510565163,0.06279051953,0.9980267284,-0.1873813146,0.9822872507,-0.4257792916,0.9048270525,-0.6374239897,0.7705132428,-0.8090169944,0.5877852523,-0.9297764859,0.3681245527,-0.9921147013,0.1253332336,-0.9921147013,-0.1253332336,-0.9297764859,-0.3681245527,-0.8090169944,-0.5877852523,-0.6374239897,-0.7705132428,-0.4257792916,-0.9048270525,-0.1873813146,-0.9822872507,0.06279051953,-0.9980267284,0.3090169944,-0.9510565163,,83.96145322,,,,,,,,,,,,,,,83.96145322
1968 - Jan,14.1,25,28.53887762,30.9468886,92.2188915,,0.9659258263,0.2588190451,0.8660254038,0.5,0.7071067812,0.7071067812,0.5,0.8660254038,0.2588190451,0.9659258263,0,1,-0.2588190451,0.9659258263,-0.5,0.8660254038,-0.7071067812,0.7071067812,-0.8660254038,0.5,-0.9659258263,0.2588190451,-1,0,-0.9659258263,-0.2588190451,-0.8660254038,-0.5,-0.7071067812,-0.7071067812,-0.5,-0.8660254038,-0.2588190451,-0.9659258263,0,-1,0.2588190451,-0.9659258263,0.5,-0.8660254038,,82.78851582,,,,,,,,,,,,,,,82.78851582
1968 - Feb,15.9,26,32.18819651,42.37818268,75.95464099,,0.9631625668,0.2689198206,0.8553642602,0.5180270094,0.6845471059,0.7289686274,0.4632960351,0.8862035792,0.2079116908,0.9781476007,-0.06279051953,0.9980267284,-0.3288666467,0.9443763702,-0.5707135677,0.8211492091,-0.7705132428,0.6374239897,-0.9135454576,0.4067366431,-0.989272333,0.1460830286,-0.9921147013,-0.1253332336,-0.9218631516,-0.3875155865,-0.7836934573,-0.6211477803,-0.5877852523,-0.8090169944,-0.3485720473,-0.9372819895,-0.08367784333,-0.9964928592,0.1873813146,-0.9822872507,0.4446351792,-0.8957117602,0.6691306064,-0.7431448255,,81.67426895,,,,,,,,,,,,,,,81.67426895
1968 - Mar,17.3,27,35.02897114,32.90737615,106.4471715,,0.9602936857,0.278991106,0.8443279255,0.535826795,0.6613118653,0.7501110696,0.4257792916,0.9048270525,0.156434465,0.9876883406,-0.1253332336,0.9921147013,-0.3971478906,0.9177546257,-0.6374239897,0.7705132428,-0.8270805743,0.5620833779,-0.9510565163,0.3090169944,-0.9995065604,0.03141075908,-0.9685831611,-0.2486898872,-0.860742027,-0.5090414158,-0.6845471059,-0.7289686274,-0.4539904997,-0.8910065242,-0.1873813146,-0.9822872507,0.09410831332,-0.9955619646,0.3681245527,-0.9297764859,0.6129070537,-0.7901550124,0.8090169944,-0.5877852523,,80.62311003,,,,,,,,,,,,,,,80.62311003
1968 - Apr,0,28,0,19.73566082,0,,0.9573194975,0.2890317969,0.8329212407,0.5533915492,0.6374239897,0.7705132428,0.3875155865,0.9218631516,0.1045284633,0.9945218954,-0.1873813146,0.9822872507,-0.4632960351,0.8862035792,-0.6996633405,0.7144726796,-0.87630668,0.4817536741,-0.9781476007,0.2079116908,-0.9964928592,-0.08367784333,-0.9297764859,-0.3681245527,-0.7836934573,-0.6211477803,-0.5707135677,-0.8211492091,-0.3090169944,-0.9510565163,-0.02094241988,-0.9997806835,0.2689198206,-0.9631625668,0.535826795,-0.8443279255,0.7569950557,-0.653420604,0.9135454576,-0.4067366431,,79.63918751,,,,,,,,,,,,,,,79.63918751
1968 - May,2.3,29,4.658785101,45.68178879,10.19834211,,0.9542403285,0.2990407923,0.8211492091,0.5707135677,0.6129070537,0.7901550124,0.3485720473,0.9372819895,0.05233595624,0.9986295348,-0.2486898872,0.9685831611,-0.5269557955,0.849892693,-0.7569950557,0.653420604,-0.9177546257,0.3971478906,-0.9945218954,0.1045284633,-0.9802711746,-0.1976573404,-0.87630668,-0.4817536741,-0.6921431739,-0.7217602281,-0.4446351792,-0.8957117602,-0.156434465,-0.9876883406,0.1460830286,-0.989272333,0.4352310994,-0.9003187714,0.6845471059,-0.7289686274,0.8712138111,-0.4909037536,0.9781476007,-0.2079116908,,78.72638447,,,,,,,,,,,,,,,78.72638447
1968 - Jun,28.3,30,57.33411092,123.305047,46.49778116,,0.9510565163,0.3090169944,0.8090169944,0.5877852523,0.5877852523,0.8090169944,0.3090169944,0.9510565163,0,1,-0.3090169944,0.9510565163,-0.5877852523,0.8090169944,-0.8090169944,0.5877852523,-0.9510565163,0.3090169944,-1,0,-0.9510565163,-0.3090169944,-0.8090169944,-0.5877852523,-0.5877852523,-0.8090169944,-0.3090169944,-0.9510565163,0,-1,0.3090169944,-0.9510565163,0.5877852523,-0.8090169944,0.8090169944,-0.5877852523,0.9510565163,-0.3090169944,1,0,,77.88830335,,,,,,,,,,,,,,,77.88830335
1968 - Jul,211.2,31,427.9592137,328.104785,130.4337008,,0.94776841,0.3189593093,0.796529918,0.6045991149,0.5620833779,0.8270805743,0.2689198206,0.9631625668,-0.05233595624,0.9986295348,-0.3681245527,0.9297764859,-0.6454576877,0.7637960286,-0.8553642602,0.5180270094,-0.9759167619,0.2181432414,-0.9945218954,-0.1045284633,-0.909236109,-0.4162807923,-0.7289686274,-0.6845471059,-0.4725507649,-0.8813034521,-0.1667687467,-0.9859960371,0.156434465,-0.9876883406,0.4632960351,-0.8862035792,0.7217602281,-0.6921431739,0.9048270525,-0.4257792916,0.9933727656,-0.1149371505,0.9781476007,0.2079116908,,77.12825165,,,,,,,,,,,,,,,77.12825165
1968 - Aug,90.1,32,182.6060212,355.3223357,51.39165283,,0.9443763702,0.3288666467,0.7836934573,0.6211477803,0.535826795,0.8443279255,0.2283508701,0.9735789029,-0.1045284633,0.9945218954,-0.4257792916,0.9048270525,-0.6996633405,0.7144726796,-0.8957117602,0.4446351792,-0.9921147013,0.1253332336,-0.9781476007,-0.2079116908,-0.8553642602,-0.5180270094,-0.6374239897,-0.7705132428,-0.3485720473,-0.9372819895,-0.02094241988,-0.9997806835,0.3090169944,-0.9510565163,0.6045991149,-0.796529918,0.8329212407,-0.5533915492,0.9685831611,-0.2486898872,0.9964928592,0.08367784333,0.9135454576,0.4067366431,,76.44922896,,,,,,,,,,,,,,,76.44922896
1968 - Sep,0.1,33,0.2027085905,176.4318194,0.1148934422,,0.940880769,0.3387379202,0.7705132428,0.6374239897,0.5090414158,0.860742027,0.1873813146,0.9822872507,-0.156434465,0.9876883406,-0.4817536741,0.87630668,-0.7501110696,0.6613118653,-0.9297764859,0.3681245527,-0.9995065604,0.03141075908,-0.9510565163,-0.3090169944,-0.7901550124,-0.6129070537,-0.535826795,-0.8443279255,-0.2181432414,-0.9759167619,0.1253332336,-0.9921147013,0.4539904997,-0.8910065242,0.7289686274,-0.6845471059,0.9177546257,-0.3971478906,0.9980267284,-0.06279051953,0.9602936857,0.278991106,0.8090169944,0.5877852523,,75.85391507,,,,,,,,,,,,,,,75.85391507
1968 - Oct,7,34,14.1922764,21.44493376,66.18008969,,0.9372819895,0.3485720473,0.7569950557,0.653420604,0.4817536741,0.87630668,0.1460830286,0.989272333,-0.2079116908,0.9781476007,-0.535826795,0.8443279255,-0.796529918,0.6045991149,-0.9573194975,0.2890317969,-0.9980267284,-0.06279051953,-0.9135454576,-0.4067366431,-0.7144726796,-0.6996633405,-0.4257792916,-0.9048270525,-0.08367784333,-0.9964928592,0.2689198206,-0.9631625668,0.5877852523,-0.8090169944,0.8329212407,-0.5533915492,0.9735789029,-0.2283508701,0.9921147013,0.1253332336,0.8862035792,0.4632960351,0.6691306064,0.7431448255,,75.34465941,,,,,,,,,,,,,,,75.34465941
1968 - Nov,0,35,0,7.816028561,0,,0.9335804265,0.3583679495,0.7431448255,0.6691306064,0.4539904997,0.8910065242,0.1045284633,0.9945218954,-0.2588190451,0.9659258263,-0.5877852523,0.8090169944,-0.8386705679,0.544639035,-0.9781476007,0.2079116908,-0.9876883406,-0.156434465,-0.8660254038,-0.5,-0.629320391,-0.7771459615,-0.3090169944,-0.9510565163,0.05233595624,-0.9986295348,0.4067366431,-0.9135454576,0.7071067812,-0.7071067812,0.9135454576,-0.4067366431,0.9986295348,-0.05233595624,0.9510565163,0.3090169944,0.7771459615,0.629320391,0.5,0.8660254038,,74.92347178,,,,,,,,,,,,,,,74.92347178
1968 - Dec,2,36,4.056465583,15.92515343,25.47206593,,0.9297764859,0.3681245527,0.7289686274,0.6845471059,0.4257792916,0.9048270525,0.06279051953,0.9980267284,-0.3090169944,0.9510565163,-0.6374239897,0.7705132428,-0.87630668,0.4817536741,-0.9921147013,0.1253332336,-0.9685831611,-0.2486898872,-0.8090169944,-0.5877852523,-0.535826795,-0.8443279255,-0.1873813146,-0.9822872507,0.1873813146,-0.9822872507,0.535826795,-0.8443279255,0.8090169944,-0.5877852523,0.9685831611,-0.2486898872,0.9921147013,0.1253332336,0.87630668,0.4817536741,0.6374239897,0.7705132428,0.3090169944,0.9510565163,,74.59201442,,,,,,,,,,,,,,,74.59201442
1969 - Jan,1.5,37,3.049826498,30.9468886,9.855034338,,0.9258705848,0.3778407868,0.7144726796,0.6996633405,0.3971478906,0.9177546257,0.02094241988,0.9997806835,-0.3583679495,0.9335804265,-0.6845471059,0.7289686274,-0.909236109,0.4162807923,-0.9991228301,0.04187565373,-0.940880769,-0.3387379202,-0.7431448255,-0.6691306064,-0.4352310994,-0.9003187714,-0.06279051953,-0.9980267284,0.3189593093,-0.94776841,0.653420604,-0.7569950557,0.8910065242,-0.4539904997,0.9964928592,-0.08367784333,0.9542403285,0.2990407923,0.7705132428,0.6374239897,0.4725507649,0.8813034521,0.1045284633,0.9945218954,,74.35159543,,,,,,,,,,,,,,,74.35159543
1969 - Feb,6.8,38,13.8284945,42.37818268,32.63116449,,0.9218631516,0.3875155865,0.6996633405,0.7144726796,0.3681245527,0.9297764859,-0.02094241988,0.9997806835,-0.4067366431,0.9135454576,-0.7289686274,0.6845471059,-0.9372819895,0.3485720473,-0.9991228301,-0.04187565373,-0.9048270525,-0.4257792916,-0.6691306064,-0.7431448255,-0.3288666467,-0.9443763702,0.06279051953,-0.9980267284,0.4446351792,-0.8957117602,0.7569950557,-0.653420604,0.9510565163,-0.3090169944,0.9964928592,0.08367784333,0.8862035792,0.4632960351,0.6374239897,0.7705132428,0.2890317969,0.9573194975,-0.1045284633,0.9945218954,,74.20316364,,,,,,,,,,,,,,,74.20316364
1969 - Mar,9.7,39,19.72967142,32.90737615,59.95516425,,0.9177546257,0.3971478906,0.6845471059,0.7289686274,0.3387379202,0.940880769,-0.06279051953,0.9980267284,-0.4539904997,0.8910065242,-0.7705132428,0.6374239897,-0.9602936857,0.278991106,-0.9921147013,-0.1253332336,-0.860742027,-0.5090414158,-0.5877852523,-0.8090169944,-0.2181432414,-0.9759167619,0.1873813146,-0.9822872507,0.5620833779,-0.8270805743,0.8443279255,-0.535826795,0.9876883406,-0.156434465,0.9685831611,0.2486898872,0.7901550124,0.6129070537,0.4817536741,0.87630668,0.09410831332,0.9955619646,-0.3090169944,0.9510565163,,74.14730485,,,,,,,,,,,,,,,74.14730485
1969 - Apr,3.6,40,7.323737408,19.73566082,37.10915725,,0.9135454576,0.4067366431,0.6691306064,0.7431448255,0.3090169944,0.9510565163,-0.1045284633,0.9945218954,-0.5,0.8660254038,-0.8090169944,0.5877852523,-0.9781476007,0.2079116908,-0.9781476007,-0.2079116908,-0.8090169944,-0.5877852523,-0.5,-0.8660254038,-0.1045284633,-0.9945218954,0.3090169944,-0.9510565163,0.6691306064,-0.7431448255,0.9135454576,-0.4067366431,1,0,0.9135454576,0.4067366431,0.6691306064,0.7431448255,0.3090169944,0.9510565163,-0.1045284633,0.9945218954,-0.5,0.8660254038,,74.18423949,,,,,,,,,,,,,,,74.18423949
1969 - May,21,41,42.72988452,45.68178879,93.53811584,,0.909236109,0.4162807923,0.653420604,0.7569950557,0.278991106,0.9602936857,-0.1460830286,0.989272333,-0.544639035,0.8386705679,-0.8443279255,0.535826795,-0.9907478405,0.1357155724,-0.9573194975,-0.2890317969,-0.7501110696,-0.6613118653,-0.4067366431,-0.9135454576,0.01047178412,-0.9999451694,0.4257792916,-0.9048270525,0.7637960286,-0.6454576877,0.9631625668,-0.2689198206,0.9876883406,0.156434465,0.8329212407,0.5533915492,0.5269557955,0.849892693,0.1253332336,0.9921147013,-0.2990407923,0.9542403285,-0.6691306064,0.7431448255,,74.31382182,,,,,,,,,,,,,,,74.31382182
1969 - Jun,11.3,42,22.99709844,123.305047,18.65057351,,0.9048270525,0.4257792916,0.6374239897,0.7705132428,0.2486898872,0.9685831611,-0.1873813146,0.9822872507,-0.5877852523,0.8090169944,-0.87630668,0.4817536741,-0.9980267284,0.06279051953,-0.9297764859,-0.3681245527,-0.6845471059,-0.7289686274,-0.3090169944,-0.9510565163,0.1253332336,-0.9921147013,0.535826795,-0.8443279255,0.8443279255,-0.535826795,0.9921147013,-0.1253332336,0.9510565163,0.3090169944,0.7289686274,0.6845471059,0.3681245527,0.9297764859,-0.06279051953,0.9980267284,-0.4817536741,0.87630668,-0.8090169944,0.5877852523,,74.53554042,,,,,,,,,,,,,,,74.53554042
1969 - Jul,130.9,43,266.4504385,328.104785,81.20894623,,0.9003187714,0.4352310994,0.6211477803,0.7836934573,0.2181432414,0.9759167619,-0.2283508701,0.9735789029,-0.629320391,0.7771459615,-0.9048270525,0.4257792916,-0.9999451694,-0.01047178412,-0.8957117602,-0.4446351792,-0.6129070537,-0.7901550124,-0.2079116908,-0.9781476007,0.2385334576,-0.9711342799,0.6374239897,-0.7705132428,0.909236109,-0.4162807923,0.9997806835,0.02094241988,0.8910065242,0.4539904997,0.6045991149,0.796529918,0.1976573404,0.9802711746,-0.2486898872,0.9685831611,-0.6454576877,0.7637960286,-0.9135454576,0.4067366431,,74.84852027,,,,,,,,,,,,,,,74.84852027
1969 - Aug,132.7,44,270.1655211,355.3223357,76.03392581,,0.8957117602,0.4446351792,0.6045991149,0.796529918,0.1873813146,0.9822872507,-0.2689198206,0.9631625668,-0.6691306064,0.7431448255,-0.9297764859,0.3681245527,-0.9964928592,-0.08367784333,-0.8553642602,-0.5180270094,-0.535826795,-0.8443279255,-0.1045284633,-0.9945218954,0.3485720473,-0.9372819895,0.7289686274,-0.6845471059,0.9573194975,-0.2890317969,0.9859960371,0.1667687467,0.8090169944,0.5877852523,0.4632960351,0.8862035792,0.02094241988,0.9997806835,-0.4257792916,0.9048270525,-0.7836934573,0.6211477803,-0.9781476007,0.2079116908,,75.25152619,,,,,,,,,,,,,,,75.25152619
1969 - Sep,158.8,45,323.3640394,176.4318194,183.2798871,,0.8910065242,0.4539904997,0.5877852523,0.8090169944,0.156434465,0.9876883406,-0.3090169944,0.9510565163,-0.7071067812,0.7071067812,-0.9510565163,0.3090169944,-0.9876883406,-0.156434465,-0.8090169944,-0.5877852523,-0.4539904997,-0.8910065242,0,-1,0.4539904997,-0.8910065242,0.8090169944,-0.5877852523,0.9876883406,-0.156434465,0.9510565163,0.3090169944,0.7071067812,0.7071067812,0.3090169944,0.9510565163,-0.156434465,0.9876883406,-0.5877852523,0.8090169944,-0.8910065242,0.4539904997,-1,0,,75.74296769,,,,,,,,,,,,,,,75.74296769
1969 - Oct,0.3,46,0.611004933,21.44493376,2.849180789,,0.8862035792,0.4632960351,0.5707135677,0.8211492091,0.1253332336,0.9921147013,-0.3485720473,0.9372819895,-0.7431448255,0.6691306064,-0.9685831611,0.2486898872,-0.9735789029,-0.2283508701,-0.7569950557,-0.653420604,-0.3681245527,-0.9297764859,0.1045284633,-0.9945218954,0.5533915492,-0.8329212407,0.87630668,-0.4817536741,0.9997806835,-0.02094241988,0.8957117602,0.4446351792,0.5877852523,0.8090169944,0.1460830286,0.989272333,-0.3288666467,0.9443763702,-0.7289686274,0.6845471059,-0.9631625668,0.2689198206,-0.9781476007,-0.2079116908,,76.32090528,,,,,,,,,,,,,,,76.32090528
1969 - Nov,0.6,47,1.222241333,7.816028561,15.63762624,,0.8813034521,0.4725507649,0.5533915492,0.8329212407,0.09410831332,0.9955619646,-0.3875155865,0.9218631516,-0.7771459615,0.629320391,-0.9822872507,0.1873813146,-0.9542403285,-0.2990407923,-0.6996633405,-0.7144726796,-0.278991106,-0.9602936857,0.2079116908,-0.9781476007,0.6454576877,-0.7637960286,0.9297764859,-0.3681245527,0.9933727656,0.1149371505,0.8211492091,0.5707135677,0.4539904997,0.8910065242,-0.02094241988,0.9997806835,-0.4909037536,0.8712138111,-0.8443279255,0.535826795,-0.9973144772,0.07323819713,-0.9135454576,-0.4067366431,,76.9830581,,,,,,,,,,,,,,,76.9830581
1969 - Dec,0,48,0,15.92515343,0,,0.87630668,0.4817536741,0.535826795,0.8443279255,0.06279051953,0.9980267284,-0.4257792916,0.9048270525,-0.8090169944,0.5877852523,-0.9921147013,0.1253332336,-0.9297764859,-0.3681245527,-0.6374239897,-0.7705132428,-0.1873813146,-0.9822872507,0.3090169944,-0.9510565163,0.7289686274,-0.6845471059,0.9685831611,-0.2486898872,0.9685831611,0.2486898872,0.7289686274,0.6845471059,0.3090169944,0.9510565163,-0.1873813146,0.9822872507,-0.6374239897,0.7705132428,-0.9297764859,0.3681245527,-0.9921147013,-0.1253332336,-0.8090169944,-0.5877852523,,77.72681295,,,,,,,,,,,,,,,77.72681295
1970 - Jan,35.4,49,72.30397527,30.9468886,233.6389167,,0.8712138111,0.4909037536,0.5180270094,0.8553642602,0.03141075908,0.9995065604,-0.4632960351,0.8862035792,-0.8386705679,0.544639035,-0.9980267284,0.06279051953,-0.9003187714,-0.4352310994,-0.5707135677,-0.8211492091,-0.09410831332,-0.9955619646,0.4067366431,-0.9135454576,0.8028174752,-0.596224875,0.9921147013,-0.1253332336,0.9258705848,0.3778407868,0.6211477803,0.7836934573,0.156434465,0.9876883406,-0.3485720473,0.9372819895,-0.7637960286,0.6454576877,-0.9822872507,0.1873813146,-0.94776841,-0.3189593093,-0.6691306064,-0.7431448255,,78.54923455,,,,,,,,,,,,,,,78.54923455
1970 - Feb,35.4,50,72.31770977,42.37818268,170.648445,,0.8660254038,0.5,0.5,0.8660254038,0,1,-0.5,0.8660254038,-0.8660254038,0.5,-1,0,-0.8660254038,-0.5,-0.5,-0.8660254038,0,-1,0.5,-0.8660254038,0.8660254038,-0.5,1,0,0.8660254038,0.5,0.5,0.8660254038,0,1,-0.5,0.8660254038,-0.8660254038,0.5,-1,0,-0.8660254038,-0.5,-0.5,-0.8660254038,,79.44707719,,,,,,,,,,,,,,,79.44707719
1970 - Mar,9.4,51,19.20665608,32.90737615,58.36580829,,0.860742027,0.5090414158,0.4817536741,0.87630668,-0.03141075908,0.9995065604,-0.535826795,0.8443279255,-0.8910065242,0.4539904997,-0.9980267284,-0.06279051953,-0.8270805743,-0.5620833779,-0.4257792916,-0.9048270525,0.09410831332,-0.9955619646,0.5877852523,-0.8090169944,0.9177546257,-0.3971478906,0.9921147013,0.1253332336,0.7901550124,0.6129070537,0.3681245527,0.9297764859,-0.156434465,0.9876883406,-0.6374239897,0.7705132428,-0.940880769,0.3387379202,-0.9822872507,-0.1873813146,-0.7501110696,-0.6613118653,-0.3090169944,-0.9510565163,,80.41679749,,,,,,,,,,,,,,,80.41679749
1970 - Apr,0,52,0,19.73566082,0,,0.8553642602,0.5180270094,0.4632960351,0.8862035792,-0.06279051953,0.9980267284,-0.5707135677,0.8211492091,-0.9135454576,0.4067366431,-0.9921147013,-0.1253332336,-0.7836934573,-0.6211477803,-0.3485720473,-0.9372819895,0.1873813146,-0.9822872507,0.6691306064,-0.7431448255,0.9573194975,-0.2890317969,0.9685831611,0.2486898872,0.6996633405,0.7144726796,0.2283508701,0.9735789029,-0.3090169944,0.9510565163,-0.7569950557,0.653420604,-0.9859960371,0.1667687467,-0.9297764859,-0.3681245527,-0.6045991149,-0.796529918,-0.1045284633,-0.9945218954,,81.45456841,,,,,,,,,,,,,,,81.45456841
1970 - May,11.5,53,23.5064368,45.68178879,51.45690968,,0.849892693,0.5269557955,0.4446351792,0.8957117602,-0.09410831332,0.9955619646,-0.6045991149,0.796529918,-0.9335804265,0.3583679495,-0.9822872507,-0.1873813146,-0.7360970871,-0.6768759697,-0.2689198206,-0.9631625668,0.278991106,-0.9602936857,0.7431448255,-0.6691306064,0.984195608,-0.1770847403,0.9297764859,0.3681245527,0.596224875,0.8028174752,0.08367784333,0.9964928592,-0.4539904997,0.8910065242,-0.8553642602,0.5180270094,-0.9999451694,-0.01047178412,-0.8443279255,-0.535826795,-0.4352310994,-0.9003187714,0.1045284633,-0.9945218954,,82.55629434,,,,,,,,,,,,,,,82.55629434
1970 - Jun,67.2,54,137.3854643,123.305047,111.4191736,,0.8443279255,0.535826795,0.4257792916,0.9048270525,-0.1253332336,0.9921147013,-0.6374239897,0.7705132428,-0.9510565163,0.3090169944,-0.9685831611,-0.2486898872,-0.6845471059,-0.7289686274,-0.1873813146,-0.9822872507,0.3681245527,-0.9297764859,0.8090169944,-0.5877852523,0.9980267284,-0.06279051953,0.87630668,0.4817536741,0.4817536741,0.87630668,-0.06279051953,0.9980267284,-0.5877852523,0.8090169944,-0.9297764859,0.3681245527,-0.9822872507,-0.1873813146,-0.7289686274,-0.6845471059,-0.2486898872,-0.9685831611,0.3090169944,-0.9510565163,,83.71762727,,,,,,,,,,,,,,,83.71762727
1970 - Jul,65.7,55,134.3443633,328.104785,40.94556661,,0.8386705679,0.544639035,0.4067366431,0.9135454576,-0.156434465,0.9876883406,-0.6691306064,0.7431448255,-0.9659258263,0.2588190451,-0.9510565163,-0.3090169944,-0.629320391,-0.7771459615,-0.1045284633,-0.9945218954,0.4539904997,-0.8910065242,0.8660254038,-0.5,0.9986295348,0.05233595624,0.8090169944,0.5877852523,0.3583679495,0.9335804265,-0.2079116908,0.9781476007,-0.7071067812,0.7071067812,-0.9781476007,0.2079116908,-0.9335804265,-0.3583679495,-0.5877852523,-0.8090169944,-0.05233595624,-0.9986295348,0.5,-0.8660254038,,84.93398395,,,,,,,,,,,,,,,84.93398395
1970 - Aug,207.9,56,425.19794,355.3223357,119.6654129,,0.8329212407,0.5533915492,0.3875155865,0.9218631516,-0.1873813146,0.9822872507,-0.6996633405,0.7144726796,-0.9781476007,0.2079116908,-0.9297764859,-0.3681245527,-0.5707135677,-0.8211492091,-0.02094241988,-0.9997806835,0.535826795,-0.8443279255,0.9135454576,-0.4067366431,0.9859960371,0.1667687467,0.7289686274,0.6845471059,0.2283508701,0.9735789029,-0.3485720473,0.9372819895,-0.8090169944,0.5877852523,-0.9991228301,0.04187565373,-0.8553642602,-0.5180270094,-0.4257792916,-0.9048270525,0.1460830286,-0.989272333,0.6691306064,-0.7431448255,,86.20056398,,,,,,,,,,,,,,,86.20056398
1970 - Sep,104.9,57,214.5827215,176.4318194,121.623595,,0.8270805743,0.5620833779,0.3681245527,0.9297764859,-0.2181432414,0.9759167619,-0.7289686274,0.6845471059,-0.9876883406,0.156434465,-0.9048270525,-0.4257792916,-0.5090414158,-0.860742027,0.06279051953,-0.9980267284,0.6129070537,-0.7901550124,0.9510565163,-0.3090169944,0.9602936857,0.278991106,0.6374239897,0.7705132428,0.09410831332,0.9955619646,-0.4817536741,0.87630668,-0.8910065242,0.4539904997,-0.9921147013,-0.1253332336,-0.7501110696,-0.6613118653,-0.2486898872,-0.9685831611,0.3387379202,-0.940880769,0.8090169944,-0.5877852523,,87.51236875,,,,,,,,,,,,,,,87.51236875
1970 - Oct,0.8,58,1.63678585,21.44493376,7.632505972,,0.8211492091,0.5707135677,0.3485720473,0.9372819895,-0.2486898872,0.9685831611,-0.7569950557,0.653420604,-0.9945218954,0.1045284633,-0.87630668,-0.4817536741,-0.4446351792,-0.8957117602,0.1460830286,-0.989272333,0.6845471059,-0.7289686274,0.9781476007,-0.2079116908,0.9218631516,0.3875155865,0.535826795,0.8443279255,-0.04187565373,0.9991228301,-0.6045991149,0.796529918,-0.9510565163,0.3090169944,-0.9573194975,-0.2890317969,-0.6211477803,-0.7836934573,-0.06279051953,-0.9980267284,0.5180270094,-0.8553642602,0.9135454576,-0.4067366431,,88.86422115,,,,,,,,,,,,,,,88.86422115
1970 - Nov,,59,0,7.816028561,0,,0.8151277957,0.5792811723,0.3288666467,0.9443763702,-0.278991106,0.9602936857,-0.7836934573,0.6211477803,-0.9986295348,0.05233595624,-0.8443279255,-0.535826795,-0.3778407868,-0.9258705848,0.2283508701,-0.9735789029,0.7501110696,-0.6613118653,0.9945218954,-0.1045284633,0.8712138111,0.4909037536,0.4257792916,0.9048270525,-0.1770847403,0.984195608,-0.7144726796,0.6996633405,-0.9876883406,0.156434465,-0.8957117602,-0.4446351792,-0.4725507649,-0.8813034521,0.1253332336,-0.9921147013,0.6768759697,-0.7360970871,0.9781476007,-0.2079116908,,90.25078605,,,,,,,,,,,,,,,90.25078605
1970 - Dec,0,60,0,15.92515343,0,,0.8090169944,0.5877852523,0.3090169944,0.9510565163,-0.3090169944,0.9510565163,-0.8090169944,0.5877852523,-1,0,-0.8090169944,-0.5877852523,-0.3090169944,-0.9510565163,0.3090169944,-0.9510565163,0.8090169944,-0.5877852523,1,0,0.8090169944,0.5877852523,0.3090169944,0.9510565163,-0.3090169944,0.9510565163,-0.8090169944,0.5877852523,-1,0,-0.8090169944,-0.5877852523,-0.3090169944,-0.9510565163,0.3090169944,-0.9510565163,0.8090169944,-0.5877852523,1,0,,91.66659131,,,,,,,,,,,,,,,91.66659131
1971 - Jan,17,61,34.88123851,30.9468886,112.7132326,,0.8028174752,0.596224875,0.2890317969,0.9573194975,-0.3387379202,0.940880769,-0.8329212407,0.5533915492,-0.9986295348,-0.05233595624,-0.7705132428,-0.6374239897,-0.2385334576,-0.9711342799,0.3875155865,-0.9218631516,0.860742027,-0.5090414158,0.9945218954,0.1045284633,0.7360970871,0.6768759697,0.1873813146,0.9822872507,-0.4352310994,0.9003187714,-0.8862035792,0.4632960351,-0.9876883406,-0.156434465,-0.6996633405,-0.7144726796,-0.1357155724,-0.9907478405,0.4817536741,-0.87630668,0.909236109,-0.4162807923,0.9781476007,0.2079116908,,93.10604939,,,,,,,,,,,,,,,93.10604939
1971 - Feb,18.9,62,38.78713001,42.37818268,91.52617589,,0.796529918,0.6045991149,0.2689198206,0.9631625668,-0.3681245527,0.9297764859,-0.8553642602,0.5180270094,-0.9945218954,-0.1045284633,-0.7289686274,-0.6845471059,-0.1667687467,-0.9859960371,0.4632960351,-0.8862035792,0.9048270525,-0.4257792916,0.9781476007,0.2079116908,0.653420604,0.7569950557,0.06279051953,0.9980267284,-0.5533915492,0.8329212407,-0.9443763702,0.3288666467,-0.9510565163,-0.3090169944,-0.5707135677,-0.8211492091,0.04187565373,-0.9991228301,0.6374239897,-0.7705132428,0.9735789029,-0.2283508701,0.9135454576,0.4067366431,,94.56347941,,,,,,,,,,,,,,,94.56347941
1971 - Mar,1.1,63,2.257882872,32.90737615,6.861327568,,0.7901550124,0.6129070537,0.2486898872,0.9685831611,-0.3971478906,0.9177546257,-0.87630668,0.4817536741,-0.9876883406,-0.156434465,-0.6845471059,-0.7289686274,-0.09410831332,-0.9955619646,0.535826795,-0.8443279255,0.940880769,-0.3387379202,0.9510565163,0.3090169944,0.5620833779,0.8270805743,-0.06279051953,0.9980267284,-0.6613118653,0.7501110696,-0.9822872507,0.1873813146,-0.8910065242,-0.4539904997,-0.4257792916,-0.9048270525,0.2181432414,-0.9759167619,0.7705132428,-0.6374239897,0.9995065604,-0.03141075908,0.8090169944,0.5877852523,,96.03312956,,,,,,,,,,,,,,,96.03312956
1971 - Apr,7.5,64,15.39759475,19.73566082,78.01914964,,0.7836934573,0.6211477803,0.2283508701,0.9735789029,-0.4257792916,0.9048270525,-0.8957117602,0.4446351792,-0.9781476007,-0.2079116908,-0.6374239897,-0.7705132428,-0.02094241988,-0.9997806835,0.6045991149,-0.796529918,0.9685831611,-0.2486898872,0.9135454576,0.4067366431,0.4632960351,0.8862035792,-0.1873813146,0.9822872507,-0.7569950557,0.653420604,-0.9991228301,0.04187565373,-0.8090169944,-0.5877852523,-0.2689198206,-0.9631625668,0.3875155865,-0.9218631516,0.87630668,-0.4817536741,0.9859960371,0.1667687467,0.6691306064,0.7431448255,,97.5091998,,,,,,,,,,,,,,,97.5091998
1971 - May,58.7,65,120.5348514,45.68178879,263.8575559,,0.7771459615,0.629320391,0.2079116908,0.9781476007,-0.4539904997,0.8910065242,-0.9135454576,0.4067366431,-0.9659258263,-0.2588190451,-0.5877852523,-0.8090169944,0.05233595624,-0.9986295348,0.6691306064,-0.7431448255,0.9876883406,-0.156434465,0.8660254038,0.5,0.3583679495,0.9335804265,-0.3090169944,0.9510565163,-0.8386705679,0.544639035,-0.9945218954,-0.1045284633,-0.7071067812,-0.7071067812,-0.1045284633,-0.9945218954,0.544639035,-0.8386705679,0.9510565163,-0.3090169944,0.9335804265,0.3583679495,0.5,0.8660254038,,98.98586475,,,,,,,,,,,,,,,98.98586475
1971 - Jun,61.3,66,125.8977416,123.305047,102.102667,,0.7705132428,0.6374239897,0.1873813146,0.9822872507,-0.4817536741,0.87630668,-0.9297764859,0.3681245527,-0.9510565163,-0.3090169944,-0.535826795,-0.8443279255,0.1253332336,-0.9921147013,0.7289686274,-0.6845471059,0.9980267284,-0.06279051953,0.8090169944,0.5877852523,0.2486898872,0.9685831611,-0.4257792916,0.9048270525,-0.9048270525,0.4257792916,-0.9685831611,-0.2486898872,-0.5877852523,-0.8090169944,0.06279051953,-0.9980267284,0.6845471059,-0.7289686274,0.9921147013,-0.1253332336,0.8443279255,0.535826795,0.3090169944,0.9510565163,,100.4572967,,,,,,,,,,,,,,,100.4572967
1971 - Jul,148.4,67,304.8416555,328.104785,92.90984752,,0.7637960286,0.6454576877,0.1667687467,0.9859960371,-0.5090414158,0.860742027,-0.9443763702,0.3288666467,-0.9335804265,-0.3583679495,-0.4817536741,-0.87630668,0.1976573404,-0.9802711746,0.7836934573,-0.6211477803,0.9995065604,0.03141075908,0.7431448255,0.6691306064,0.1357155724,0.9907478405,-0.535826795,0.8443279255,-0.9542403285,0.2990407923,-0.9218631516,-0.3875155865,-0.4539904997,-0.8910065242,0.2283508701,-0.9735789029,0.8028174752,-0.596224875,0.9980267284,0.06279051953,0.7217602281,0.6921431739,0.1045284633,0.9945218954,,101.9176886,,,,,,,,,,,,,,,101.9176886
1971 - Aug,259.2,68,532.5475229,355.3223357,149.8772999,,0.7569950557,0.653420604,0.1460830286,0.989272333,-0.535826795,0.8443279255,-0.9573194975,0.2890317969,-0.9135454576,-0.4067366431,-0.4257792916,-0.9048270525,0.2689198206,-0.9631625668,0.8329212407,-0.5533915492,0.9921147013,0.1253332336,0.6691306064,0.7431448255,0.02094241988,0.9997806835,-0.6374239897,0.7705132428,-0.9859960371,0.1667687467,-0.8553642602,-0.5180270094,-0.3090169944,-0.9510565163,0.3875155865,-0.9218631516,0.8957117602,-0.4446351792,0.9685831611,0.2486898872,0.5707135677,0.8211492091,-0.1045284633,0.9945218954,,103.3612769,,,,,,,,,,,,,,,103.3612769
1971 - Sep,51.6,69,106.0366627,176.4318194,60.10064567,,0.7501110696,0.6613118653,0.1253332336,0.9921147013,-0.5620833779,0.8270805743,-0.9685831611,0.2486898872,-0.8910065242,-0.4539904997,-0.3681245527,-0.9297764859,0.3387379202,-0.940880769,0.87630668,-0.4817536741,0.9759167619,0.2181432414,0.5877852523,0.8090169944,-0.09410831332,0.9955619646,-0.7289686274,0.6845471059,-0.9995065604,0.03141075908,-0.7705132428,-0.6374239897,-0.156434465,-0.9876883406,0.535826795,-0.8443279255,0.9602936857,-0.278991106,0.9048270525,0.4257792916,0.3971478906,0.9177546257,-0.3090169944,0.9510565163,,104.7823644,,,,,,,,,,,,,,,104.7823644
1971 - Oct,11.3,70,23.22564509,21.44493376,108.3036457,,0.7431448255,0.6691306064,0.1045284633,0.9945218954,-0.5877852523,0.8090169944,-0.9781476007,0.2079116908,-0.8660254038,-0.5,-0.3090169944,-0.9510565163,0.4067366431,-0.9135454576,0.9135454576,-0.4067366431,0.9510565163,0.3090169944,0.5,0.8660254038,-0.2079116908,0.9781476007,-0.8090169944,0.5877852523,-0.9945218954,-0.1045284633,-0.6691306064,-0.7431448255,0,-1,0.6691306064,-0.7431448255,0.9945218954,-0.1045284633,0.8090169944,0.5877852523,0.2079116908,0.9781476007,-0.5,0.8660254038,,106.1753428,,,,,,,,,,,,,,,106.1753428
1971 - Nov,1.8,71,3.700367482,7.816028561,47.34332088,,0.7360970871,0.6768759697,0.08367784333,0.9964928592,-0.6129070537,0.7901550124,-0.9859960371,0.1667687467,-0.8386705679,-0.544639035,-0.2486898872,-0.9685831611,0.4725507649,-0.8813034521,0.9443763702,-0.3288666467,0.9177546257,0.3971478906,0.4067366431,0.9135454576,-0.3189593093,0.94776841,-0.87630668,0.4817536741,-0.9711342799,-0.2385334576,-0.5533915492,-0.8329212407,0.156434465,-0.9876883406,0.7836934573,-0.6211477803,0.9973144772,0.07323819713,0.6845471059,0.7289686274,0.01047178412,0.9999451694,-0.6691306064,0.7431448255,,107.5347146,,,,,,,,,,,,,,,107.5347146
1971 - Dec,0,72,0,15.92515343,0,,0.7289686274,0.6845471059,0.06279051953,0.9980267284,-0.6374239897,0.7705132428,-0.9921147013,0.1253332336,-0.8090169944,-0.5877852523,-0.1873813146,-0.9822872507,0.535826795,-0.8443279255,0.9685831611,-0.2486898872,0.87630668,0.4817536741,0.3090169944,0.9510565163,-0.4257792916,0.9048270525,-0.9297764859,0.3681245527,-0.9297764859,-0.3681245527,-0.4257792916,-0.9048270525,0.3090169944,-0.9510565163,0.87630668,-0.4817536741,0.9685831611,0.2486898872,0.535826795,0.8443279255,-0.1873813146,0.9822872507,-0.8090169944,0.5877852523,,108.855115,,,,,,,,,,,,,,,108.855115
1972 - Jan,6.8,73,14.01667669,30.9468886,45.29268474,,0.7217602281,0.6921431739,0.04187565373,0.9991228301,-0.6613118653,0.7501110696,-0.9964928592,0.08367784333,-0.7771459615,-0.629320391,-0.1253332336,-0.9921147013,0.596224875,-0.8028174752,0.9859960371,-0.1667687467,0.8270805743,0.5620833779,0.2079116908,0.9781476007,-0.5269557955,0.849892693,-0.9685831611,0.2486898872,-0.8712138111,-0.4909037536,-0.2890317969,-0.9573194975,0.4539904997,-0.8910065242,0.9443763702,-0.3288666467,0.909236109,0.4162807923,0.3681245527,0.9297764859,-0.3778407868,0.9258705848,-0.9135454576,0.4067366431,,110.1313329,,,,,,,,,,,,,,,110.1313329
1972 - Feb,12.1,74,24.94622075,42.37818268,58.86571621,,0.7144726796,0.6996633405,0.02094241988,0.9997806835,-0.6845471059,0.7289686274,-0.9991228301,0.04187565373,-0.7431448255,-0.6691306064,-0.06279051953,-0.9980267284,0.653420604,-0.7569950557,0.9964928592,-0.08367784333,0.7705132428,0.6374239897,0.1045284633,0.9945218954,-0.6211477803,0.7836934573,-0.9921147013,0.1253332336,-0.796529918,-0.6045991149,-0.1460830286,-0.989272333,0.5877852523,-0.8090169944,0.9859960371,-0.1667687467,0.8211492091,0.5707135677,0.1873813146,0.9822872507,-0.5533915492,0.8329212407,-0.9781476007,0.2079116908,,111.3583318,,,,,,,,,,,,,,,111.3583318
1972 - Mar,5.6,75,11.54757207,32.90737615,35.09113584,,0.7071067812,0.7071067812,0,1,-0.7071067812,0.7071067812,-1,0,-0.7071067812,-0.7071067812,0,-1,0.7071067812,-0.7071067812,1,0,0.7071067812,0.7071067812,0,1,-0.7071067812,0.7071067812,-1,0,-0.7071067812,-0.7071067812,0,-1,0.7071067812,-0.7071067812,1,0,0.7071067812,0.7071067812,0,1,-0.7071067812,0.7071067812,-1,0,,112.5312692,,,,,,,,,,,,,,,112.5312692
1972 - Apr,11.6,76,23.92455799,19.73566082,121.225016,,0.6996633405,0.7144726796,-0.02094241988,0.9997806835,-0.7289686274,0.6845471059,-0.9991228301,-0.04187565373,-0.6691306064,-0.7431448255,0.06279051953,-0.9980267284,0.7569950557,-0.653420604,0.9964928592,0.08367784333,0.6374239897,0.7705132428,-0.1045284633,0.9945218954,-0.7836934573,0.6211477803,-0.9921147013,-0.1253332336,-0.6045991149,-0.796529918,0.1460830286,-0.989272333,0.8090169944,-0.5877852523,0.9859960371,0.1667687467,0.5707135677,0.8211492091,-0.1873813146,0.9822872507,-0.8329212407,0.5533915492,-0.9781476007,-0.2079116908,,113.6455161,,,,,,,,,,,,,,,113.6455161
1972 - May,0.1,77,0.2062857503,45.68178879,0.4515710872,,0.6921431739,0.7217602281,-0.04187565373,0.9991228301,-0.7501110696,0.6613118653,-0.9964928592,-0.08367784333,-0.629320391,-0.7771459615,0.1253332336,-0.9921147013,0.8028174752,-0.596224875,0.9859960371,0.1667687467,0.5620833779,0.8270805743,-0.2079116908,0.9781476007,-0.849892693,0.5269557955,-0.9685831611,-0.2486898872,-0.4909037536,-0.8712138111,0.2890317969,-0.9573194975,0.8910065242,-0.4539904997,0.9443763702,0.3288666467,0.4162807923,0.909236109,-0.3681245527,0.9297764859,-0.9258705848,0.3778407868,-0.9135454576,-0.4067366431,,114.696675,,,,,,,,,,,,,,,114.696675
1972 - Jun,24.9,78,51.37500623,123.305047,41.66496625,,0.6845471059,0.7289686274,-0.06279051953,0.9980267284,-0.7705132428,0.6374239897,-0.9921147013,-0.1253332336,-0.5877852523,-0.8090169944,0.1873813146,-0.9822872507,0.8443279255,-0.535826795,0.9685831611,0.2486898872,0.4817536741,0.87630668,-0.3090169944,0.9510565163,-0.9048270525,0.4257792916,-0.9297764859,-0.3681245527,-0.3681245527,-0.9297764859,0.4257792916,-0.9048270525,0.9510565163,-0.3090169944,0.87630668,0.4817536741,0.2486898872,0.9685831611,-0.535826795,0.8443279255,-0.9822872507,0.1873813146,-0.8090169944,-0.5877852523,,115.6805975,,,,,,,,,,,,,,,115.6805975
1972 - Jul,137.1,79,282.9263016,328.104785,86.23047104,,0.6768759697,0.7360970871,-0.08367784333,0.9964928592,-0.7901550124,0.6129070537,-0.9859960371,-0.1667687467,-0.544639035,-0.8386705679,0.2486898872,-0.9685831611,0.8813034521,-0.4725507649,0.9443763702,0.3288666467,0.3971478906,0.9177546257,-0.4067366431,0.9135454576,-0.94776841,0.3189593093,-0.87630668,-0.4817536741,-0.2385334576,-0.9711342799,0.5533915492,-0.8329212407,0.9876883406,-0.156434465,0.7836934573,0.6211477803,0.07323819713,0.9973144772,-0.6845471059,0.7289686274,-0.9999451694,-0.01047178412,-0.6691306064,-0.7431448255,,116.5934006,,,,,,,,,,,,,,,116.5934006
1972 - Aug,186,80,383.9124139,355.3223357,108.0462373,,0.6691306064,0.7431448255,-0.1045284633,0.9945218954,-0.8090169944,0.5877852523,-0.9781476007,-0.2079116908,-0.5,-0.8660254038,0.3090169944,-0.9510565163,0.9135454576,-0.4067366431,0.9135454576,0.4067366431,0.3090169944,0.9510565163,-0.5,0.8660254038,-0.9781476007,0.2079116908,-0.8090169944,-0.5877852523,-0.1045284633,-0.9945218954,0.6691306064,-0.7431448255,1,0,0.6691306064,0.7431448255,-0.1045284633,0.9945218954,-0.8090169944,0.5877852523,-0.9781476007,-0.2079116908,-0.5,-0.8660254038,,117.4314817,,,,,,,,,,,,,,,117.4314817
1972 - Sep,12.6,81,26.01196228,176.4318194,14.74335093,,0.6613118653,0.7501110696,-0.1253332336,0.9921147013,-0.8270805743,0.5620833779,-0.9685831611,-0.2486898872,-0.4539904997,-0.8910065242,0.3681245527,-0.9297764859,0.940880769,-0.3387379202,0.87630668,0.4817536741,0.2181432414,0.9759167619,-0.5877852523,0.8090169944,-0.9955619646,0.09410831332,-0.7289686274,-0.6845471059,0.03141075908,-0.9995065604,0.7705132428,-0.6374239897,0.9876883406,0.156434465,0.535826795,0.8443279255,-0.278991106,0.9602936857,-0.9048270525,0.4257792916,-0.9177546257,-0.3971478906,-0.3090169944,-0.9510565163,,118.1915334,,,,,,,,,,,,,,,118.1915334
1972 - Oct,7.7,82,15.8992512,21.44493376,74.1398942,,0.653420604,0.7569950557,-0.1460830286,0.989272333,-0.8443279255,0.535826795,-0.9573194975,-0.2890317969,-0.4067366431,-0.9135454576,0.4257792916,-0.9048270525,0.9631625668,-0.2689198206,0.8329212407,0.5533915492,0.1253332336,0.9921147013,-0.6691306064,0.7431448255,-0.9997806835,-0.02094241988,-0.6374239897,-0.7705132428,0.1667687467,-0.9859960371,0.8553642602,-0.5180270094,0.9510565163,0.3090169944,0.3875155865,0.9218631516,-0.4446351792,0.8957117602,-0.9685831611,0.2486898872,-0.8211492091,-0.5707135677,-0.1045284633,-0.9945218954,,118.8705561,,,,,,,,,,,,,,,118.8705561
1972 - Nov,33.1,83,68.35925657,7.816028561,874.6034644,,0.6454576877,0.7637960286,-0.1667687467,0.9859960371,-0.860742027,0.5090414158,-0.9443763702,-0.3288666467,-0.3583679495,-0.9335804265,0.4817536741,-0.87630668,0.9802711746,-0.1976573404,0.7836934573,0.6211477803,0.03141075908,0.9995065604,-0.7431448255,0.6691306064,-0.9907478405,-0.1357155724,-0.535826795,-0.8443279255,0.2990407923,-0.9542403285,0.9218631516,-0.3875155865,0.8910065242,0.4539904997,0.2283508701,0.9735789029,-0.596224875,0.8028174752,-0.9980267284,0.06279051953,-0.6921431739,-0.7217602281,0.1045284633,-0.9945218954,,119.46587,,,,,,,,,,,,,,,119.46587
1972 - Dec,3.2,84,6.61001923,15.92515343,41.5067852,,0.6374239897,0.7705132428,-0.1873813146,0.9822872507,-0.87630668,0.4817536741,-0.9297764859,-0.3681245527,-0.3090169944,-0.9510565163,0.535826795,-0.8443279255,0.9921147013,-0.1253332336,0.7289686274,0.6845471059,-0.06279051953,0.9980267284,-0.8090169944,0.5877852523,-0.9685831611,-0.2486898872,-0.4257792916,-0.9048270525,0.4257792916,-0.9048270525,0.9685831611,-0.2486898872,0.8090169944,0.5877852523,0.06279051953,0.9980267284,-0.7289686274,0.6845471059,-0.9921147013,-0.1253332336,-0.535826795,-0.8443279255,0.3090169944,-0.9510565163,,119.9751256,,,,,,,,,,,,,,,119.9751256
1973 - Jan,15.8,85,32.71866595,30.9468886,105.7252197,,0.629320391,0.7771459615,-0.2079116908,0.9781476007,-0.8910065242,0.4539904997,-0.9135454576,-0.4067366431,-0.2588190451,-0.9659258263,0.5877852523,-0.8090169944,0.9986295348,-0.05233595624,0.6691306064,0.7431448255,-0.156434465,0.9876883406,-0.8660254038,0.5,-0.9335804265,-0.3583679495,-0.3090169944,-0.9510565163,0.544639035,-0.8386705679,0.9945218954,-0.1045284633,0.7071067812,0.7071067812,-0.1045284633,0.9945218954,-0.8386705679,0.544639035,-0.9510565163,-0.3090169944,-0.3583679495,-0.9335804265,0.5,-0.8660254038,,120.3963133,,,,,,,,,,,,,,,120.3963133
1973 - Feb,5.2,86,10.77024237,42.37818268,25.41459235,,0.6211477803,0.7836934573,-0.2283508701,0.9735789029,-0.9048270525,0.4257792916,-0.8957117602,-0.4446351792,-0.2079116908,-0.9781476007,0.6374239897,-0.7705132428,0.9997806835,0.02094241988,0.6045991149,0.796529918,-0.2486898872,0.9685831611,-0.9135454576,0.4067366431,-0.8862035792,-0.4632960351,-0.1873813146,-0.9822872507,0.653420604,-0.7569950557,0.9991228301,0.04187565373,0.5877852523,0.8090169944,-0.2689198206,0.9631625668,-0.9218631516,0.3875155865,-0.87630668,-0.4817536741,-0.1667687467,-0.9859960371,0.6691306064,-0.7431448255,,120.7277706,,,,,,,,,,,,,,,120.7277706
1973 - Mar,3.2,87,6.629118153,32.90737615,20.14477886,,0.6129070537,0.7901550124,-0.2486898872,0.9685831611,-0.9177546257,0.3971478906,-0.87630668,-0.4817536741,-0.156434465,-0.9876883406,0.6845471059,-0.7289686274,0.9955619646,0.09410831332,0.535826795,0.8443279255,-0.3387379202,0.940880769,-0.9510565163,0.3090169944,-0.8270805743,-0.5620833779,-0.06279051953,-0.9980267284,0.7501110696,-0.6613118653,0.9822872507,0.1873813146,0.4539904997,0.8910065242,-0.4257792916,0.9048270525,-0.9759167619,0.2181432414,-0.7705132428,-0.6374239897,0.03141075908,-0.9995065604,0.8090169944,-0.5877852523,,120.9681896,,,,,,,,,,,,,,,120.9681896
1973 - Apr,0.5,88,1.035999272,19.73566082,5.249377162,,0.6045991149,0.796529918,-0.2689198206,0.9631625668,-0.9297764859,0.3681245527,-0.8553642602,-0.5180270094,-0.1045284633,-0.9945218954,0.7289686274,-0.6845471059,0.9859960371,0.1667687467,0.4632960351,0.8862035792,-0.4257792916,0.9048270525,-0.9781476007,0.2079116908,-0.7569950557,-0.653420604,0.06279051953,-0.9980267284,0.8329212407,-0.5533915492,0.9443763702,0.3288666467,0.3090169944,0.9510565163,-0.5707135677,0.8211492091,-0.9991228301,0.04187565373,-0.6374239897,-0.7705132428,0.2283508701,-0.9735789029,0.9135454576,-0.4067366431,,121.1166214,,,,,,,,,,,,,,,121.1166214
1973 - May,32.9,89,68.18188822,45.68178879,149.2539807,,0.596224875,0.8028174752,-0.2890317969,0.9573194975,-0.940880769,0.3387379202,-0.8329212407,-0.5533915492,-0.05233595624,-0.9986295348,0.7705132428,-0.6374239897,0.9711342799,0.2385334576,0.3875155865,0.9218631516,-0.5090414158,0.860742027,-0.9945218954,0.1045284633,-0.6768759697,-0.7360970871,0.1873813146,-0.9822872507,0.9003187714,-0.4352310994,0.8862035792,0.4632960351,0.156434465,0.9876883406,-0.6996633405,0.7144726796,-0.9907478405,-0.1357155724,-0.4817536741,-0.87630668,0.4162807923,-0.909236109,0.9781476007,-0.2079116908,,121.1724802,,,,,,,,,,,,,,,121.1724802
1973 - Jun,75.1,90,155.6670732,123.305047,126.2455001,,0.5877852523,0.8090169944,-0.3090169944,0.9510565163,-0.9510565163,0.3090169944,-0.8090169944,-0.5877852523,0,-1,0.8090169944,-0.5877852523,0.9510565163,0.3090169944,0.3090169944,0.9510565163,-0.5877852523,0.8090169944,-1,0,-0.5877852523,-0.8090169944,0.3090169944,-0.9510565163,0.9510565163,-0.3090169944,0.8090169944,0.5877852523,0,1,-0.8090169944,0.5877852523,-0.9510565163,-0.3090169944,-0.3090169944,-0.9510565163,0.5877852523,-0.8090169944,1,0,,121.1355456,,,,,,,,,,,,,,,121.1355456
1973 - Jul,118.3,91,245.2591849,328.104785,74.75026154,,0.5792811723,0.8151277957,-0.3288666467,0.9443763702,-0.9602936857,0.278991106,-0.7836934573,-0.6211477803,0.05233595624,-0.9986295348,0.8443279255,-0.535826795,0.9258705848,0.3778407868,0.2283508701,0.9735789029,-0.6613118653,0.7501110696,-0.9945218954,-0.1045284633,-0.4909037536,-0.8712138111,0.4257792916,-0.9048270525,0.984195608,-0.1770847403,0.7144726796,0.6996633405,-0.156434465,0.9876883406,-0.8957117602,0.4446351792,-0.8813034521,-0.4725507649,-0.1253332336,-0.9921147013,0.7360970871,-0.6768759697,0.9781476007,0.2079116908,,121.0059632,,,,,,,,,,,,,,,121.0059632
1973 - Aug,189.8,92,393.5686282,355.3223357,110.7638301,,0.5707135677,0.8211492091,-0.3485720473,0.9372819895,-0.9685831611,0.2486898872,-0.7569950557,-0.653420604,0.1045284633,-0.9945218954,0.87630668,-0.4817536741,0.8957117602,0.4446351792,0.1460830286,0.989272333,-0.7289686274,0.6845471059,-0.9781476007,-0.2079116908,-0.3875155865,-0.9218631516,0.535826795,-0.8443279255,0.9991228301,-0.04187565373,0.6045991149,0.796529918,-0.3090169944,0.9510565163,-0.9573194975,0.2890317969,-0.7836934573,-0.6211477803,0.06279051953,-0.9980267284,0.8553642602,-0.5180270094,0.9135454576,0.4067366431,,120.7842446,,,,,,,,,,,,,,,120.7842446
1973 - Sep,57.6,93,119.4621959,176.4318194,67.71011958,,0.5620833779,0.8270805743,-0.3681245527,0.9297764859,-0.9759167619,0.2181432414,-0.7289686274,-0.6845471059,0.156434465,-0.9876883406,0.9048270525,-0.4257792916,0.860742027,0.5090414158,0.06279051953,0.9980267284,-0.7901550124,0.6129070537,-0.9510565163,-0.3090169944,-0.278991106,-0.9602936857,0.6374239897,-0.7705132428,0.9955619646,0.09410831332,0.4817536741,0.87630668,-0.4539904997,0.8910065242,-0.9921147013,0.1253332336,-0.6613118653,-0.7501110696,0.2486898872,-0.9685831611,0.940880769,-0.3387379202,0.8090169944,0.5877852523,,120.4712648,,,,,,,,,,,,,,,120.4712648
1973 - Oct,19.7,94,40.86561109,21.44493376,190.5606776,,0.5533915492,0.8329212407,-0.3875155865,0.9218631516,-0.9822872507,0.1873813146,-0.6996633405,-0.7144726796,0.2079116908,-0.9781476007,0.9297764859,-0.3681245527,0.8211492091,0.5707135677,-0.02094241988,0.9997806835,-0.8443279255,0.535826795,-0.9135454576,-0.4067366431,-0.1667687467,-0.9859960371,0.7289686274,-0.6845471059,0.9735789029,0.2283508701,0.3485720473,0.9372819895,-0.5877852523,0.8090169944,-0.9991228301,-0.04187565373,-0.5180270094,-0.8553642602,0.4257792916,-0.9048270525,0.989272333,-0.1460830286,0.6691306064,0.7431448255,,120.0682589,,,,,,,,,,,,,,,120.0682589
1973 - Nov,0,95,0,7.816028561,0,,0.544639035,0.8386705679,-0.4067366431,0.9135454576,-0.9876883406,0.156434465,-0.6691306064,-0.7431448255,0.2588190451,-0.9659258263,0.9510565163,-0.3090169944,0.7771459615,0.629320391,-0.1045284633,0.9945218954,-0.8910065242,0.4539904997,-0.8660254038,-0.5,-0.05233595624,-0.9986295348,0.8090169944,-0.5877852523,0.9335804265,0.3583679495,0.2079116908,0.9781476007,-0.7071067812,0.7071067812,-0.9781476007,-0.2079116908,-0.3583679495,-0.9335804265,0.5877852523,-0.8090169944,0.9986295348,0.05233595624,0.5,0.8660254038,,119.5768174,,,,,,,,,,,,,,,119.5768174
1973 - Dec,9,96,18.6767735,15.92515343,117.2784524,,0.535826795,0.8443279255,-0.4257792916,0.9048270525,-0.9921147013,0.1253332336,-0.6374239897,-0.7705132428,0.3090169944,-0.9510565163,0.9685831611,-0.2486898872,0.7289686274,0.6845471059,-0.1873813146,0.9822872507,-0.9297764859,0.3681245527,-0.8090169944,-0.5877852523,0.06279051953,-0.9980267284,0.87630668,-0.4817536741,0.87630668,0.4817536741,0.06279051953,0.9980267284,-0.8090169944,0.5877852523,-0.9297764859,-0.3681245527,-0.1873813146,-0.9822872507,0.7289686274,-0.6845471059,0.9685831611,0.2486898872,0.3090169944,0.9510565163,,118.9988798,,,,,,,,,,,,,,,118.9988798
1974 - Jan,0.5,97,1.040207875,30.9468886,3.361268039,,0.5269557955,0.849892693,-0.4446351792,0.8957117602,-0.9955619646,0.09410831332,-0.6045991149,-0.796529918,0.3583679495,-0.9335804265,0.9822872507,-0.1873813146,0.6768759697,0.7360970871,-0.2689198206,0.9631625668,-0.9602936857,0.278991106,-0.7431448255,-0.6691306064,0.1770847403,-0.984195608,0.9297764859,-0.3681245527,0.8028174752,0.596224875,-0.08367784333,0.9964928592,-0.8910065242,0.4539904997,-0.8553642602,-0.5180270094,-0.01047178412,-0.9999451694,0.8443279255,-0.535826795,0.9003187714,0.4352310994,0.1045284633,0.9945218954,,118.3367269,,,,,,,,,,,,,,,118.3367269
1974 - Feb,1.3,98,2.705063759,42.37818268,6.383151868,,0.5180270094,0.8553642602,-0.4632960351,0.8862035792,-0.9980267284,0.06279051953,-0.5707135677,-0.8211492091,0.4067366431,-0.9135454576,0.9921147013,-0.1253332336,0.6211477803,0.7836934573,-0.3485720473,0.9372819895,-0.9822872507,0.1873813146,-0.6691306064,-0.7431448255,0.2890317969,-0.9573194975,0.9685831611,-0.2486898872,0.7144726796,0.6996633405,-0.2283508701,0.9735789029,-0.9510565163,0.3090169944,-0.7569950557,-0.653420604,0.1667687467,-0.9859960371,0.9297764859,-0.3681245527,0.796529918,0.6045991149,-0.1045284633,0.9945218954,,117.5929721,,,,,,,,,,,,,,,117.5929721
1974 - Mar,1.6,99,3.329953532,32.90737615,10.1191706,,0.5090414158,0.860742027,-0.4817536741,0.87630668,-0.9995065604,0.03141075908,-0.535826795,-0.8443279255,0.4539904997,-0.8910065242,0.9980267284,-0.06279051953,0.5620833779,0.8270805743,-0.4257792916,0.9048270525,-0.9955619646,0.09410831332,-0.5877852523,-0.8090169944,0.3971478906,-0.9177546257,0.9921147013,-0.1253332336,0.6129070537,0.7901550124,-0.3681245527,0.9297764859,-0.9876883406,0.156434465,-0.6374239897,-0.7705132428,0.3387379202,-0.940880769,0.9822872507,-0.1873813146,0.6613118653,0.7501110696,-0.3090169944,0.9510565163,,116.7705505,,,,,,,,,,,,,,,116.7705505
1974 - Apr,0.9,100,1.873461415,19.73566082,9.492772663,,0.5,0.8660254038,-0.5,0.8660254038,-1,0,-0.5,-0.8660254038,0.5,-0.8660254038,1,0,0.5,0.8660254038,-0.5,0.8660254038,-1,0,-0.5,-0.8660254038,0.5,-0.8660254038,1,0,0.5,0.8660254038,-0.5,0.8660254038,-1,0,-0.5,-0.8660254038,0.5,-0.8660254038,1,0,0.5,0.8660254038,-0.5,0.8660254038,,115.8727079,,,,,,,,,,,,,,,115.8727079
1974 - May,4.6,101,9.577323224,45.68178879,20.96529816,,0.4909037536,0.8712138111,-0.5180270094,0.8553642602,-0.9995065604,-0.03141075908,-0.4632960351,-0.8862035792,0.544639035,-0.8386705679,0.9980267284,0.06279051953,0.4352310994,0.9003187714,-0.5707135677,0.8211492091,-0.9955619646,-0.09410831332,-0.4067366431,-0.9135454576,0.596224875,-0.8028174752,0.9921147013,0.1253332336,0.3778407868,0.9258705848,-0.6211477803,0.7836934573,-0.9876883406,-0.156434465,-0.3485720473,-0.9372819895,0.6454576877,-0.7637960286,0.9822872507,0.1873813146,0.3189593093,0.94776841,-0.6691306064,0.7431448255,,114.9029876,,,,,,,,,,,,,,,114.9029876
1974 - Jun,37.9,102,78.92409462,123.305047,64.0071891,,0.4817536741,0.87630668,-0.535826795,0.8443279255,-0.9980267284,-0.06279051953,-0.4257792916,-0.9048270525,0.5877852523,-0.8090169944,0.9921147013,0.1253332336,0.3681245527,0.9297764859,-0.6374239897,0.7705132428,-0.9822872507,-0.1873813146,-0.3090169944,-0.9510565163,0.6845471059,-0.7289686274,0.9685831611,0.2486898872,0.2486898872,0.9685831611,-0.7289686274,0.6845471059,-0.9510565163,-0.3090169944,-0.1873813146,-0.9822872507,0.7705132428,-0.6374239897,0.9297764859,0.3681245527,0.1253332336,0.9921147013,-0.8090169944,0.5877852523,,113.8652166,,,,,,,,,,,,,,,113.8652166
1974 - Jul,201.5,103,419.6908984,328.104785,127.913678,,0.4725507649,0.8813034521,-0.5533915492,0.8329212407,-0.9955619646,-0.09410831332,-0.3875155865,-0.9218631516,0.629320391,-0.7771459615,0.9822872507,0.1873813146,0.2990407923,0.9542403285,-0.6996633405,0.7144726796,-0.9602936857,-0.278991106,-0.2079116908,-0.9781476007,0.7637960286,-0.6454576877,0.9297764859,0.3681245527,0.1149371505,0.9933727656,-0.8211492091,0.5707135677,-0.8910065242,-0.4539904997,-0.02094241988,-0.9997806835,0.8712138111,-0.4909037536,0.8443279255,0.535826795,-0.07323819713,0.9973144772,-0.9135454576,0.4067366431,,112.7634907,,,,,,,,,,,,,,,112.7634907
1974 - Aug,94.5,104,196.8658685,355.3223357,55.40486728,,0.4632960351,0.8862035792,-0.5707135677,0.8211492091,-0.9921147013,-0.1253332336,-0.3485720473,-0.9372819895,0.6691306064,-0.7431448255,0.9685831611,0.2486898872,0.2283508701,0.9735789029,-0.7569950557,0.653420604,-0.9297764859,-0.3681245527,-0.1045284633,-0.9945218954,0.8329212407,-0.5533915492,0.87630668,0.4817536741,-0.02094241988,0.9997806835,-0.8957117602,0.4446351792,-0.8090169944,-0.5877852523,0.1460830286,-0.989272333,0.9443763702,-0.3288666467,0.7289686274,0.6845471059,-0.2689198206,0.9631625668,-0.9781476007,0.2079116908,,111.6021578,,,,,,,,,,,,,,,111.6021578
1974 - Sep,12.2,105,25.42041193,176.4318194,14.4080654,,0.4539904997,0.8910065242,-0.5877852523,0.8090169944,-0.9876883406,-0.156434465,-0.3090169944,-0.9510565163,0.7071067812,-0.7071067812,0.9510565163,0.3090169944,0.156434465,0.9876883406,-0.8090169944,0.5877852523,-0.8910065242,-0.4539904997,0,-1,0.8910065242,-0.4539904997,0.8090169944,0.5877852523,-0.156434465,0.9876883406,-0.9510565163,0.3090169944,-0.7071067812,-0.7071067812,0.3090169944,-0.9510565163,0.9876883406,-0.156434465,0.5877852523,0.8090169944,-0.4539904997,0.8910065242,-1,0,,110.3858011,,,,,,,,,,,,,,,110.3858011
1974 - Oct,16.4,106,34.17832318,21.44493376,159.377145,,0.4446351792,0.8957117602,-0.6045991149,0.796529918,-0.9822872507,-0.1873813146,-0.2689198206,-0.9631625668,0.7431448255,-0.6691306064,0.9297764859,0.3681245527,0.08367784333,0.9964928592,-0.8553642602,0.5180270094,-0.8443279255,-0.535826795,0.1045284633,-0.9945218954,0.9372819895,-0.3485720473,0.7289686274,0.6845471059,-0.2890317969,0.9573194975,-0.9859960371,0.1667687467,-0.5877852523,-0.8090169944,0.4632960351,-0.8862035792,0.9997806835,0.02094241988,0.4257792916,0.9048270525,-0.6211477803,0.7836934573,-0.9781476007,-0.2079116908,,109.1192211,,,,,,,,,,,,,,,109.1192211
1974 - Nov,0,107,0,7.816028561,0,,0.4352310994,0.9003187714,-0.6211477803,0.7836934573,-0.9759167619,-0.2181432414,-0.2283508701,-0.9735789029,0.7771459615,-0.629320391,0.9048270525,0.4257792916,0.01047178412,0.9999451694,-0.8957117602,0.4446351792,-0.7901550124,-0.6129070537,0.2079116908,-0.9781476007,0.9711342799,-0.2385334576,0.6374239897,0.7705132428,-0.4162807923,0.909236109,-0.9997806835,0.02094241988,-0.4539904997,-0.8910065242,0.6045991149,-0.796529918,0.9802711746,0.1976573404,0.2486898872,0.9685831611,-0.7637960286,0.6454576877,-0.9135454576,-0.4067366431,,107.8074163,,,,,,,,,,,,,,,107.8074163
1974 - Dec,13.5,108,28.14550355,15.92515343,176.7361531,,0.4257792916,0.9048270525,-0.6374239897,0.7705132428,-0.9685831611,-0.2486898872,-0.1873813146,-0.9822872507,0.8090169944,-0.5877852523,0.87630668,0.4817536741,-0.06279051953,0.9980267284,-0.9297764859,0.3681245527,-0.7289686274,-0.6845471059,0.3090169944,-0.9510565163,0.9921147013,-0.1253332336,0.535826795,0.8443279255,-0.535826795,0.8443279255,-0.9921147013,-0.1253332336,-0.3090169944,-0.9510565163,0.7289686274,-0.6845471059,0.9297764859,0.3681245527,0.06279051953,0.9980267284,-0.87630668,0.4817536741,-0.8090169944,-0.5877852523,,106.4555639,,,,,,,,,,,,,,,106.4555639
1975 - Jan,20.3,109,42.42942678,30.9468886,137.104015,,0.4162807923,0.909236109,-0.653420604,0.7569950557,-0.9602936857,-0.278991106,-0.1460830286,-0.989272333,0.8386705679,-0.544639035,0.8443279255,0.535826795,-0.1357155724,0.9907478405,-0.9573194975,0.2890317969,-0.6613118653,-0.7501110696,0.4067366431,-0.9135454576,0.9999451694,-0.01047178412,0.4257792916,0.9048270525,-0.6454576877,0.7637960286,-0.9631625668,-0.2689198206,-0.156434465,-0.9876883406,0.8329212407,-0.5533915492,0.849892693,0.5269557955,-0.1253332336,0.9921147013,-0.9542403285,0.2990407923,-0.6691306064,-0.7431448255,,105.068999,,,,,,,,,,,,,,,105.068999
1975 - Feb,2.9,110,6.062524924,42.37818268,14.30576901,,0.4067366431,0.9135454576,-0.6691306064,0.7431448255,-0.9510565163,-0.3090169944,-0.1045284633,-0.9945218954,0.8660254038,-0.5,0.8090169944,0.5877852523,-0.2079116908,0.9781476007,-0.9781476007,0.2079116908,-0.5877852523,-0.8090169944,0.5,-0.8660254038,0.9945218954,0.1045284633,0.3090169944,0.9510565163,-0.7431448255,0.6691306064,-0.9135454576,-0.4067366431,0,-1,0.9135454576,-0.4067366431,0.7431448255,0.6691306064,-0.3090169944,0.9510565163,-0.9945218954,0.1045284633,-0.5,-0.8660254038,,103.6531937,,,,,,,,,,,,,,,103.6531937
1975 - Mar,9.3,111,19.44567024,32.90737615,59.09213225,,0.3971478906,0.9177546257,-0.6845471059,0.7289686274,-0.940880769,-0.3387379202,-0.06279051953,-0.9980267284,0.8910065242,-0.4539904997,0.7705132428,0.6374239897,-0.278991106,0.9602936857,-0.9921147013,0.1253332336,-0.5090414158,-0.860742027,0.5877852523,-0.8090169944,0.9759167619,0.2181432414,0.1873813146,0.9822872507,-0.8270805743,0.5620833779,-0.8443279255,-0.535826795,0.156434465,-0.9876883406,0.9685831611,-0.2486898872,0.6129070537,0.7901550124,-0.4817536741,0.87630668,-0.9955619646,-0.09410831332,-0.3090169944,-0.9510565163,,102.2137357,,,,,,,,,,,,,,,102.2137357
1975 - Apr,0.3,112,0.6274016667,19.73566082,3.179025382,,0.3875155865,0.9218631516,-0.6996633405,0.7144726796,-0.9297764859,-0.3681245527,-0.02094241988,-0.9997806835,0.9135454576,-0.4067366431,0.7289686274,0.6845471059,-0.3485720473,0.9372819895,-0.9991228301,0.04187565373,-0.4257792916,-0.9048270525,0.6691306064,-0.7431448255,0.9443763702,0.3288666467,0.06279051953,0.9980267284,-0.8957117602,0.4446351792,-0.7569950557,-0.653420604,0.3090169944,-0.9510565163,0.9964928592,-0.08367784333,0.4632960351,0.8862035792,-0.6374239897,0.7705132428,-0.9573194975,-0.2890317969,-0.1045284633,-0.9945218954,,100.7563056,,,,,,,,,,,,,,,100.7563056
1975 - May,5.6,113,11.71377566,45.68178879,25.64211246,,0.3778407868,0.9258705848,-0.7144726796,0.6996633405,-0.9177546257,-0.3971478906,0.02094241988,-0.9997806835,0.9335804265,-0.3583679495,0.6845471059,0.7289686274,-0.4162807923,0.909236109,-0.9991228301,-0.04187565373,-0.3387379202,-0.940880769,0.7431448255,-0.6691306064,0.9003187714,0.4352310994,-0.06279051953,0.9980267284,-0.94776841,0.3189593093,-0.653420604,-0.7569950557,0.4539904997,-0.8910065242,0.9964928592,0.08367784333,0.2990407923,0.9542403285,-0.7705132428,0.6374239897,-0.8813034521,-0.4725507649,0.1045284633,-0.9945218954,,99.28665549,,,,,,,,,,,,,,,99.28665549
1975 - Jun,57.9,114,121.1356341,123.305047,98.24061304,,0.3681245527,0.9297764859,-0.7289686274,0.6845471059,-0.9048270525,-0.4257792916,0.06279051953,-0.9980267284,0.9510565163,-0.3090169944,0.6374239897,0.7705132428,-0.4817536741,0.87630668,-0.9921147013,-0.1253332336,-0.2486898872,-0.9685831611,0.8090169944,-0.5877852523,0.8443279255,0.535826795,-0.1873813146,0.9822872507,-0.9822872507,0.1873813146,-0.535826795,-0.8443279255,0.5877852523,-0.8090169944,0.9685831611,0.2486898872,0.1253332336,0.9921147013,-0.87630668,0.4817536741,-0.7705132428,-0.6374239897,0.3090169944,-0.9510565163,,97.81058525,,,,,,,,,,,,,,,97.81058525
1975 - Jul,182.6,115,382.1013931,328.104785,116.457123,,0.3583679495,0.9335804265,-0.7431448255,0.6691306064,-0.8910065242,-0.4539904997,0.1045284633,-0.9945218954,0.9659258263,-0.2588190451,0.5877852523,0.8090169944,-0.544639035,0.8386705679,-0.9781476007,-0.2079116908,-0.156434465,-0.9876883406,0.8660254038,-0.5,0.7771459615,0.629320391,-0.3090169944,0.9510565163,-0.9986295348,0.05233595624,-0.4067366431,-0.9135454576,0.7071067812,-0.7071067812,0.9135454576,0.4067366431,-0.05233595624,0.9986295348,-0.9510565163,0.3090169944,-0.629320391,-0.7771459615,0.5,-0.8660254038,,96.3339203,,,,,,,,,,,,,,,96.3339203
1975 - Aug,180.1,116,376.9433377,355.3223357,106.0848981,,0.3485720473,0.9372819895,-0.7569950557,0.653420604,-0.87630668,-0.4817536741,0.1460830286,-0.989272333,0.9781476007,-0.2079116908,0.535826795,0.8443279255,-0.6045991149,0.796529918,-0.9573194975,-0.2890317969,-0.06279051953,-0.9980267284,0.9135454576,-0.4067366431,0.6996633405,0.7144726796,-0.4257792916,0.9048270525,-0.9964928592,-0.08367784333,-0.2689198206,-0.9631625668,0.8090169944,-0.5877852523,0.8329212407,0.5533915492,-0.2283508701,0.9735789029,-0.9921147013,0.1253332336,-0.4632960351,-0.8862035792,0.6691306064,-0.7431448255,,94.86248835,,,,,,,,,,,,,,,94.86248835
1975 - Sep,142.4,117,298.0964992,176.4318194,168.958468,,0.3387379202,0.940880769,-0.7705132428,0.6374239897,-0.860742027,-0.5090414158,0.1873813146,-0.9822872507,0.9876883406,-0.156434465,0.4817536741,0.87630668,-0.6613118653,0.7501110696,-0.9297764859,-0.3681245527,0.03141075908,-0.9995065604,0.9510565163,-0.3090169944,0.6129070537,0.7901550124,-0.535826795,0.8443279255,-0.9759167619,-0.2181432414,-0.1253332336,-0.9921147013,0.8910065242,-0.4539904997,0.7289686274,0.6845471059,-0.3971478906,0.9177546257,-0.9980267284,-0.06279051953,-0.278991106,-0.9602936857,0.8090169944,-0.5877852523,,93.40209648,,,,,,,,,,,,,,,93.40209648
1975 - Oct,20.6,118,43.13190608,21.44493376,201.1286515,,0.3288666467,0.9443763702,-0.7836934573,0.6211477803,-0.8443279255,-0.535826795,0.2283508701,-0.9735789029,0.9945218954,-0.1045284633,0.4257792916,0.9048270525,-0.7144726796,0.6996633405,-0.8957117602,-0.4446351792,0.1253332336,-0.9921147013,0.9781476007,-0.2079116908,0.5180270094,0.8553642602,-0.6374239897,0.7705132428,-0.9372819895,-0.3485720473,0.02094241988,-0.9997806835,0.9510565163,-0.3090169944,0.6045991149,0.796529918,-0.5533915492,0.8329212407,-0.9685831611,-0.2486898872,-0.08367784333,-0.9964928592,0.9135454576,-0.4067366431,,91.95850819,,,,,,,,,,,,,,,91.95850819
1975 - Nov,0,119,0,7.816028561,0,,0.3189593093,0.94776841,-0.796529918,0.6045991149,-0.8270805743,-0.5620833779,0.2689198206,-0.9631625668,0.9986295348,-0.05233595624,0.3681245527,0.9297764859,-0.7637960286,0.6454576877,-0.8553642602,-0.5180270094,0.2181432414,-0.9759167619,0.9945218954,-0.1045284633,0.4162807923,0.909236109,-0.7289686274,0.6845471059,-0.8813034521,-0.4725507649,0.1667687467,-0.9859960371,0.9876883406,-0.156434465,0.4632960351,0.8862035792,-0.6921431739,0.7217602281,-0.9048270525,-0.4257792916,0.1149371505,-0.9933727656,0.9781476007,-0.2079116908,,90.53742065,,,,,,,,,,,,,,,90.53742065
1975 - Dec,0,120,0,15.92515343,0,,0.3090169944,0.9510565163,-0.8090169944,0.5877852523,-0.8090169944,-0.5877852523,0.3090169944,-0.9510565163,1,0,0.3090169944,0.9510565163,-0.8090169944,0.5877852523,-0.8090169944,-0.5877852523,0.3090169944,-0.9510565163,1,0,0.3090169944,0.9510565163,-0.8090169944,0.5877852523,-0.8090169944,-0.5877852523,0.3090169944,-0.9510565163,1,0,0.3090169944,0.9510565163,-0.8090169944,0.5877852523,-0.8090169944,-0.5877852523,0.3090169944,-0.9510565163,1,0,,89.14444226,,,,,,,,,,,,,,,89.14444226
1976 - Jan,8.8,121,18.47924575,30.9468886,59.71277433,,0.2990407923,0.9542403285,-0.8211492091,0.5707135677,-0.7901550124,-0.6129070537,0.3485720473,-0.9372819895,0.9986295348,0.05233595624,0.2486898872,0.9685831611,-0.849892693,0.5269557955,-0.7569950557,-0.653420604,0.3971478906,-0.9177546257,0.9945218954,0.1045284633,0.1976573404,0.9802711746,-0.87630668,0.4817536741,-0.7217602281,-0.6921431739,0.4446351792,-0.8957117602,0.9876883406,0.156434465,0.1460830286,0.989272333,-0.9003187714,0.4352310994,-0.6845471059,-0.7289686274,0.4909037536,-0.8712138111,0.9781476007,0.2079116908,,87.78507046,,,,,,,,,,,,,,,87.78507046
1976 - Feb,23.1,122,48.51749356,42.37818268,114.4869612,,0.2890317969,0.9573194975,-0.8329212407,0.5533915492,-0.7705132428,-0.6374239897,0.3875155865,-0.9218631516,0.9945218954,0.1045284633,0.1873813146,0.9822872507,-0.8862035792,0.4632960351,-0.6996633405,-0.7144726796,0.4817536741,-0.87630668,0.9781476007,0.2079116908,0.08367784333,0.9964928592,-0.9297764859,0.3681245527,-0.6211477803,-0.7836934573,0.5707135677,-0.8211492091,0.9510565163,0.3090169944,-0.02094241988,0.9997806835,-0.9631625668,0.2689198206,-0.535826795,-0.8443279255,0.653420604,-0.7569950557,0.9135454576,0.4067366431,,86.46467007,,,,,,,,,,,,,,,86.46467007
1976 - Mar,6.8,123,14.28499571,32.90737615,43.40970744,,0.278991106,0.9602936857,-0.8443279255,0.535826795,-0.7501110696,-0.6613118653,0.4257792916,-0.9048270525,0.9876883406,0.156434465,0.1253332336,0.9921147013,-0.9177546257,0.3971478906,-0.6374239897,-0.7705132428,0.5620833779,-0.8270805743,0.9510565163,0.3090169944,-0.03141075908,0.9995065604,-0.9685831611,0.2486898872,-0.5090414158,-0.860742027,0.6845471059,-0.7289686274,0.8910065242,0.4539904997,-0.1873813146,0.9822872507,-0.9955619646,0.09410831332,-0.3681245527,-0.9297764859,0.7901550124,-0.6129070537,0.8090169944,0.5877852523,,85.1884521,,,,,,,,,,,,,,,85.1884521
1976 - Apr,2.7,124,5.673091746,19.73566082,28.74538531,,0.2689198206,0.9631625668,-0.8553642602,0.5180270094,-0.7289686274,-0.6845471059,0.4632960351,-0.8862035792,0.9781476007,0.2079116908,0.06279051953,0.9980267284,-0.9443763702,0.3288666467,-0.5707135677,-0.8211492091,0.6374239897,-0.7705132428,0.9135454576,0.4067366431,-0.1460830286,0.989272333,-0.9921147013,0.1253332336,-0.3875155865,-0.9218631516,0.7836934573,-0.6211477803,0.8090169944,0.5877852523,-0.3485720473,0.9372819895,-0.9964928592,-0.08367784333,-0.1873813146,-0.9822872507,0.8957117602,-0.4446351792,0.6691306064,0.7431448255,,83.96145322,,,,,,,,,,,,,,,83.96145322
1976 - May,32.4,125,68.09040399,45.68178879,149.0537166,,0.2588190451,0.9659258263,-0.8660254038,0.5,-0.7071067812,-0.7071067812,0.5,-0.8660254038,0.9659258263,0.2588190451,0,1,-0.9659258263,0.2588190451,-0.5,-0.8660254038,0.7071067812,-0.7071067812,0.8660254038,0.5,-0.2588190451,0.9659258263,-1,0,-0.2588190451,-0.9659258263,0.8660254038,-0.5,0.7071067812,0.7071067812,-0.5,0.8660254038,-0.9659258263,-0.2588190451,0,-1,0.9659258263,-0.2588190451,0.5,0.8660254038,,82.78851582,,,,,,,,,,,,,,,82.78851582
1976 - Jun,80.2,126,168.5777075,123.305047,136.7159833,,0.2486898872,0.9685831611,-0.87630668,0.4817536741,-0.6845471059,-0.7289686274,0.535826795,-0.8443279255,0.9510565163,0.3090169944,-0.06279051953,0.9980267284,-0.9822872507,0.1873813146,-0.4257792916,-0.9048270525,0.7705132428,-0.6374239897,0.8090169944,0.5877852523,-0.3681245527,0.9297764859,-0.9921147013,-0.1253332336,-0.1253332336,-0.9921147013,0.9297764859,-0.3681245527,0.5877852523,0.8090169944,-0.6374239897,0.7705132428,-0.9048270525,-0.4257792916,0.1873813146,-0.9822872507,0.9980267284,-0.06279051953,0.3090169944,0.9510565163,,81.67426895,,,,,,,,,,,,,,,81.67426895
1976 - Jul,216.2,127,454.5339801,328.104785,138.5331762,,0.2385334576,0.9711342799,-0.8862035792,0.4632960351,-0.6613118653,-0.7501110696,0.5707135677,-0.8211492091,0.9335804265,0.3583679495,-0.1253332336,0.9921147013,-0.9933727656,0.1149371505,-0.3485720473,-0.9372819895,0.8270805743,-0.5620833779,0.7431448255,0.6691306064,-0.4725507649,0.8813034521,-0.9685831611,-0.2486898872,0.01047178412,-0.9999451694,0.9735789029,-0.2283508701,0.4539904997,0.8910065242,-0.7569950557,0.653420604,-0.8151277957,-0.5792811723,0.3681245527,-0.9297764859,0.9907478405,0.1357155724,0.1045284633,0.9945218954,,80.62311003,,,,,,,,,,,,,,,80.62311003
1976 - Aug,317.4,128,667.42504,355.3223357,187.8365002,,0.2283508701,0.9735789029,-0.8957117602,0.4446351792,-0.6374239897,-0.7705132428,0.6045991149,-0.796529918,0.9135454576,0.4067366431,-0.1873813146,0.9822872507,-0.9991228301,0.04187565373,-0.2689198206,-0.9631625668,0.87630668,-0.4817536741,0.6691306064,0.7431448255,-0.5707135677,0.8211492091,-0.9297764859,-0.3681245527,0.1460830286,-0.989272333,0.9964928592,-0.08367784333,0.3090169944,0.9510565163,-0.8553642602,0.5180270094,-0.6996633405,-0.7144726796,0.535826795,-0.8443279255,0.9443763702,0.3288666467,-0.1045284633,0.9945218954,,79.63918751,,,,,,,,,,,,,,,79.63918751
1976 - Sep,38,129,79.92158617,176.4318194,45.29885053,,0.2181432414,0.9759167619,-0.9048270525,0.4257792916,-0.6129070537,-0.7901550124,0.6374239897,-0.7705132428,0.8910065242,0.4539904997,-0.2486898872,0.9685831611,-0.9995065604,-0.03141075908,-0.1873813146,-0.9822872507,0.9177546257,-0.3971478906,0.5877852523,0.8090169944,-0.6613118653,0.7501110696,-0.87630668,-0.4817536741,0.278991106,-0.9602936857,0.9980267284,0.06279051953,0.156434465,0.9876883406,-0.9297764859,0.3681245527,-0.5620833779,-0.8270805743,0.6845471059,-0.7289686274,0.860742027,0.5090414158,-0.3090169944,0.9510565163,,78.72638447,,,,,,,,,,,,,,,78.72638447
1976 - Oct,0.2,130,0.4207222055,21.44493376,1.961872255,,0.2079116908,0.9781476007,-0.9135454576,0.4067366431,-0.5877852523,-0.8090169944,0.6691306064,-0.7431448255,0.8660254038,0.5,-0.3090169944,0.9510565163,-0.9945218954,-0.1045284633,-0.1045284633,-0.9945218954,0.9510565163,-0.3090169944,0.5,0.8660254038,-0.7431448255,0.6691306064,-0.8090169944,-0.5877852523,0.4067366431,-0.9135454576,0.9781476007,0.2079116908,0,1,-0.9781476007,0.2079116908,-0.4067366431,-0.9135454576,0.8090169944,-0.5877852523,0.7431448255,0.6691306064,-0.5,0.8660254038,,77.88830335,,,,,,,,,,,,,,,77.88830335
1976 - Nov,0.1,131,0.210402258,7.816028561,2.691933075,,0.1976573404,0.9802711746,-0.9218631516,0.3875155865,-0.5620833779,-0.8270805743,0.6996633405,-0.7144726796,0.8386705679,0.544639035,-0.3681245527,0.9297764859,-0.984195608,-0.1770847403,-0.02094241988,-0.9997806835,0.9759167619,-0.2181432414,0.4067366431,0.9135454576,-0.8151277957,0.5792811723,-0.7289686274,-0.6845471059,0.5269557955,-0.849892693,0.9372819895,0.3485720473,-0.156434465,0.9876883406,-0.9991228301,0.04187565373,-0.2385334576,-0.9711342799,0.9048270525,-0.4257792916,0.596224875,0.8028174752,-0.6691306064,0.7431448255,,77.12825165,,,,,,,,,,,,,,,77.12825165
1976 - Dec,0.8,132,1.683547434,15.92515343,10.57162458,,0.1873813146,0.9822872507,-0.9297764859,0.3681245527,-0.535826795,-0.8443279255,0.7289686274,-0.6845471059,0.8090169944,0.5877852523,-0.4257792916,0.9048270525,-0.9685831611,-0.2486898872,0.06279051953,-0.9980267284,0.9921147013,-0.1253332336,0.3090169944,0.9510565163,-0.87630668,0.4817536741,-0.6374239897,-0.7705132428,0.6374239897,-0.7705132428,0.87630668,0.4817536741,-0.3090169944,0.9510565163,-0.9921147013,-0.1253332336,-0.06279051953,-0.9980267284,0.9685831611,-0.2486898872,0.4257792916,0.9048270525,-0.8090169944,0.5877852523,,76.44922896,,,,,,,,,,,,,,,76.44922896
1977 - Jan,50.1,133,105.7010434,30.9468886,341.5562863,,0.1770847403,0.984195608,-0.9372819895,0.3485720473,-0.5090414158,-0.860742027,0.7569950557,-0.653420604,0.7771459615,0.629320391,-0.4817536741,0.87630668,-0.94776841,-0.3189593093,0.1460830286,-0.989272333,0.9995065604,-0.03141075908,0.2079116908,0.9781476007,-0.9258705848,0.3778407868,-0.535826795,-0.8443279255,0.7360970871,-0.6768759697,0.796529918,0.6045991149,-0.4539904997,0.8910065242,-0.9573194975,-0.2890317969,0.1149371505,-0.9933727656,0.9980267284,-0.06279051953,0.2385334576,0.9711342799,-0.9135454576,0.4067366431,,75.85391507,,,,,,,,,,,,,,,75.85391507
1977 - Feb,1.5,134,3.165322866,42.37818268,7.46922748,,0.1667687467,0.9859960371,-0.9443763702,0.3288666467,-0.4817536741,-0.87630668,0.7836934573,-0.6211477803,0.7431448255,0.6691306064,-0.535826795,0.8443279255,-0.9218631516,-0.3875155865,0.2283508701,-0.9735789029,0.9980267284,0.06279051953,0.1045284633,0.9945218954,-0.9631625668,0.2689198206,-0.4257792916,-0.9048270525,0.8211492091,-0.5707135677,0.6996633405,0.7144726796,-0.5877852523,0.8090169944,-0.8957117602,-0.4446351792,0.2890317969,-0.9573194975,0.9921147013,0.1253332336,0.04187565373,0.9991228301,-0.9781476007,0.2079116908,,75.34465941,,,,,,,,,,,,,,,75.34465941
1977 - Mar,0.8,135,1.688503508,32.90737615,5.131079123,,0.156434465,0.9876883406,-0.9510565163,0.3090169944,-0.4539904997,-0.8910065242,0.8090169944,-0.5877852523,0.7071067812,0.7071067812,-0.5877852523,0.8090169944,-0.8910065242,-0.4539904997,0.3090169944,-0.9510565163,0.9876883406,0.156434465,0,1,-0.9876883406,0.156434465,-0.3090169944,-0.9510565163,0.8910065242,-0.4539904997,0.5877852523,0.8090169944,-0.7071067812,0.7071067812,-0.8090169944,-0.5877852523,0.4539904997,-0.8910065242,0.9510565163,0.3090169944,-0.156434465,0.9876883406,-1,0,,74.92347178,,,,,,,,,,,,,,,74.92347178
1977 - Apr,22.8,136,48.13179608,19.73566082,243.8823636,,0.1460830286,0.989272333,-0.9573194975,0.2890317969,-0.4257792916,-0.9048270525,0.8329212407,-0.5533915492,0.6691306064,0.7431448255,-0.6374239897,0.7705132428,-0.8553642602,-0.5180270094,0.3875155865,-0.9218631516,0.9685831611,0.2486898872,-0.1045284633,0.9945218954,-0.9991228301,0.04187565373,-0.1873813146,-0.9822872507,0.9443763702,-0.3288666467,0.4632960351,0.8862035792,-0.8090169944,0.5877852523,-0.6996633405,-0.7144726796,0.6045991149,-0.796529918,0.87630668,0.4817536741,-0.3485720473,0.9372819895,-0.9781476007,-0.2079116908,,74.59201442,,,,,,,,,,,,,,,74.59201442
1977 - May,23.6,137,0,45.68178879,0,,0.1357155724,0.9907478405,-0.9631625668,0.2689198206,-0.3971478906,-0.9177546257,0.8553642602,-0.5180270094,0.629320391,0.7771459615,-0.6845471059,0.7289686274,-0.8151277957,-0.5792811723,0.4632960351,-0.8862035792,0.940880769,0.3387379202,-0.2079116908,0.9781476007,-0.9973144772,-0.07323819713,-0.06279051953,-0.9980267284,0.9802711746,-0.1976573404,0.3288666467,0.9443763702,-0.8910065242,0.4539904997,-0.5707135677,-0.8211492091,0.7360970871,-0.6768759697,0.7705132428,0.6374239897,-0.5269557955,0.849892693,-0.9135454576,-0.4067366431,,74.35159543,,,,,,,,,,,,,,,74.35159543
1977 - Jun,50.6,138,0,123.305047,0,,0.1253332336,0.9921147013,-0.9685831611,0.2486898872,-0.3681245527,-0.9297764859,0.87630668,-0.4817536741,0.5877852523,0.8090169944,-0.7289686274,0.6845471059,-0.7705132428,-0.6374239897,0.535826795,-0.8443279255,0.9048270525,0.4257792916,-0.3090169944,0.9510565163,-0.9822872507,-0.1873813146,0.06279051953,-0.9980267284,0.9980267284,-0.06279051953,0.1873813146,0.9822872507,-0.9510565163,0.3090169944,-0.4257792916,-0.9048270525,0.8443279255,-0.535826795,0.6374239897,0.7705132428,-0.6845471059,0.7289686274,-0.8090169944,-0.5877852523,,74.20316364,,,,,,,,,,,,,,,74.20316364
1977 - Jul,288.4,139,0,328.104785,0,,0.1149371505,0.9933727656,-0.9735789029,0.2283508701,-0.3387379202,-0.940880769,0.8957117602,-0.4446351792,0.544639035,0.8386705679,-0.7705132428,0.6374239897,-0.7217602281,-0.6921431739,0.6045991149,-0.796529918,0.860742027,0.5090414158,-0.4067366431,0.9135454576,-0.9542403285,-0.2990407923,0.1873813146,-0.9822872507,0.9973144772,0.07323819713,0.04187565373,0.9991228301,-0.9876883406,0.156434465,-0.2689198206,-0.9631625668,0.9258705848,-0.3778407868,0.4817536741,0.87630668,-0.8151277957,0.5792811723,-0.6691306064,-0.7431448255,,74.14730485,,,,,,,,,,,,,,,74.14730485
1977 - Aug,165.7,140,0,355.3223357,0,,0.1045284633,0.9945218954,-0.9781476007,0.2079116908,-0.3090169944,-0.9510565163,0.9135454576,-0.4067366431,0.5,0.8660254038,-0.8090169944,0.5877852523,-0.6691306064,-0.7431448255,0.6691306064,-0.7431448255,0.8090169944,0.5877852523,-0.5,0.8660254038,-0.9135454576,-0.4067366431,0.3090169944,-0.9510565163,0.9781476007,0.2079116908,-0.1045284633,0.9945218954,-1,0,-0.1045284633,-0.9945218954,0.9781476007,-0.2079116908,0.3090169944,0.9510565163,-0.9135454576,0.4067366431,-0.5,-0.8660254038,,74.18423949,,,,,,,,,,,,,,,74.18423949
1977 - Sep,118.3,141,0,176.4318194,0,,0.09410831332,0.9955619646,-0.9822872507,0.1873813146,-0.278991106,-0.9602936857,0.9297764859,-0.3681245527,0.4539904997,0.8910065242,-0.8443279255,0.535826795,-0.6129070537,-0.7901550124,0.7289686274,-0.6845471059,0.7501110696,0.6613118653,-0.5877852523,0.8090169944,-0.860742027,-0.5090414158,0.4257792916,-0.9048270525,0.940880769,0.3387379202,-0.2486898872,0.9685831611,-0.9876883406,-0.156434465,0.06279051953,-0.9980267284,0.9995065604,-0.03141075908,0.1253332336,0.9921147013,-0.9759167619,0.2181432414,-0.3090169944,-0.9510565163,,74.31382182,,,,,,,,,,,,,,,74.31382182
1977 - Oct,8.4,142,0,21.44493376,0,,0.08367784333,0.9964928592,-0.9859960371,0.1667687467,-0.2486898872,-0.9685831611,0.9443763702,-0.3288666467,0.4067366431,0.9135454576,-0.87630668,0.4817536741,-0.5533915492,-0.8329212407,0.7836934573,-0.6211477803,0.6845471059,0.7289686274,-0.6691306064,0.7431448255,-0.796529918,-0.6045991149,0.535826795,-0.8443279255,0.8862035792,0.4632960351,-0.3875155865,0.9218631516,-0.9510565163,-0.3090169944,0.2283508701,-0.9735789029,0.989272333,0.1460830286,-0.06279051953,0.9980267284,-0.9997806835,0.02094241988,-0.1045284633,-0.9945218954,,74.53554042,,,,,,,,,,,,,,,74.53554042
1977 - Nov,0.5,143,0,7.816028561,0,,0.07323819713,0.9973144772,-0.989272333,0.1460830286,-0.2181432414,-0.9759167619,0.9573194975,-0.2890317969,0.3583679495,0.9335804265,-0.9048270525,0.4257792916,-0.4909037536,-0.8712138111,0.8329212407,-0.5533915492,0.6129070537,0.7901550124,-0.7431448255,0.6691306064,-0.7217602281,-0.6921431739,0.6374239897,-0.7705132428,0.8151277957,0.5792811723,-0.5180270094,0.8553642602,-0.8910065242,-0.4539904997,0.3875155865,-0.9218631516,0.94776841,0.3189593093,-0.2486898872,0.9685831611,-0.984195608,-0.1770847403,0.1045284633,-0.9945218954,,74.84852027,,,,,,,,,,,,,,,74.84852027
1977 - Dec,9.4,144,0,15.92515343,0,,0.06279051953,0.9980267284,-0.9921147013,0.1253332336,-0.1873813146,-0.9822872507,0.9685831611,-0.2486898872,0.3090169944,0.9510565163,-0.9297764859,0.3681245527,-0.4257792916,-0.9048270525,0.87630668,-0.4817536741,0.535826795,0.8443279255,-0.8090169944,0.5877852523,-0.6374239897,-0.7705132428,0.7289686274,-0.6845471059,0.7289686274,0.6845471059,-0.6374239897,0.7705132428,-0.8090169944,-0.5877852523,0.535826795,-0.8443279255,0.87630668,0.4817536741,-0.4257792916,0.9048270525,-0.9297764859,-0.3681245527,0.3090169944,-0.9510565163,,75.25152619,,,,,,,,,,,,,,,75.25152619
1978 - Jan,0.2,145,0.4239563567,30.9468886,1.369948243,,0.05233595624,0.9986295348,-0.9945218954,0.1045284633,-0.156434465,-0.9876883406,0.9781476007,-0.2079116908,0.2588190451,0.9659258263,-0.9510565163,0.3090169944,-0.3583679495,-0.9335804265,0.9135454576,-0.4067366431,0.4539904997,0.8910065242,-0.8660254038,0.5,-0.544639035,-0.8386705679,0.8090169944,-0.5877852523,0.629320391,0.7771459615,-0.7431448255,0.6691306064,-0.7071067812,-0.7071067812,0.6691306064,-0.7431448255,0.7771459615,0.629320391,-0.5877852523,0.8090169944,-0.8386705679,-0.544639035,0.5,-0.8660254038,,75.74296769,,,,,,,,,,,,,,,75.74296769
1978 - Feb,24.8,146,52.58095226,42.37818268,124.0755241,,0.04187565373,0.9991228301,-0.9964928592,0.08367784333,-0.1253332336,-0.9921147013,0.9859960371,-0.1667687467,0.2079116908,0.9781476007,-0.9685831611,0.2486898872,-0.2890317969,-0.9573194975,0.9443763702,-0.3288666467,0.3681245527,0.9297764859,-0.9135454576,0.4067366431,-0.4446351792,-0.8957117602,0.87630668,-0.4817536741,0.5180270094,0.8553642602,-0.8329212407,0.5533915492,-0.5877852523,-0.8090169944,0.7836934573,-0.6211477803,0.653420604,0.7569950557,-0.7289686274,0.6845471059,-0.7144726796,-0.6996633405,0.6691306064,-0.7431448255,,76.32090528,,,,,,,,,,,,,,,76.32090528
1978 - Mar,51.7,147,109.6359381,32.90737615,333.165238,,0.03141075908,0.9995065604,-0.9980267284,0.06279051953,-0.09410831332,-0.9955619646,0.9921147013,-0.1253332336,0.156434465,0.9876883406,-0.9822872507,0.1873813146,-0.2181432414,-0.9759167619,0.9685831611,-0.2486898872,0.278991106,0.9602936857,-0.9510565163,0.3090169944,-0.3387379202,-0.940880769,0.9297764859,-0.3681245527,0.3971478906,0.9177546257,-0.9048270525,0.4257792916,-0.4539904997,-0.8910065242,0.87630668,-0.4817536741,0.5090414158,0.860742027,-0.8443279255,0.535826795,-0.5620833779,-0.8270805743,0.8090169944,-0.5877852523,,76.9830581,,,,,,,,,,,,,,,76.9830581
1978 - Apr,4.2,148,8.908351165,19.73566082,45.13834751,,0.02094241988,0.9997806835,-0.9991228301,0.04187565373,-0.06279051953,-0.9980267284,0.9964928592,-0.08367784333,0.1045284633,0.9945218954,-0.9921147013,0.1253332336,-0.1460830286,-0.989272333,0.9859960371,-0.1667687467,0.1873813146,0.9822872507,-0.9781476007,0.2079116908,-0.2283508701,-0.9735789029,0.9685831611,-0.2486898872,0.2689198206,0.9631625668,-0.9573194975,0.2890317969,-0.3090169944,-0.9510565163,0.9443763702,-0.3288666467,0.3485720473,0.9372819895,-0.9297764859,0.3681245527,-0.3875155865,-0.9218631516,0.9135454576,-0.4067366431,,77.72681295,,,,,,,,,,,,,,,77.72681295
1978 - May,1.5,149,3.182181586,45.68178879,6.965974123,,0.01047178412,0.9999451694,-0.9997806835,0.02094241988,-0.03141075908,-0.9995065604,0.9991228301,-0.04187565373,0.05233595624,0.9986295348,-0.9980267284,0.06279051953,-0.07323819713,-0.9973144772,0.9964928592,-0.08367784333,0.09410831332,0.9955619646,-0.9945218954,0.1045284633,-0.1149371505,-0.9933727656,0.9921147013,-0.1253332336,0.1357155724,0.9907478405,-0.989272333,0.1460830286,-0.156434465,-0.9876883406,0.9859960371,-0.1667687467,0.1770847403,0.984195608,-0.9822872507,0.1873813146,-0.1976573404,-0.9802711746,0.9781476007,-0.2079116908,,78.54923455,,,,,,,,,,,,,,,78.54923455
1978 - Jun,71.5,150,151.7139163,123.305047,123.0395024,,0,1,-1,0,0,-1,1,0,0,1,-1,0,0,-1,1,0,0,1,-1,0,0,-1,1,0,0,1,-1,0,0,-1,1,0,0,1,-1,0,0,-1,1,0,,79.44707719,,,,,,,,,,,,,,,79.44707719
1978 - Jul,202.7,151,430.1885245,328.104785,131.1131517,,-0.01047178412,0.9999451694,-0.9997806835,-0.02094241988,0.03141075908,-0.9995065604,0.9991228301,0.04187565373,-0.05233595624,0.9986295348,-0.9980267284,-0.06279051953,0.07323819713,-0.9973144772,0.9964928592,0.08367784333,-0.09410831332,0.9955619646,-0.9945218954,-0.1045284633,0.1149371505,-0.9933727656,0.9921147013,0.1253332336,-0.1357155724,0.9907478405,-0.989272333,-0.1460830286,0.156434465,-0.9876883406,0.9859960371,0.1667687467,-0.1770847403,0.984195608,-0.9822872507,-0.1873813146,0.1976573404,-0.9802711746,0.9781476007,0.2079116908,,80.41679749,,,,,,,,,,,,,,,80.41679749
1978 - Aug,184.8,152,392.2769151,355.3223357,110.4002973,,-0.02094241988,0.9997806835,-0.9991228301,-0.04187565373,0.06279051953,-0.9980267284,0.9964928592,0.08367784333,-0.1045284633,0.9945218954,-0.9921147013,-0.1253332336,0.1460830286,-0.989272333,0.9859960371,0.1667687467,-0.1873813146,0.9822872507,-0.9781476007,-0.2079116908,0.2283508701,-0.9735789029,0.9685831611,0.2486898872,-0.2689198206,0.9631625668,-0.9573194975,-0.2890317969,0.3090169944,-0.9510565163,0.9443763702,0.3288666467,-0.3485720473,0.9372819895,-0.9297764859,-0.3681245527,0.3875155865,-0.9218631516,0.9135454576,0.4067366431,,81.45456841,,,,,,,,,,,,,,,81.45456841
1978 - Sep,104.5,153,221.8670473,176.4318194,125.7522867,,-0.03141075908,0.9995065604,-0.9980267284,-0.06279051953,0.09410831332,-0.9955619646,0.9921147013,0.1253332336,-0.156434465,0.9876883406,-0.9822872507,-0.1873813146,0.2181432414,-0.9759167619,0.9685831611,0.2486898872,-0.278991106,0.9602936857,-0.9510565163,-0.3090169944,0.3387379202,-0.940880769,0.9297764859,0.3681245527,-0.3971478906,0.9177546257,-0.9048270525,-0.4257792916,0.4539904997,-0.8910065242,0.87630668,0.4817536741,-0.5090414158,0.860742027,-0.8443279255,-0.535826795,0.5620833779,-0.8270805743,0.8090169944,0.5877852523,,82.55629434,,,,,,,,,,,,,,,82.55629434
1978 - Oct,2.1,154,4.459452617,21.44493376,20.7949004,,-0.04187565373,0.9991228301,-0.9964928592,-0.08367784333,0.1253332336,-0.9921147013,0.9859960371,0.1667687467,-0.2079116908,0.9781476007,-0.9685831611,-0.2486898872,0.2890317969,-0.9573194975,0.9443763702,0.3288666467,-0.3681245527,0.9297764859,-0.9135454576,-0.4067366431,0.4446351792,-0.8957117602,0.87630668,0.4817536741,-0.5180270094,0.8553642602,-0.8329212407,-0.5533915492,0.5877852523,-0.8090169944,0.7836934573,0.6211477803,-0.653420604,0.7569950557,-0.7289686274,-0.6845471059,0.7144726796,-0.6996633405,0.6691306064,0.7431448255,,83.71762727,,,,,,,,,,,,,,,83.71762727
1978 - Nov,2.8,155,5.947111119,7.816028561,76.08865643,,-0.05233595624,0.9986295348,-0.9945218954,-0.1045284633,0.156434465,-0.9876883406,0.9781476007,0.2079116908,-0.2588190451,0.9659258263,-0.9510565163,-0.3090169944,0.3583679495,-0.9335804265,0.9135454576,0.4067366431,-0.4539904997,0.8910065242,-0.8660254038,-0.5,0.544639035,-0.8386705679,0.8090169944,0.5877852523,-0.629320391,0.7771459615,-0.7431448255,-0.6691306064,0.7071067812,-0.7071067812,0.6691306064,0.7431448255,-0.7771459615,0.629320391,-0.5877852523,-0.8090169944,0.8386705679,-0.544639035,0.5,0.8660254038,,84.93398395,,,,,,,,,,,,,,,84.93398395
1978 - Dec,0.5,156,1.062193907,15.92515343,6.669913173,,-0.06279051953,0.9980267284,-0.9921147013,-0.1253332336,0.1873813146,-0.9822872507,0.9685831611,0.2486898872,-0.3090169944,0.9510565163,-0.9297764859,-0.3681245527,0.4257792916,-0.9048270525,0.87630668,0.4817536741,-0.535826795,0.8443279255,-0.8090169944,-0.5877852523,0.6374239897,-0.7705132428,0.7289686274,0.6845471059,-0.7289686274,0.6845471059,-0.6374239897,-0.7705132428,0.8090169944,-0.5877852523,0.535826795,0.8443279255,-0.87630668,0.4817536741,-0.4257792916,-0.9048270525,0.9297764859,-0.3681245527,0.3090169944,0.9510565163,,86.20056398,,,,,,,,,,,,,,,86.20056398
1979 - Jan,23.2,157,49.4126865,30.9468886,159.6693197,,-0.07323819713,0.9973144772,-0.989272333,-0.1460830286,0.2181432414,-0.9759167619,0.9573194975,0.2890317969,-0.3583679495,0.9335804265,-0.9048270525,-0.4257792916,0.4909037536,-0.8712138111,0.8329212407,0.5533915492,-0.6129070537,0.7901550124,-0.7431448255,-0.6691306064,0.7217602281,-0.6921431739,0.6374239897,0.7705132428,-0.8151277957,0.5792811723,-0.5180270094,-0.8553642602,0.8910065242,-0.4539904997,0.3875155865,0.9218631516,-0.94776841,0.3189593093,-0.2486898872,-0.9685831611,0.984195608,-0.1770847403,0.1045284633,0.9945218954,,87.51236875,,,,,,,,,,,,,,,87.51236875
1979 - Feb,45.5,158,96.9276974,42.37818268,228.7207504,,-0.08367784333,0.9964928592,-0.9859960371,-0.1667687467,0.2486898872,-0.9685831611,0.9443763702,0.3288666467,-0.4067366431,0.9135454576,-0.87630668,-0.4817536741,0.5533915492,-0.8329212407,0.7836934573,0.6211477803,-0.6845471059,0.7289686274,-0.6691306064,-0.7431448255,0.796529918,-0.6045991149,0.535826795,0.8443279255,-0.8862035792,0.4632960351,-0.3875155865,-0.9218631516,0.9510565163,-0.3090169944,0.2283508701,0.9735789029,-0.989272333,0.1460830286,-0.06279051953,-0.9980267284,0.9997806835,0.02094241988,-0.1045284633,0.9945218954,,88.86422115,,,,,,,,,,,,,,,88.86422115
1979 - Mar,10.7,159,22.79850196,32.90737615,69.28082585,,-0.09410831332,0.9955619646,-0.9822872507,-0.1873813146,0.278991106,-0.9602936857,0.9297764859,0.3681245527,-0.4539904997,0.8910065242,-0.8443279255,-0.535826795,0.6129070537,-0.7901550124,0.7289686274,0.6845471059,-0.7501110696,0.6613118653,-0.5877852523,-0.8090169944,0.860742027,-0.5090414158,0.4257792916,0.9048270525,-0.940880769,0.3387379202,-0.2486898872,-0.9685831611,0.9876883406,-0.156434465,0.06279051953,0.9980267284,-0.9995065604,-0.03141075908,0.1253332336,-0.9921147013,0.9759167619,0.2181432414,-0.3090169944,0.9510565163,,90.25078605,,,,,,,,,,,,,,,90.25078605
1979 - Apr,3.5,160,7.458931688,19.73566082,37.7941826,,-0.1045284633,0.9945218954,-0.9781476007,-0.2079116908,0.3090169944,-0.9510565163,0.9135454576,0.4067366431,-0.5,0.8660254038,-0.8090169944,-0.5877852523,0.6691306064,-0.7431448255,0.6691306064,0.7431448255,-0.8090169944,0.5877852523,-0.5,-0.8660254038,0.9135454576,-0.4067366431,0.3090169944,0.9510565163,-0.9781476007,0.2079116908,-0.1045284633,-0.9945218954,1,0,-0.1045284633,0.9945218954,-0.9781476007,-0.2079116908,0.3090169944,-0.9510565163,0.9135454576,0.4067366431,-0.5,0.8660254038,,91.66659131,,,,,,,,,,,,,,,91.66659131
1979 - May,30,161,63.94637184,45.68178879,139.9821976,,-0.1149371505,0.9933727656,-0.9735789029,-0.2283508701,0.3387379202,-0.940880769,0.8957117602,0.4446351792,-0.544639035,0.8386705679,-0.7705132428,-0.6374239897,0.7217602281,-0.6921431739,0.6045991149,0.796529918,-0.860742027,0.5090414158,-0.4067366431,-0.9135454576,0.9542403285,-0.2990407923,0.1873813146,0.9822872507,-0.9973144772,0.07323819713,0.04187565373,-0.9991228301,0.9876883406,0.156434465,-0.2689198206,0.9631625668,-0.9258705848,-0.3778407868,0.4817536741,-0.87630668,0.8151277957,0.5792811723,-0.6691306064,0.7431448255,,93.10604939,,,,,,,,,,,,,,,93.10604939
1979 - Jun,33.6,162,71.63413436,123.305047,58.09505457,,-0.1253332336,0.9921147013,-0.9685831611,-0.2486898872,0.3681245527,-0.9297764859,0.87630668,0.4817536741,-0.5877852523,0.8090169944,-0.7289686274,-0.6845471059,0.7705132428,-0.6374239897,0.535826795,0.8443279255,-0.9048270525,0.4257792916,-0.3090169944,-0.9510565163,0.9822872507,-0.1873813146,0.06279051953,0.9980267284,-0.9980267284,-0.06279051953,0.1873813146,-0.9822872507,0.9510565163,0.3090169944,-0.4257792916,0.9048270525,-0.8443279255,-0.535826795,0.6374239897,-0.7705132428,0.6845471059,0.7289686274,-0.8090169944,0.5877852523,,94.56347941,,,,,,,,,,,,,,,94.56347941
1979 - Jul,122.7,163,261.6443767,328.104785,79.74415146,,-0.1357155724,0.9907478405,-0.9631625668,-0.2689198206,0.3971478906,-0.9177546257,0.8553642602,0.5180270094,-0.629320391,0.7771459615,-0.6845471059,-0.7289686274,0.8151277957,-0.5792811723,0.4632960351,0.8862035792,-0.940880769,0.3387379202,-0.2079116908,-0.9781476007,0.9973144772,-0.07323819713,-0.06279051953,0.9980267284,-0.9802711746,-0.1976573404,0.3288666467,-0.9443763702,0.8910065242,0.4539904997,-0.5707135677,0.8211492091,-0.7360970871,-0.6768759697,0.7705132428,-0.6374239897,0.5269557955,0.849892693,-0.9135454576,0.4067366431,,96.03312956,,,,,,,,,,,,,,,96.03312956
1979 - Aug,39.7,164,84.67271182,355.3223357,23.82983092,,-0.1460830286,0.989272333,-0.9573194975,-0.2890317969,0.4257792916,-0.9048270525,0.8329212407,0.5533915492,-0.6691306064,0.7431448255,-0.6374239897,-0.7705132428,0.8553642602,-0.5180270094,0.3875155865,0.9218631516,-0.9685831611,0.2486898872,-0.1045284633,-0.9945218954,0.9991228301,0.04187565373,-0.1873813146,0.9822872507,-0.9443763702,-0.3288666467,0.4632960351,-0.8862035792,0.8090169944,0.5877852523,-0.6996633405,0.7144726796,-0.6045991149,-0.796529918,0.87630668,-0.4817536741,0.3485720473,0.9372819895,-0.9781476007,0.2079116908,,97.5091998,,,,,,,,,,,,,,,97.5091998
1979 - Sep,19.9,165,42.45141548,176.4318194,24.06108809,,-0.156434465,0.9876883406,-0.9510565163,-0.3090169944,0.4539904997,-0.8910065242,0.8090169944,0.5877852523,-0.7071067812,0.7071067812,-0.5877852523,-0.8090169944,0.8910065242,-0.4539904997,0.3090169944,0.9510565163,-0.9876883406,0.156434465,0,-1,0.9876883406,0.156434465,-0.3090169944,0.9510565163,-0.8910065242,-0.4539904997,0.5877852523,-0.8090169944,0.7071067812,0.7071067812,-0.8090169944,0.5877852523,-0.4539904997,-0.8910065242,0.9510565163,-0.3090169944,0.156434465,0.9876883406,-1,0,,98.98586475,,,,,,,,,,,,,,,98.98586475
1979 - Oct,3.6,166,7.68117667,21.44493376,35.81814127,,-0.1667687467,0.9859960371,-0.9443763702,-0.3288666467,0.4817536741,-0.87630668,0.7836934573,0.6211477803,-0.7431448255,0.6691306064,-0.535826795,-0.8443279255,0.9218631516,-0.3875155865,0.2283508701,0.9735789029,-0.9980267284,0.06279051953,0.1045284633,-0.9945218954,0.9631625668,0.2689198206,-0.4257792916,0.9048270525,-0.8211492091,-0.5707135677,0.6996633405,-0.7144726796,0.5877852523,0.8090169944,-0.8957117602,0.4446351792,-0.2890317969,-0.9573194975,0.9921147013,-0.1253332336,-0.04187565373,0.9991228301,-0.9781476007,-0.2079116908,,100.4572967,,,,,,,,,,,,,,,100.4572967
1979 - Nov,2.8,167,5.975434027,7.816028561,76.451026,,-0.1770847403,0.984195608,-0.9372819895,-0.3485720473,0.5090414158,-0.860742027,0.7569950557,0.653420604,-0.7771459615,0.629320391,-0.4817536741,-0.87630668,0.94776841,-0.3189593093,0.1460830286,0.989272333,-0.9995065604,-0.03141075908,0.2079116908,-0.9781476007,0.9258705848,0.3778407868,-0.535826795,0.8443279255,-0.7360970871,-0.6768759697,0.796529918,-0.6045991149,0.4539904997,0.8910065242,-0.9573194975,0.2890317969,-0.1149371505,-0.9933727656,0.9980267284,0.06279051953,-0.2385334576,0.9711342799,-0.9135454576,-0.4067366431,,101.9176886,,,,,,,,,,,,,,,101.9176886
1979 - Dec,6.3,168,13.44739501,15.92515343,84.44122729,,-0.1873813146,0.9822872507,-0.9297764859,-0.3681245527,0.535826795,-0.8443279255,0.7289686274,0.6845471059,-0.8090169944,0.5877852523,-0.4257792916,-0.9048270525,0.9685831611,-0.2486898872,0.06279051953,0.9980267284,-0.9921147013,-0.1253332336,0.3090169944,-0.9510565163,0.87630668,0.4817536741,-0.6374239897,0.7705132428,-0.6374239897,-0.7705132428,0.87630668,-0.4817536741,0.3090169944,0.9510565163,-0.9921147013,0.1253332336,0.06279051953,-0.9980267284,0.9685831611,0.2486898872,-0.4257792916,0.9048270525,-0.8090169944,-0.5877852523,,103.3612769,,,,,,,,,,,,,,,103.3612769
1980 - Jan,5.8,169,12.41216707,30.9468886,40.10796443,,-0.1976573404,0.9802711746,-0.9218631516,-0.3875155865,0.5620833779,-0.8270805743,0.6996633405,0.7144726796,-0.8386705679,0.544639035,-0.3681245527,-0.9297764859,0.984195608,-0.1770847403,-0.02094241988,0.9997806835,-0.9759167619,-0.2181432414,0.4067366431,-0.9135454576,0.8151277957,0.5792811723,-0.7289686274,0.6845471059,-0.5269557955,-0.849892693,0.9372819895,-0.3485720473,0.156434465,0.9876883406,-0.9991228301,-0.04187565373,0.2385334576,-0.9711342799,0.9048270525,0.4257792916,-0.596224875,0.8028174752,-0.6691306064,-0.7431448255,,104.7823644,,,,,,,,,,,,,,,104.7823644
1980 - Feb,2.3,170,4.923045883,42.37818268,11.61693487,,-0.2079116908,0.9781476007,-0.9135454576,-0.4067366431,0.5877852523,-0.8090169944,0.6691306064,0.7431448255,-0.8660254038,0.5,-0.3090169944,-0.9510565163,0.9945218954,-0.1045284633,-0.1045284633,0.9945218954,-0.9510565163,-0.3090169944,0.5,-0.8660254038,0.7431448255,0.6691306064,-0.8090169944,0.5877852523,-0.4067366431,-0.9135454576,0.9781476007,-0.2079116908,0,1,-0.9781476007,-0.2079116908,0.4067366431,-0.9135454576,0.8090169944,0.5877852523,-0.7431448255,0.6691306064,-0.5,-0.8660254038,,106.1753428,,,,,,,,,,,,,,,106.1753428
1980 - Mar,22,171,47.09937821,32.90737615,143.1271153,,-0.2181432414,0.9759167619,-0.9048270525,-0.4257792916,0.6129070537,-0.7901550124,0.6374239897,0.7705132428,-0.8910065242,0.4539904997,-0.2486898872,-0.9685831611,0.9995065604,-0.03141075908,-0.1873813146,0.9822872507,-0.9177546257,-0.3971478906,0.5877852523,-0.8090169944,0.6613118653,0.7501110696,-0.87630668,0.4817536741,-0.278991106,-0.9602936857,0.9980267284,-0.06279051953,-0.156434465,0.9876883406,-0.9297764859,-0.3681245527,0.5620833779,-0.8270805743,0.6845471059,0.7289686274,-0.860742027,0.5090414158,-0.3090169944,-0.9510565163,,107.5347146,,,,,,,,,,,,,,,107.5347146
1980 - Apr,0.4,172,0.8565228375,19.73566082,4.339975465,,-0.2283508701,0.9735789029,-0.8957117602,-0.4446351792,0.6374239897,-0.7705132428,0.6045991149,0.796529918,-0.9135454576,0.4067366431,-0.1873813146,-0.9822872507,0.9991228301,0.04187565373,-0.2689198206,0.9631625668,-0.87630668,-0.4817536741,0.6691306064,-0.7431448255,0.5707135677,0.8211492091,-0.9297764859,0.3681245527,-0.1460830286,-0.989272333,0.9964928592,0.08367784333,-0.3090169944,0.9510565163,-0.8553642602,-0.5180270094,0.6996633405,-0.7144726796,0.535826795,0.8443279255,-0.9443763702,0.3288666467,-0.1045284633,-0.9945218954,,108.855115,,,,,,,,,,,,,,,108.855115
1980 - May,8.9,173,19.06142841,45.68178879,41.7265368,,-0.2385334576,0.9711342799,-0.8862035792,-0.4632960351,0.6613118653,-0.7501110696,0.5707135677,0.8211492091,-0.9335804265,0.3583679495,-0.1253332336,-0.9921147013,0.9933727656,0.1149371505,-0.3485720473,0.9372819895,-0.8270805743,-0.5620833779,0.7431448255,-0.6691306064,0.4725507649,0.8813034521,-0.9685831611,0.2486898872,-0.01047178412,-0.9999451694,0.9735789029,0.2283508701,-0.4539904997,0.8910065242,-0.7569950557,-0.653420604,0.8151277957,-0.5792811723,0.3681245527,0.9297764859,-0.9907478405,0.1357155724,0.1045284633,-0.9945218954,,110.1313329,,,,,,,,,,,,,,,110.1313329
1980 - Jun,45.5,174,97.46828614,123.305047,79.0464693,,-0.2486898872,0.9685831611,-0.87630668,-0.4817536741,0.6845471059,-0.7289686274,0.535826795,0.8443279255,-0.9510565163,0.3090169944,-0.06279051953,-0.9980267284,0.9822872507,0.1873813146,-0.4257792916,0.9048270525,-0.7705132428,-0.6374239897,0.8090169944,-0.5877852523,0.3681245527,0.9297764859,-0.9921147013,0.1253332336,0.1253332336,-0.9921147013,0.9297764859,0.3681245527,-0.5877852523,0.8090169944,-0.6374239897,-0.7705132428,0.9048270525,-0.4257792916,0.1873813146,0.9822872507,-0.9980267284,-0.06279051953,0.3090169944,-0.9510565163,,111.3583318,,,,,,,,,,,,,,,111.3583318
1980 - Jul,236.5,175,506.7218043,328.104785,154.4390169,,-0.2588190451,0.9659258263,-0.8660254038,-0.5,0.7071067812,-0.7071067812,0.5,0.8660254038,-0.9659258263,0.2588190451,0,-1,0.9659258263,0.2588190451,-0.5,0.8660254038,-0.7071067812,-0.7071067812,0.8660254038,-0.5,0.2588190451,0.9659258263,-1,0,0.2588190451,-0.9659258263,0.8660254038,0.5,-0.7071067812,0.7071067812,-0.5,-0.8660254038,0.9659258263,-0.2588190451,0,1,-0.9659258263,-0.2588190451,0.5,-0.8660254038,,112.5312692,,,,,,,,,,,,,,,112.5312692
1980 - Aug,102,176,218.5874133,355.3223357,61.51806158,,-0.2689198206,0.9631625668,-0.8553642602,-0.5180270094,0.7289686274,-0.6845471059,0.4632960351,0.8862035792,-0.9781476007,0.2079116908,0.06279051953,-0.9980267284,0.9443763702,0.3288666467,-0.5707135677,0.8211492091,-0.6374239897,-0.7705132428,0.9135454576,-0.4067366431,0.1460830286,0.989272333,-0.9921147013,-0.1253332336,0.3875155865,-0.9218631516,0.7836934573,0.6211477803,-0.8090169944,0.5877852523,-0.3485720473,-0.9372819895,0.9964928592,-0.08367784333,-0.1873813146,0.9822872507,-0.8957117602,-0.4446351792,0.6691306064,-0.7431448255,,113.6455161,,,,,,,,,,,,,,,113.6455161
1980 - Sep,50.2,177,107.6007368,176.4318194,60.98714911,,-0.278991106,0.9602936857,-0.8443279255,-0.535826795,0.7501110696,-0.6613118653,0.4257792916,0.9048270525,-0.9876883406,0.156434465,0.1253332336,-0.9921147013,0.9177546257,0.3971478906,-0.6374239897,0.7705132428,-0.5620833779,-0.8270805743,0.9510565163,-0.3090169944,0.03141075908,0.9995065604,-0.9685831611,-0.2486898872,0.5090414158,-0.860742027,0.6845471059,0.7289686274,-0.8910065242,0.4539904997,-0.1873813146,-0.9822872507,0.9955619646,0.09410831332,-0.3681245527,0.9297764859,-0.7901550124,-0.6129070537,0.8090169944,-0.5877852523,,114.696675,,,,,,,,,,,,,,,114.696675
1980 - Oct,13.4,178,28.72783466,21.44493376,133.9609391,,-0.2890317969,0.9573194975,-0.8329212407,-0.5533915492,0.7705132428,-0.6374239897,0.3875155865,0.9218631516,-0.9945218954,0.1045284633,0.1873813146,-0.9822872507,0.8862035792,0.4632960351,-0.6996633405,0.7144726796,-0.4817536741,-0.87630668,0.9781476007,-0.2079116908,-0.08367784333,0.9964928592,-0.9297764859,-0.3681245527,0.6211477803,-0.7836934573,0.5707135677,0.8211492091,-0.9510565163,0.3090169944,-0.02094241988,-0.9997806835,0.9631625668,0.2689198206,-0.535826795,0.8443279255,-0.653420604,-0.7569950557,0.9135454576,-0.4067366431,,115.6805975,,,,,,,,,,,,,,,115.6805975
1980 - Nov,4.9,179,10.507049,7.816028561,134.4295113,,-0.2990407923,0.9542403285,-0.8211492091,-0.5707135677,0.7901550124,-0.6129070537,0.3485720473,0.9372819895,-0.9986295348,0.05233595624,0.2486898872,-0.9685831611,0.849892693,0.5269557955,-0.7569950557,0.653420604,-0.3971478906,-0.9177546257,0.9945218954,-0.1045284633,-0.1976573404,0.9802711746,-0.87630668,-0.4817536741,0.7217602281,-0.6921431739,0.4446351792,0.8957117602,-0.9876883406,0.156434465,0.1460830286,-0.989272333,0.9003187714,0.4352310994,-0.6845471059,0.7289686274,-0.4909037536,-0.8712138111,0.9781476007,-0.2079116908,,116.5934006,,,,,,,,,,,,,,,116.5934006
1980 - Dec,21.4,180,45.89707951,15.92515343,288.2049438,,-0.3090169944,0.9510565163,-0.8090169944,-0.5877852523,0.8090169944,-0.5877852523,0.3090169944,0.9510565163,-1,0,0.3090169944,-0.9510565163,0.8090169944,0.5877852523,-0.8090169944,0.5877852523,-0.3090169944,-0.9510565163,1,0,-0.3090169944,0.9510565163,-0.8090169944,-0.5877852523,0.8090169944,-0.5877852523,0.3090169944,0.9510565163,-1,0,0.3090169944,-0.9510565163,0.8090169944,0.5877852523,-0.8090169944,0.5877852523,-0.3090169944,-0.9510565163,1,0,,117.4314817,,,,,,,,,,,,,,,117.4314817
1981 - Jan,25.7,181,55.26265997,30.9468886,178.5725883,,-0.3189593093,0.94776841,-0.796529918,-0.6045991149,0.8270805743,-0.5620833779,0.2689198206,0.9631625668,-0.9986295348,-0.05233595624,0.3681245527,-0.9297764859,0.7637960286,0.6454576877,-0.8553642602,0.5180270094,-0.2181432414,-0.9759167619,0.9945218954,0.1045284633,-0.4162807923,0.909236109,-0.7289686274,-0.6845471059,0.8813034521,-0.4725507649,0.1667687467,0.9859960371,-0.9876883406,-0.156434465,0.4632960351,-0.8862035792,0.6921431739,0.7217602281,-0.9048270525,0.4257792916,-0.1149371505,-0.9933727656,0.9781476007,0.2079116908,,118.1915334,,,,,,,,,,,,,,,118.1915334
1981 - Feb,13.3,182,28.60468343,42.37818268,67.49860808,,-0.3288666467,0.9443763702,-0.7836934573,-0.6211477803,0.8443279255,-0.535826795,0.2283508701,0.9735789029,-0.9945218954,-0.1045284633,0.4257792916,-0.9048270525,0.7144726796,0.6996633405,-0.8957117602,0.4446351792,-0.1253332336,-0.9921147013,0.9781476007,0.2079116908,-0.5180270094,0.8553642602,-0.6374239897,-0.7705132428,0.9372819895,-0.3485720473,0.02094241988,0.9997806835,-0.9510565163,-0.3090169944,0.6045991149,-0.796529918,0.5533915492,0.8329212407,-0.9685831611,0.2486898872,0.08367784333,-0.9964928592,0.9135454576,0.4067366431,,118.8705561,,,,,,,,,,,,,,,118.8705561
1981 - Mar,34.6,183,74.43007629,32.90737615,226.1805255,,-0.3387379202,0.940880769,-0.7705132428,-0.6374239897,0.860742027,-0.5090414158,0.1873813146,0.9822872507,-0.9876883406,-0.156434465,0.4817536741,-0.87630668,0.6613118653,0.7501110696,-0.9297764859,0.3681245527,-0.03141075908,-0.9995065604,0.9510565163,0.3090169944,-0.6129070537,0.7901550124,-0.535826795,-0.8443279255,0.9759167619,-0.2181432414,-0.1253332336,0.9921147013,-0.8910065242,-0.4539904997,0.7289686274,-0.6845471059,0.3971478906,0.9177546257,-0.9980267284,0.06279051953,0.278991106,-0.9602936857,0.8090169944,0.5877852523,,119.46587,,,,,,,,,,,,,,,119.46587
1981 - Apr,0.5,184,1.075794322,19.73566082,5.451017482,,-0.3485720473,0.9372819895,-0.7569950557,-0.653420604,0.87630668,-0.4817536741,0.1460830286,0.989272333,-0.9781476007,-0.2079116908,0.535826795,-0.8443279255,0.6045991149,0.796529918,-0.9573194975,0.2890317969,0.06279051953,-0.9980267284,0.9135454576,0.4067366431,-0.6996633405,0.7144726796,-0.4257792916,-0.9048270525,0.9964928592,-0.08367784333,-0.2689198206,0.9631625668,-0.8090169944,-0.5877852523,0.8329212407,-0.5533915492,0.2283508701,0.9735789029,-0.9921147013,-0.1253332336,0.4632960351,-0.8862035792,0.6691306064,0.7431448255,,119.9751256,,,,,,,,,,,,,,,119.9751256
1981 - May,18,185,38.73634531,45.68178879,84.79603434,,-0.3583679495,0.9335804265,-0.7431448255,-0.6691306064,0.8910065242,-0.4539904997,0.1045284633,0.9945218954,-0.9659258263,-0.2588190451,0.5877852523,-0.8090169944,0.544639035,0.8386705679,-0.9781476007,0.2079116908,0.156434465,-0.9876883406,0.8660254038,0.5,-0.7771459615,0.629320391,-0.3090169944,-0.9510565163,0.9986295348,0.05233595624,-0.4067366431,0.9135454576,-0.7071067812,-0.7071067812,0.9135454576,-0.4067366431,0.05233595624,0.9986295348,-0.9510565163,-0.3090169944,0.629320391,-0.7771459615,0.5,0.8660254038,,120.3963133,,,,,,,,,,,,,,,120.3963133
1981 - Jun,63.3,186,136.2500785,123.305047,110.4983793,,-0.3681245527,0.9297764859,-0.7289686274,-0.6845471059,0.9048270525,-0.4257792916,0.06279051953,0.9980267284,-0.9510565163,-0.3090169944,0.6374239897,-0.7705132428,0.4817536741,0.87630668,-0.9921147013,0.1253332336,0.2486898872,-0.9685831611,0.8090169944,0.5877852523,-0.8443279255,0.535826795,-0.1873813146,-0.9822872507,0.9822872507,0.1873813146,-0.535826795,0.8443279255,-0.5877852523,-0.8090169944,0.9685831611,-0.2486898872,-0.1253332336,0.9921147013,-0.87630668,-0.4817536741,0.7705132428,-0.6374239897,0.3090169944,0.9510565163,,120.7277706,,,,,,,,,,,,,,,120.7277706
1981 - Jul,196.7,187,423.4716501,328.104785,129.0659781,,-0.3778407868,0.9258705848,-0.7144726796,-0.6996633405,0.9177546257,-0.3971478906,0.02094241988,0.9997806835,-0.9335804265,-0.3583679495,0.6845471059,-0.7289686274,0.4162807923,0.909236109,-0.9991228301,0.04187565373,0.3387379202,-0.940880769,0.7431448255,0.6691306064,-0.9003187714,0.4352310994,-0.06279051953,-0.9980267284,0.94776841,0.3189593093,-0.653420604,0.7569950557,-0.4539904997,-0.8910065242,0.9964928592,-0.08367784333,-0.2990407923,0.9542403285,-0.7705132428,-0.6374239897,0.8813034521,-0.4725507649,0.1045284633,0.9945218954,,120.9681896,,,,,,,,,,,,,,,120.9681896
1981 - Aug,63.7,188,137.1659643,355.3223357,38.60324852,,-0.3875155865,0.9218631516,-0.6996633405,-0.7144726796,0.9297764859,-0.3681245527,-0.02094241988,0.9997806835,-0.9135454576,-0.4067366431,0.7289686274,-0.6845471059,0.3485720473,0.9372819895,-0.9991228301,-0.04187565373,0.4257792916,-0.9048270525,0.6691306064,0.7431448255,-0.9443763702,0.3288666467,0.06279051953,-0.9980267284,0.8957117602,0.4446351792,-0.7569950557,0.653420604,-0.3090169944,-0.9510565163,0.9964928592,0.08367784333,-0.4632960351,0.8862035792,-0.6374239897,-0.7705132428,0.9573194975,-0.2890317969,-0.1045284633,0.9945218954,,121.1166214,,,,,,,,,,,,,,,121.1166214
1981 - Sep,34.7,189,74.73488462,176.4318194,42.35907381,,-0.3971478906,0.9177546257,-0.6845471059,-0.7289686274,0.940880769,-0.3387379202,-0.06279051953,0.9980267284,-0.8910065242,-0.4539904997,0.7705132428,-0.6374239897,0.278991106,0.9602936857,-0.9921147013,-0.1253332336,0.5090414158,-0.860742027,0.5877852523,0.8090169944,-0.9759167619,0.2181432414,0.1873813146,-0.9822872507,0.8270805743,0.5620833779,-0.8443279255,0.535826795,-0.156434465,-0.9876883406,0.9685831611,0.2486898872,-0.6129070537,0.7901550124,-0.4817536741,-0.87630668,0.9955619646,-0.09410831332,-0.3090169944,0.9510565163,,121.1724802,,,,,,,,,,,,,,,121.1724802
1981 - Oct,0.1,190,0.2154174476,21.44493376,1.0045144,,-0.4067366431,0.9135454576,-0.6691306064,-0.7431448255,0.9510565163,-0.3090169944,-0.1045284633,0.9945218954,-0.8660254038,-0.5,0.8090169944,-0.5877852523,0.2079116908,0.9781476007,-0.9781476007,-0.2079116908,0.5877852523,-0.8090169944,0.5,0.8660254038,-0.9945218954,0.1045284633,0.3090169944,-0.9510565163,0.7431448255,0.6691306064,-0.9135454576,0.4067366431,0,-1,0.9135454576,0.4067366431,-0.7431448255,0.6691306064,-0.3090169944,-0.9510565163,0.9945218954,0.1045284633,-0.5,0.8660254038,,121.1355456,,,,,,,,,,,,,,,121.1355456
1981 - Nov,42.1,191,90.70891483,7.816028561,1160.549941,,-0.4162807923,0.909236109,-0.653420604,-0.7569950557,0.9602936857,-0.278991106,-0.1460830286,0.989272333,-0.8386705679,-0.544639035,0.8443279255,-0.535826795,0.1357155724,0.9907478405,-0.9573194975,-0.2890317969,0.6613118653,-0.7501110696,0.4067366431,0.9135454576,-0.9999451694,-0.01047178412,0.4257792916,-0.9048270525,0.6454576877,0.7637960286,-0.9631625668,0.2689198206,0.156434465,-0.9876883406,0.8329212407,0.5533915492,-0.849892693,0.5269557955,-0.1253332336,-0.9921147013,0.9542403285,0.2990407923,-0.6691306064,0.7431448255,,121.0059632,,,,,,,,,,,,,,,121.0059632
1981 - Dec,0.6,192,1.293022681,15.92515343,8.11937346,,-0.4257792916,0.9048270525,-0.6374239897,-0.7705132428,0.9685831611,-0.2486898872,-0.1873813146,0.9822872507,-0.8090169944,-0.5877852523,0.87630668,-0.4817536741,0.06279051953,0.9980267284,-0.9297764859,-0.3681245527,0.7289686274,-0.6845471059,0.3090169944,0.9510565163,-0.9921147013,-0.1253332336,0.535826795,-0.8443279255,0.535826795,0.8443279255,-0.9921147013,0.1253332336,0.3090169944,-0.9510565163,0.7289686274,0.6845471059,-0.9297764859,0.3681245527,0.06279051953,-0.9980267284,0.87630668,0.4817536741,-0.8090169944,0.5877852523,,120.7842446,,,,,,,,,,,,,,,120.7842446
1982 - Jan,21.4,193,46.23825954,30.9468886,149.4116586,,-0.4352310994,0.9003187714,-0.6211477803,-0.7836934573,0.9759167619,-0.2181432414,-0.2283508701,0.9735789029,-0.7771459615,-0.629320391,0.9048270525,-0.4257792916,-0.01047178412,0.9999451694,-0.8957117602,-0.4446351792,0.7901550124,-0.6129070537,0.2079116908,0.9781476007,-0.9711342799,-0.2385334576,0.6374239897,-0.7705132428,0.4162807923,0.909236109,-0.9997806835,-0.02094241988,0.4539904997,-0.8910065242,0.6045991149,0.796529918,-0.9802711746,0.1976573404,0.2486898872,-0.9685831611,0.7637960286,0.6454576877,-0.9135454576,0.4067366431,,120.4712648,,,,,,,,,,,,,,,120.4712648
1982 - Feb,20,194,43.22201031,42.37818268,101.9911841,,-0.4446351792,0.8957117602,-0.6045991149,-0.796529918,0.9822872507,-0.1873813146,-0.2689198206,0.9631625668,-0.7431448255,-0.6691306064,0.9297764859,-0.3681245527,-0.08367784333,0.9964928592,-0.8553642602,-0.5180270094,0.8443279255,-0.535826795,0.1045284633,0.9945218954,-0.9372819895,-0.3485720473,0.7289686274,-0.6845471059,0.2890317969,0.9573194975,-0.9859960371,-0.1667687467,0.5877852523,-0.8090169944,0.4632960351,0.8862035792,-0.9997806835,0.02094241988,0.4257792916,-0.9048270525,0.6211477803,0.7836934573,-0.9781476007,0.2079116908,,120.0682589,,,,,,,,,,,,,,,120.0682589
1982 - Mar,70.7,195,152.8205155,32.90737615,464.3959298,,-0.4539904997,0.8910065242,-0.5877852523,-0.8090169944,0.9876883406,-0.156434465,-0.3090169944,0.9510565163,-0.7071067812,-0.7071067812,0.9510565163,-0.3090169944,-0.156434465,0.9876883406,-0.8090169944,-0.5877852523,0.8910065242,-0.4539904997,0,1,-0.8910065242,-0.4539904997,0.8090169944,-0.5877852523,0.156434465,0.9876883406,-0.9510565163,-0.3090169944,0.7071067812,-0.7071067812,0.3090169944,0.9510565163,-0.9876883406,-0.156434465,0.5877852523,-0.8090169944,0.4539904997,0.8910065242,-1,0,,119.5768174,,,,,,,,,,,,,,,119.5768174
1982 - Apr,33.1,196,71.56118725,19.73566082,362.5983842,,-0.4632960351,0.8862035792,-0.5707135677,-0.8211492091,0.9921147013,-0.1253332336,-0.3485720473,0.9372819895,-0.6691306064,-0.7431448255,0.9685831611,-0.2486898872,-0.2283508701,0.9735789029,-0.7569950557,-0.653420604,0.9297764859,-0.3681245527,-0.1045284633,0.9945218954,-0.8329212407,-0.5533915492,0.87630668,-0.4817536741,0.02094241988,0.9997806835,-0.8957117602,-0.4446351792,0.8090169944,-0.5877852523,0.1460830286,0.989272333,-0.9443763702,-0.3288666467,0.7289686274,-0.6845471059,0.2689198206,0.9631625668,-0.9781476007,-0.2079116908,,118.9988798,,,,,,,,,,,,,,,118.9988798
1982 - May,57.3,197,123.9057555,45.68178879,271.2366541,,-0.4725507649,0.8813034521,-0.5533915492,-0.8329212407,0.9955619646,-0.09410831332,-0.3875155865,0.9218631516,-0.629320391,-0.7771459615,0.9822872507,-0.1873813146,-0.2990407923,0.9542403285,-0.6996633405,-0.7144726796,0.9602936857,-0.278991106,-0.2079116908,0.9781476007,-0.7637960286,-0.6454576877,0.9297764859,-0.3681245527,-0.1149371505,0.9933727656,-0.8211492091,-0.5707135677,0.8910065242,-0.4539904997,-0.02094241988,0.9997806835,-0.8712138111,-0.4909037536,0.8443279255,-0.535826795,0.07323819713,0.9973144772,-0.9135454576,-0.4067366431,,118.3367269,,,,,,,,,,,,,,,118.3367269
1982 - Jun,29.9,198,64.6688858,123.305047,52.4462602,,-0.4817536741,0.87630668,-0.535826795,-0.8443279255,0.9980267284,-0.06279051953,-0.4257792916,0.9048270525,-0.5877852523,-0.8090169944,0.9921147013,-0.1253332336,-0.3681245527,0.9297764859,-0.6374239897,-0.7705132428,0.9822872507,-0.1873813146,-0.3090169944,0.9510565163,-0.6845471059,-0.7289686274,0.9685831611,-0.2486898872,-0.2486898872,0.9685831611,-0.7289686274,-0.6845471059,0.9510565163,-0.3090169944,-0.1873813146,0.9822872507,-0.7705132428,-0.6374239897,0.9297764859,-0.3681245527,-0.1253332336,0.9921147013,-0.8090169944,-0.5877852523,,117.5929721,,,,,,,,,,,,,,,117.5929721
1982 - Jul,99.2,199,214.5967853,328.104785,65.40495449,,-0.4909037536,0.8712138111,-0.5180270094,-0.8553642602,0.9995065604,-0.03141075908,-0.4632960351,0.8862035792,-0.544639035,-0.8386705679,0.9980267284,-0.06279051953,-0.4352310994,0.9003187714,-0.5707135677,-0.8211492091,0.9955619646,-0.09410831332,-0.4067366431,0.9135454576,-0.596224875,-0.8028174752,0.9921147013,-0.1253332336,-0.3778407868,0.9258705848,-0.6211477803,-0.7836934573,0.9876883406,-0.156434465,-0.3485720473,0.9372819895,-0.6454576877,-0.7637960286,0.9822872507,-0.1873813146,-0.3189593093,0.94776841,-0.6691306064,-0.7431448255,,116.7705505,,,,,,,,,,,,,,,116.7705505
1982 - Aug,150.4,200,325.4218752,355.3223357,91.58497579,,-0.5,0.8660254038,-0.5,-0.8660254038,1,0,-0.5,0.8660254038,-0.5,-0.8660254038,1,0,-0.5,0.8660254038,-0.5,-0.8660254038,1,0,-0.5,0.8660254038,-0.5,-0.8660254038,1,0,-0.5,0.8660254038,-0.5,-0.8660254038,1,0,-0.5,0.8660254038,-0.5,-0.8660254038,1,0,-0.5,0.8660254038,-0.5,-0.8660254038,,115.8727079,,,,,,,,,,,,,,,115.8727079
1982 - Sep,5.4,201,11.68638128,176.4318194,6.623737896,,-0.5090414158,0.860742027,-0.4817536741,-0.87630668,0.9995065604,0.03141075908,-0.535826795,0.8443279255,-0.4539904997,-0.8910065242,0.9980267284,0.06279051953,-0.5620833779,0.8270805743,-0.4257792916,-0.9048270525,0.9955619646,0.09410831332,-0.5877852523,0.8090169944,-0.3971478906,-0.9177546257,0.9921147013,0.1253332336,-0.6129070537,0.7901550124,-0.3681245527,-0.9297764859,0.9876883406,0.156434465,-0.6374239897,0.7705132428,-0.3387379202,-0.940880769,0.9822872507,0.1873813146,-0.6613118653,0.7501110696,-0.3090169944,-0.9510565163,,114.9029876,,,,,,,,,,,,,,,114.9029876
1982 - Oct,3.2,202,6.926656843,21.44493376,32.29973532,,-0.5180270094,0.8553642602,-0.4632960351,-0.8862035792,0.9980267284,0.06279051953,-0.5707135677,0.8211492091,-0.4067366431,-0.9135454576,0.9921147013,0.1253332336,-0.6211477803,0.7836934573,-0.3485720473,-0.9372819895,0.9822872507,0.1873813146,-0.6691306064,0.7431448255,-0.2890317969,-0.9573194975,0.9685831611,0.2486898872,-0.7144726796,0.6996633405,-0.2283508701,-0.9735789029,0.9510565163,0.3090169944,-0.7569950557,0.653420604,-0.1667687467,-0.9859960371,0.9297764859,0.3681245527,-0.796529918,0.6045991149,-0.1045284633,-0.9945218954,,113.8652166,,,,,,,,,,,,,,,113.8652166
1982 - Nov,2.4,203,5.196038448,7.816028561,66.47926639,,-0.5269557955,0.849892693,-0.4446351792,-0.8957117602,0.9955619646,0.09410831332,-0.6045991149,0.796529918,-0.3583679495,-0.9335804265,0.9822872507,0.1873813146,-0.6768759697,0.7360970871,-0.2689198206,-0.9631625668,0.9602936857,0.278991106,-0.7431448255,0.6691306064,-0.1770847403,-0.984195608,0.9297764859,0.3681245527,-0.8028174752,0.596224875,-0.08367784333,-0.9964928592,0.8910065242,0.4539904997,-0.8553642602,0.5180270094,0.01047178412,-0.9999451694,0.8443279255,0.535826795,-0.9003187714,0.4352310994,0.1045284633,-0.9945218954,,112.7634907,,,,,,,,,,,,,,,112.7634907
1982 - Dec,13.6,204,29.45014655,15.92515343,184.9284948,,-0.535826795,0.8443279255,-0.4257792916,-0.9048270525,0.9921147013,0.1253332336,-0.6374239897,0.7705132428,-0.3090169944,-0.9510565163,0.9685831611,0.2486898872,-0.7289686274,0.6845471059,-0.1873813146,-0.9822872507,0.9297764859,0.3681245527,-0.8090169944,0.5877852523,-0.06279051953,-0.9980267284,0.87630668,0.4817536741,-0.87630668,0.4817536741,0.06279051953,-0.9980267284,0.8090169944,0.5877852523,-0.9297764859,0.3681245527,0.1873813146,-0.9822872507,0.7289686274,0.6845471059,-0.9685831611,0.2486898872,0.3090169944,-0.9510565163,,111.6021578,,,,,,,,,,,,,,,111.6021578
1983 - Jan,38,205,82.50313326,30.9468886,266.5958906,,-0.544639035,0.8386705679,-0.4067366431,-0.9135454576,0.9876883406,0.156434465,-0.6691306064,0.7431448255,-0.2588190451,-0.9659258263,0.9510565163,0.3090169944,-0.7771459615,0.629320391,-0.1045284633,-0.9945218954,0.8910065242,0.4539904997,-0.8660254038,0.5,0.05233595624,-0.9986295348,0.8090169944,0.5877852523,-0.9335804265,0.3583679495,0.2079116908,-0.9781476007,0.7071067812,0.7071067812,-0.9781476007,0.2079116908,0.3583679495,-0.9335804265,0.5877852523,0.8090169944,-0.9986295348,0.05233595624,0.5,-0.8660254038,,110.3858011,,,,,,,,,,,,,,,110.3858011
1983 - Feb,5.3,206,11.50933948,42.37818268,27.15864331,,-0.5533915492,0.8329212407,-0.3875155865,-0.9218631516,0.9822872507,0.1873813146,-0.6996633405,0.7144726796,-0.2079116908,-0.9781476007,0.9297764859,0.3681245527,-0.8211492091,0.5707135677,-0.02094241988,-0.9997806835,0.8443279255,0.535826795,-0.9135454576,0.4067366431,0.1667687467,-0.9859960371,0.7289686274,0.6845471059,-0.9735789029,0.2283508701,0.3485720473,-0.9372819895,0.5877852523,0.8090169944,-0.9991228301,0.04187565373,0.5180270094,-0.8553642602,0.4257792916,0.9048270525,-0.989272333,-0.1460830286,0.6691306064,-0.7431448255,,109.1192211,,,,,,,,,,,,,,,109.1192211
1983 - Mar,6.4,207,13.9008772,32.90737615,42.24243567,,-0.5620833779,0.8270805743,-0.3681245527,-0.9297764859,0.9759167619,0.2181432414,-0.7289686274,0.6845471059,-0.156434465,-0.9876883406,0.9048270525,0.4257792916,-0.860742027,0.5090414158,0.06279051953,-0.9980267284,0.7901550124,0.6129070537,-0.9510565163,0.3090169944,0.278991106,-0.9602936857,0.6374239897,0.7705132428,-0.9955619646,0.09410831332,0.4817536741,-0.87630668,0.4539904997,0.8910065242,-0.9921147013,-0.1253332336,0.6613118653,-0.7501110696,0.2486898872,0.9685831611,-0.940880769,-0.3387379202,0.8090169944,-0.5877852523,,107.8074163,,,,,,,,,,,,,,,107.8074163
1983 - Apr,82.5,208,179.2271924,19.73566082,908.1387953,,-0.5707135677,0.8211492091,-0.3485720473,-0.9372819895,0.9685831611,0.2486898872,-0.7569950557,0.653420604,-0.1045284633,-0.9945218954,0.87630668,0.4817536741,-0.8957117602,0.4446351792,0.1460830286,-0.989272333,0.7289686274,0.6845471059,-0.9781476007,0.2079116908,0.3875155865,-0.9218631516,0.535826795,0.8443279255,-0.9991228301,-0.04187565373,0.6045991149,-0.796529918,0.3090169944,0.9510565163,-0.9573194975,-0.2890317969,0.7836934573,-0.6211477803,0.06279051953,0.9980267284,-0.8553642602,-0.5180270094,0.9135454576,-0.4067366431,,106.4555639,,,,,,,,,,,,,,,106.4555639
1983 - May,35.3,209,76.70300813,45.68178879,167.9071905,,-0.5792811723,0.8151277957,-0.3288666467,-0.9443763702,0.9602936857,0.278991106,-0.7836934573,0.6211477803,-0.05233595624,-0.9986295348,0.8443279255,0.535826795,-0.9258705848,0.3778407868,0.2283508701,-0.9735789029,0.6613118653,0.7501110696,-0.9945218954,0.1045284633,0.4909037536,-0.8712138111,0.4257792916,0.9048270525,-0.984195608,-0.1770847403,0.7144726796,-0.6996633405,0.156434465,0.9876883406,-0.8957117602,-0.4446351792,0.8813034521,-0.4725507649,-0.1253332336,0.9921147013,-0.7360970871,-0.6768759697,0.9781476007,-0.2079116908,,105.068999,,,,,,,,,,,,,,,105.068999
1983 - Jun,29.5,210,64.1132013,123.305047,51.99560184,,-0.5877852523,0.8090169944,-0.3090169944,-0.9510565163,0.9510565163,0.3090169944,-0.8090169944,0.5877852523,0,-1,0.8090169944,0.5877852523,-0.9510565163,0.3090169944,0.3090169944,-0.9510565163,0.5877852523,0.8090169944,-1,0,0.5877852523,-0.8090169944,0.3090169944,0.9510565163,-0.9510565163,-0.3090169944,0.8090169944,-0.5877852523,0,1,-0.8090169944,-0.5877852523,0.9510565163,-0.3090169944,-0.3090169944,0.9510565163,-0.5877852523,-0.8090169944,1,0,,103.6531937,,,,,,,,,,,,,,,103.6531937
1983 - Jul,218.3,211,474.5335858,328.104785,144.6286697,,-0.596224875,0.8028174752,-0.2890317969,-0.9573194975,0.940880769,0.3387379202,-0.8329212407,0.5533915492,0.05233595624,-0.9986295348,0.7705132428,0.6374239897,-0.9711342799,0.2385334576,0.3875155865,-0.9218631516,0.5090414158,0.860742027,-0.9945218954,-0.1045284633,0.6768759697,-0.7360970871,0.1873813146,0.9822872507,-0.9003187714,-0.4352310994,0.8862035792,-0.4632960351,-0.156434465,0.9876883406,-0.6996633405,-0.7144726796,0.9907478405,-0.1357155724,-0.4817536741,0.87630668,-0.4162807923,-0.909236109,0.9781476007,0.2079116908,,102.2137357,,,,,,,,,,,,,,,102.2137357
1983 - Aug,240.7,212,523.3317713,355.3223357,147.2836686,,-0.6045991149,0.796529918,-0.2689198206,-0.9631625668,0.9297764859,0.3681245527,-0.8553642602,0.5180270094,0.1045284633,-0.9945218954,0.7289686274,0.6845471059,-0.9859960371,0.1667687467,0.4632960351,-0.8862035792,0.4257792916,0.9048270525,-0.9781476007,-0.2079116908,0.7569950557,-0.653420604,0.06279051953,0.9980267284,-0.8329212407,-0.5533915492,0.9443763702,-0.3288666467,-0.3090169944,0.9510565163,-0.5707135677,-0.8211492091,0.9991228301,0.04187565373,-0.6374239897,0.7705132428,-0.2283508701,-0.9735789029,0.9135454576,0.4067366431,,100.7563056,,,,,,,,,,,,,,,100.7563056
1983 - Sep,79.8,213,173.5368505,176.4318194,98.35915715,,-0.6129070537,0.7901550124,-0.2486898872,-0.9685831611,0.9177546257,0.3971478906,-0.87630668,0.4817536741,0.156434465,-0.9876883406,0.6845471059,0.7289686274,-0.9955619646,0.09410831332,0.535826795,-0.8443279255,0.3387379202,0.940880769,-0.9510565163,-0.3090169944,0.8270805743,-0.5620833779,-0.06279051953,0.9980267284,-0.7501110696,-0.6613118653,0.9822872507,-0.1873813146,-0.4539904997,0.8910065242,-0.4257792916,-0.9048270525,0.9759167619,0.2181432414,-0.7705132428,0.6374239897,-0.03141075908,-0.9995065604,0.8090169944,0.5877852523,,99.28665549,,,,,,,,,,,,,,,99.28665549
1983 - Oct,5.4,214,11.74547018,21.44493376,54.77037284,,-0.6211477803,0.7836934573,-0.2283508701,-0.9735789029,0.9048270525,0.4257792916,-0.8957117602,0.4446351792,0.2079116908,-0.9781476007,0.6374239897,0.7705132428,-0.9997806835,0.02094241988,0.6045991149,-0.796529918,0.2486898872,0.9685831611,-0.9135454576,-0.4067366431,0.8862035792,-0.4632960351,-0.1873813146,0.9822872507,-0.653420604,-0.7569950557,0.9991228301,-0.04187565373,-0.5877852523,0.8090169944,-0.2689198206,-0.9631625668,0.9218631516,0.3875155865,-0.87630668,0.4817536741,0.1667687467,-0.9859960371,0.6691306064,0.7431448255,,97.81058525,,,,,,,,,,,,,,,97.81058525
1983 - Nov,0,215,0,7.816028561,0,,-0.629320391,0.7771459615,-0.2079116908,-0.9781476007,0.8910065242,0.4539904997,-0.9135454576,0.4067366431,0.2588190451,-0.9659258263,0.5877852523,0.8090169944,-0.9986295348,-0.05233595624,0.6691306064,-0.7431448255,0.156434465,0.9876883406,-0.8660254038,-0.5,0.9335804265,-0.3583679495,-0.3090169944,0.9510565163,-0.544639035,-0.8386705679,0.9945218954,0.1045284633,-0.7071067812,0.7071067812,-0.1045284633,-0.9945218954,0.8386705679,0.544639035,-0.9510565163,0.3090169944,0.3583679495,-0.9335804265,0.5,0.8660254038,,96.3339203,,,,,,,,,,,,,,,96.3339203
1983 - Dec,3.3,216,7.180691901,15.92515343,45.09025254,,-0.6374239897,0.7705132428,-0.1873813146,-0.9822872507,0.87630668,0.4817536741,-0.9297764859,0.3681245527,0.3090169944,-0.9510565163,0.535826795,0.8443279255,-0.9921147013,-0.1253332336,0.7289686274,-0.6845471059,0.06279051953,0.9980267284,-0.8090169944,-0.5877852523,0.9685831611,-0.2486898872,-0.4257792916,0.9048270525,-0.4257792916,-0.9048270525,0.9685831611,0.2486898872,-0.8090169944,0.5877852523,0.06279051953,-0.9980267284,0.7289686274,0.6845471059,-0.9921147013,0.1253332336,0.535826795,-0.8443279255,0.3090169944,0.9510565163,,94.86248835,,,,,,,,,,,,,,,94.86248835
1984 - Jan,1.9,217,4.145240977,30.9468886,13.39469383,,-0.6454576877,0.7637960286,-0.1667687467,-0.9859960371,0.860742027,0.5090414158,-0.9443763702,0.3288666467,0.3583679495,-0.9335804265,0.4817536741,0.87630668,-0.9802711746,-0.1976573404,0.7836934573,-0.6211477803,-0.03141075908,0.9995065604,-0.7431448255,-0.6691306064,0.9907478405,-0.1357155724,-0.535826795,0.8443279255,-0.2990407923,-0.9542403285,0.9218631516,0.3875155865,-0.8910065242,0.4539904997,0.2283508701,-0.9735789029,0.596224875,0.8028174752,-0.9980267284,-0.06279051953,0.6921431739,-0.7217602281,0.1045284633,0.9945218954,,93.40209648,,,,,,,,,,,,,,,93.40209648
1984 - Feb,14.5,218,31.64115263,42.37818268,74.66377893,,-0.653420604,0.7569950557,-0.1460830286,-0.989272333,0.8443279255,0.535826795,-0.9573194975,0.2890317969,0.4067366431,-0.9135454576,0.4257792916,0.9048270525,-0.9631625668,-0.2689198206,0.8329212407,-0.5533915492,-0.1253332336,0.9921147013,-0.6691306064,-0.7431448255,0.9997806835,-0.02094241988,-0.6374239897,0.7705132428,-0.1667687467,-0.9859960371,0.8553642602,0.5180270094,-0.9510565163,0.3090169944,0.3875155865,-0.9218631516,0.4446351792,0.8957117602,-0.9685831611,-0.2486898872,0.8211492091,-0.5707135677,-0.1045284633,0.9945218954,,91.95850819,,,,,,,,,,,,,,,91.95850819
1984 - Mar,0.4,219,0.8730365266,32.90737615,2.653011661,,-0.6613118653,0.7501110696,-0.1253332336,-0.9921147013,0.8270805743,0.5620833779,-0.9685831611,0.2486898872,0.4539904997,-0.8910065242,0.3681245527,0.9297764859,-0.940880769,-0.3387379202,0.87630668,-0.4817536741,-0.2181432414,0.9759167619,-0.5877852523,-0.8090169944,0.9955619646,0.09410831332,-0.7289686274,0.6845471059,-0.03141075908,-0.9995065604,0.7705132428,0.6374239897,-0.9876883406,0.156434465,0.535826795,-0.8443279255,0.278991106,0.9602936857,-0.9048270525,-0.4257792916,0.9177546257,-0.3971478906,-0.3090169944,0.9510565163,,90.53742065,,,,,,,,,,,,,,,90.53742065
1984 - Apr,2.7,220,5.89419276,19.73566082,29.8656975,,-0.6691306064,0.7431448255,-0.1045284633,-0.9945218954,0.8090169944,0.5877852523,-0.9781476007,0.2079116908,0.5,-0.8660254038,0.3090169944,0.9510565163,-0.9135454576,-0.4067366431,0.9135454576,-0.4067366431,-0.3090169944,0.9510565163,-0.5,-0.8660254038,0.9781476007,0.2079116908,-0.8090169944,0.5877852523,0.1045284633,-0.9945218954,0.6691306064,0.7431448255,-1,0,0.6691306064,-0.7431448255,0.1045284633,0.9945218954,-0.8090169944,-0.5877852523,0.9781476007,-0.2079116908,-0.5,0.8660254038,,89.14444226,,,,,,,,,,,,,,,89.14444226
1984 - May,0.7,221,1.528434302,45.68178879,3.345828486,,-0.6768759697,0.7360970871,-0.08367784333,-0.9964928592,0.7901550124,0.6129070537,-0.9859960371,0.1667687467,0.544639035,-0.8386705679,0.2486898872,0.9685831611,-0.8813034521,-0.4725507649,0.9443763702,-0.3288666467,-0.3971478906,0.9177546257,-0.4067366431,-0.9135454576,0.94776841,0.3189593093,-0.87630668,0.4817536741,0.2385334576,-0.9711342799,0.5533915492,0.8329212407,-0.9876883406,-0.156434465,0.7836934573,-0.6211477803,-0.07323819713,0.9973144772,-0.6845471059,-0.7289686274,0.9999451694,-0.01047178412,-0.6691306064,0.7431448255,,87.78507046,,,,,,,,,,,,,,,87.78507046
1984 - Jun,48.6,222,106.1385593,123.305047,86.07803321,,-0.6845471059,0.7289686274,-0.06279051953,-0.9980267284,0.7705132428,0.6374239897,-0.9921147013,0.1253332336,0.5877852523,-0.8090169944,0.1873813146,0.9822872507,-0.8443279255,-0.535826795,0.9685831611,-0.2486898872,-0.4817536741,0.87630668,-0.3090169944,-0.9510565163,0.9048270525,0.4257792916,-0.9297764859,0.3681245527,0.3681245527,-0.9297764859,0.4257792916,0.9048270525,-0.9510565163,-0.3090169944,0.87630668,-0.4817536741,-0.2486898872,0.9685831611,-0.535826795,-0.8443279255,0.9822872507,0.1873813146,-0.8090169944,0.5877852523,,86.46467007,,,,,,,,,,,,,,,86.46467007
1984 - Jul,154.2,223,336.8290141,328.104785,102.6589765,,-0.6921431739,0.7217602281,-0.04187565373,-0.9991228301,0.7501110696,0.6613118653,-0.9964928592,0.08367784333,0.629320391,-0.7771459615,0.1253332336,0.9921147013,-0.8028174752,-0.596224875,0.9859960371,-0.1667687467,-0.5620833779,0.8270805743,-0.2079116908,-0.9781476007,0.849892693,0.5269557955,-0.9685831611,0.2486898872,0.4909037536,-0.8712138111,0.2890317969,0.9573194975,-0.8910065242,-0.4539904997,0.9443763702,-0.3288666467,-0.4162807923,0.909236109,-0.3681245527,-0.9297764859,0.9258705848,0.3778407868,-0.9135454576,0.4067366431,,85.1884521,,,,,,,,,,,,,,,85.1884521
1984 - Aug,179.5,224,392.1730921,355.3223357,110.3710779,,-0.6996633405,0.7144726796,-0.02094241988,-0.9997806835,0.7289686274,0.6845471059,-0.9991228301,0.04187565373,0.6691306064,-0.7431448255,0.06279051953,0.9980267284,-0.7569950557,-0.653420604,0.9964928592,-0.08367784333,-0.6374239897,0.7705132428,-0.1045284633,-0.9945218954,0.7836934573,0.6211477803,-0.9921147013,0.1253332336,0.6045991149,-0.796529918,0.1460830286,0.989272333,-0.8090169944,-0.5877852523,0.9859960371,-0.1667687467,-0.5707135677,0.8211492091,-0.1873813146,-0.9822872507,0.8329212407,0.5533915492,-0.9781476007,0.2079116908,,83.96145322,,,,,,,,,,,,,,,83.96145322
1984 - Sep,75.5,225,164.986545,176.4318194,93.51291937,,-0.7071067812,0.7071067812,0,-1,0.7071067812,0.7071067812,-1,0,0.7071067812,-0.7071067812,0,1,-0.7071067812,-0.7071067812,1,0,-0.7071067812,0.7071067812,0,-1,0.7071067812,0.7071067812,-1,0,0.7071067812,-0.7071067812,0,1,-0.7071067812,-0.7071067812,1,0,-0.7071067812,0.7071067812,0,-1,0.7071067812,0.7071067812,-1,0,,82.78851582,,,,,,,,,,,,,,,82.78851582
1984 - Oct,0.9,226,1.967126735,21.44493376,9.172920547,,-0.7144726796,0.6996633405,0.02094241988,-0.9997806835,0.6845471059,0.7289686274,-0.9991228301,-0.04187565373,0.7431448255,-0.6691306064,-0.06279051953,0.9980267284,-0.653420604,-0.7569950557,0.9964928592,0.08367784333,-0.7705132428,0.6374239897,0.1045284633,-0.9945218954,0.6211477803,0.7836934573,-0.9921147013,-0.1253332336,0.796529918,-0.6045991149,-0.1460830286,0.989272333,-0.5877852523,-0.8090169944,0.9859960371,0.1667687467,-0.8211492091,0.5707135677,0.1873813146,-0.9822872507,0.5533915492,0.8329212407,-0.9781476007,-0.2079116908,,81.67426895,,,,,,,,,,,,,,,81.67426895
1984 - Nov,0,227,0,7.816028561,0,,-0.7217602281,0.6921431739,0.04187565373,-0.9991228301,0.6613118653,0.7501110696,-0.9964928592,-0.08367784333,0.7771459615,-0.629320391,-0.1253332336,0.9921147013,-0.596224875,-0.8028174752,0.9859960371,0.1667687467,-0.8270805743,0.5620833779,0.2079116908,-0.9781476007,0.5269557955,0.849892693,-0.9685831611,-0.2486898872,0.8712138111,-0.4909037536,-0.2890317969,0.9573194975,-0.4539904997,-0.8910065242,0.9443763702,0.3288666467,-0.909236109,0.4162807923,0.3681245527,-0.9297764859,0.3778407868,0.9258705848,-0.9135454576,-0.4067366431,,80.62311003,,,,,,,,,,,,,,,80.62311003
1984 - Dec,0.3,228,0.6559755464,15.92515343,4.11911602,,-0.7289686274,0.6845471059,0.06279051953,-0.9980267284,0.6374239897,0.7705132428,-0.9921147013,-0.1253332336,0.8090169944,-0.5877852523,-0.1873813146,0.9822872507,-0.535826795,-0.8443279255,0.9685831611,0.2486898872,-0.87630668,0.4817536741,0.3090169944,-0.9510565163,0.4257792916,0.9048270525,-0.9297764859,-0.3681245527,0.9297764859,-0.3681245527,-0.4257792916,0.9048270525,-0.3090169944,-0.9510565163,0.87630668,0.4817536741,-0.9685831611,0.2486898872,0.535826795,-0.8443279255,0.1873813146,0.9822872507,-0.8090169944,-0.5877852523,,79.63918751,,,,,,,,,,,,,,,79.63918751
1985 - Jan,3.5,229,7.673329665,30.9468886,24.79515717,,-0.7360970871,0.6768759697,0.08367784333,-0.9964928592,0.6129070537,0.7901550124,-0.9859960371,-0.1667687467,0.8386705679,-0.544639035,-0.2486898872,0.9685831611,-0.4725507649,-0.8813034521,0.9443763702,0.3288666467,-0.9177546257,0.3971478906,0.4067366431,-0.9135454576,0.3189593093,0.94776841,-0.87630668,-0.4817536741,0.9711342799,-0.2385334576,-0.5533915492,0.8329212407,-0.156434465,-0.9876883406,0.7836934573,0.6211477803,-0.9973144772,0.07323819713,0.6845471059,-0.7289686274,-0.01047178412,0.9999451694,-0.6691306064,-0.7431448255,,78.72638447,,,,,,,,,,,,,,,78.72638447
1985 - Feb,0.3,230,0.657848078,42.37818268,1.552327251,,-0.7431448255,0.6691306064,0.1045284633,-0.9945218954,0.5877852523,0.8090169944,-0.9781476007,-0.2079116908,0.8660254038,-0.5,-0.3090169944,0.9510565163,-0.4067366431,-0.9135454576,0.9135454576,0.4067366431,-0.9510565163,0.3090169944,0.5,-0.8660254038,0.2079116908,0.9781476007,-0.8090169944,-0.5877852523,0.9945218954,-0.1045284633,-0.6691306064,0.7431448255,0,-1,0.6691306064,0.7431448255,-0.9945218954,-0.1045284633,0.8090169944,-0.5877852523,-0.2079116908,0.9781476007,-0.5,-0.8660254038,,77.88830335,,,,,,,,,,,,,,,77.88830335
1985 - Mar,1.1,231,2.412601545,32.90737615,7.33149168,,-0.7501110696,0.6613118653,0.1253332336,-0.9921147013,0.5620833779,0.8270805743,-0.9685831611,-0.2486898872,0.8910065242,-0.4539904997,-0.3681245527,0.9297764859,-0.3387379202,-0.940880769,0.87630668,0.4817536741,-0.9759167619,0.2181432414,0.5877852523,-0.8090169944,0.09410831332,0.9955619646,-0.7289686274,-0.6845471059,0.9995065604,0.03141075908,-0.7705132428,0.6374239897,0.156434465,-0.9876883406,0.535826795,0.8443279255,-0.9602936857,-0.278991106,0.9048270525,-0.4257792916,-0.3971478906,0.9177546257,-0.3090169944,-0.9510565163,,77.12825165,,,,,,,,,,,,,,,77.12825165
1985 - Apr,8.1,232,17.7691443,19.73566082,90.03571993,,-0.7569950557,0.653420604,0.1460830286,-0.989272333,0.535826795,0.8443279255,-0.9573194975,-0.2890317969,0.9135454576,-0.4067366431,-0.4257792916,0.9048270525,-0.2689198206,-0.9631625668,0.8329212407,0.5533915492,-0.9921147013,0.1253332336,0.6691306064,-0.7431448255,-0.02094241988,0.9997806835,-0.6374239897,-0.7705132428,0.9859960371,0.1667687467,-0.8553642602,0.5180270094,0.3090169944,-0.9510565163,0.3875155865,0.9218631516,-0.8957117602,-0.4446351792,0.9685831611,-0.2486898872,-0.5707135677,0.8211492091,-0.1045284633,-0.9945218954,,76.44922896,,,,,,,,,,,,,,,76.44922896
1985 - May,3.1,233,6.801924174,45.68178879,14.88979384,,-0.7637960286,0.6454576877,0.1667687467,-0.9859960371,0.5090414158,0.860742027,-0.9443763702,-0.3288666467,0.9335804265,-0.3583679495,-0.4817536741,0.87630668,-0.1976573404,-0.9802711746,0.7836934573,0.6211477803,-0.9995065604,0.03141075908,0.7431448255,-0.6691306064,-0.1357155724,0.9907478405,-0.535826795,-0.8443279255,0.9542403285,0.2990407923,-0.9218631516,0.3875155865,0.4539904997,-0.8910065242,0.2283508701,0.9735789029,-0.8028174752,-0.596224875,0.9980267284,-0.06279051953,-0.7217602281,0.6921431739,0.1045284633,-0.9945218954,,75.85391507,,,,,,,,,,,,,,,75.85391507
1985 - Jun,44.2,234,97.00206437,123.305047,78.66836493,,-0.7705132428,0.6374239897,0.1873813146,-0.9822872507,0.4817536741,0.87630668,-0.9297764859,-0.3681245527,0.9510565163,-0.3090169944,-0.535826795,0.8443279255,-0.1253332336,-0.9921147013,0.7289686274,0.6845471059,-0.9980267284,-0.06279051953,0.8090169944,-0.5877852523,-0.2486898872,0.9685831611,-0.4257792916,-0.9048270525,0.9048270525,0.4257792916,-0.9685831611,0.2486898872,0.5877852523,-0.8090169944,0.06279051953,0.9980267284,-0.6845471059,-0.7289686274,0.9921147013,0.1253332336,-0.8443279255,0.535826795,0.3090169944,-0.9510565163,,75.34465941,,,,,,,,,,,,,,,75.34465941
1985 - Jul,256.9,235,563.912141,328.104785,171.8695267,,-0.7771459615,0.629320391,0.2079116908,-0.9781476007,0.4539904997,0.8910065242,-0.9135454576,-0.4067366431,0.9659258263,-0.2588190451,-0.5877852523,0.8090169944,-0.05233595624,-0.9986295348,0.6691306064,0.7431448255,-0.9876883406,-0.156434465,0.8660254038,-0.5,-0.3583679495,0.9335804265,-0.3090169944,-0.9510565163,0.8386705679,0.544639035,-0.9945218954,0.1045284633,0.7071067812,-0.7071067812,-0.1045284633,0.9945218954,-0.544639035,-0.8386705679,0.9510565163,0.3090169944,-0.9335804265,0.3583679495,0.5,-0.8660254038,,74.92347178,,,,,,,,,,,,,,,74.92347178
1985 - Aug,152.4,236,334.5961651,355.3223357,94.16693842,,-0.7836934573,0.6211477803,0.2283508701,-0.9735789029,0.4257792916,0.9048270525,-0.8957117602,-0.4446351792,0.9781476007,-0.2079116908,-0.6374239897,0.7705132428,0.02094241988,-0.9997806835,0.6045991149,0.796529918,-0.9685831611,-0.2486898872,0.9135454576,-0.4067366431,-0.4632960351,0.8862035792,-0.1873813146,-0.9822872507,0.7569950557,0.653420604,-0.9991228301,-0.04187565373,0.8090169944,-0.5877852523,-0.2689198206,0.9631625668,-0.3875155865,-0.9218631516,0.87630668,0.4817536741,-0.9859960371,0.1667687467,0.6691306064,-0.7431448255,,74.59201442,,,,,,,,,,,,,,,74.59201442
1985 - Sep,35.9,237,78.83500691,176.4318194,44.68298698,,-0.7901550124,0.6129070537,0.2486898872,-0.9685831611,0.3971478906,0.9177546257,-0.87630668,-0.4817536741,0.9876883406,-0.156434465,-0.6845471059,0.7289686274,0.09410831332,-0.9955619646,0.535826795,0.8443279255,-0.940880769,-0.3387379202,0.9510565163,-0.3090169944,-0.5620833779,0.8270805743,-0.06279051953,-0.9980267284,0.6613118653,0.7501110696,-0.9822872507,-0.1873813146,0.8910065242,-0.4539904997,-0.4257792916,0.9048270525,-0.2181432414,-0.9759167619,0.7705132428,0.6374239897,-0.9995065604,-0.03141075908,0.8090169944,-0.5877852523,,74.35159543,,,,,,,,,,,,,,,74.35159543
1985 - Oct,42.6,238,93.56705234,21.44493376,436.3130863,,-0.796529918,0.6045991149,0.2689198206,-0.9631625668,0.3681245527,0.9297764859,-0.8553642602,-0.5180270094,0.9945218954,-0.1045284633,-0.7289686274,0.6845471059,0.1667687467,-0.9859960371,0.4632960351,0.8862035792,-0.9048270525,-0.4257792916,0.9781476007,-0.2079116908,-0.653420604,0.7569950557,0.06279051953,-0.9980267284,0.5533915492,0.8329212407,-0.9443763702,-0.3288666467,0.9510565163,-0.3090169944,-0.5707135677,0.8211492091,-0.04187565373,-0.9991228301,0.6374239897,0.7705132428,-0.9735789029,-0.2283508701,0.9135454576,-0.4067366431,,74.20316364,,,,,,,,,,,,,,,74.20316364
1985 - Nov,0,239,0,7.816028561,0,,-0.8028174752,0.596224875,0.2890317969,-0.9573194975,0.3387379202,0.940880769,-0.8329212407,-0.5533915492,0.9986295348,-0.05233595624,-0.7705132428,0.6374239897,0.2385334576,-0.9711342799,0.3875155865,0.9218631516,-0.860742027,-0.5090414158,0.9945218954,-0.1045284633,-0.7360970871,0.6768759697,0.1873813146,-0.9822872507,0.4352310994,0.9003187714,-0.8862035792,-0.4632960351,0.9876883406,-0.156434465,-0.6996633405,0.7144726796,0.1357155724,-0.9907478405,0.4817536741,0.87630668,-0.909236109,-0.4162807923,0.9781476007,-0.2079116908,,74.14730485,,,,,,,,,,,,,,,74.14730485
1985 - Dec,24.3,240,53.3945649,15.92515343,335.2844613,,-0.8090169944,0.5877852523,0.3090169944,-0.9510565163,0.3090169944,0.9510565163,-0.8090169944,-0.5877852523,1,0,-0.8090169944,0.5877852523,0.3090169944,-0.9510565163,0.3090169944,0.9510565163,-0.8090169944,-0.5877852523,1,0,-0.8090169944,0.5877852523,0.3090169944,-0.9510565163,0.3090169944,0.9510565163,-0.8090169944,-0.5877852523,1,0,-0.8090169944,0.5877852523,0.3090169944,-0.9510565163,0.3090169944,0.9510565163,-0.8090169944,-0.5877852523,1,0,,74.18423949,,,,,,,,,,,,,,,74.18423949
1986 - Jan,7.2,241,15.86274475,30.9468886,51.25796313,,-0.8151277957,0.5792811723,0.3288666467,-0.9443763702,0.278991106,0.9602936857,-0.7836934573,-0.6211477803,0.9986295348,0.05233595624,-0.8443279255,0.535826795,0.3778407868,-0.9258705848,0.2283508701,0.9735789029,-0.7501110696,-0.6613118653,0.9945218954,0.1045284633,-0.8712138111,0.4909037536,0.4257792916,-0.9048270525,0.1770847403,0.984195608,-0.7144726796,-0.6996633405,0.9876883406,0.156434465,-0.8957117602,0.4446351792,0.4725507649,-0.8813034521,0.1253332336,0.9921147013,-0.6768759697,-0.7360970871,0.9781476007,0.2079116908,,74.31382182,,,,,,,,,,,,,,,74.31382182
1986 - Feb,31,242,68.31192308,42.37818268,161.1959711,,-0.8211492091,0.5707135677,0.3485720473,-0.9372819895,0.2486898872,0.9685831611,-0.7569950557,-0.653420604,0.9945218954,0.1045284633,-0.87630668,0.4817536741,0.4446351792,-0.8957117602,0.1460830286,0.989272333,-0.6845471059,-0.7289686274,0.9781476007,0.2079116908,-0.9218631516,0.3875155865,0.535826795,-0.8443279255,0.04187565373,0.9991228301,-0.6045991149,-0.796529918,0.9510565163,0.3090169944,-0.9573194975,0.2890317969,0.6211477803,-0.7836934573,-0.06279051953,0.9980267284,-0.5180270094,-0.8553642602,0.9135454576,0.4067366431,,74.53554042,,,,,,,,,,,,,,,74.53554042
1986 - Mar,12.7,243,27.99158786,32.90737615,85.0617434,,-0.8270805743,0.5620833779,0.3681245527,-0.9297764859,0.2181432414,0.9759167619,-0.7289686274,-0.6845471059,0.9876883406,0.156434465,-0.9048270525,0.4257792916,0.5090414158,-0.860742027,0.06279051953,0.9980267284,-0.6129070537,-0.7901550124,0.9510565163,0.3090169944,-0.9602936857,0.278991106,0.6374239897,-0.7705132428,-0.09410831332,0.9955619646,-0.4817536741,-0.87630668,0.8910065242,0.4539904997,-0.9921147013,0.1253332336,0.7501110696,-0.6613118653,-0.2486898872,0.9685831611,-0.3387379202,-0.940880769,0.8090169944,0.5877852523,,74.84852027,,,,,,,,,,,,,,,74.84852027
1986 - Apr,3.3,244,7.274895658,19.73566082,36.86167757,,-0.8329212407,0.5533915492,0.3875155865,-0.9218631516,0.1873813146,0.9822872507,-0.6996633405,-0.7144726796,0.9781476007,0.2079116908,-0.9297764859,0.3681245527,0.5707135677,-0.8211492091,-0.02094241988,0.9997806835,-0.535826795,-0.8443279255,0.9135454576,0.4067366431,-0.9859960371,0.1667687467,0.7289686274,-0.6845471059,-0.2283508701,0.9735789029,-0.3485720473,-0.9372819895,0.8090169944,0.5877852523,-0.9991228301,-0.04187565373,0.8553642602,-0.5180270094,-0.4257792916,0.9048270525,-0.1460830286,-0.989272333,0.6691306064,0.7431448255,,75.25152619,,,,,,,,,,,,,,,75.25152619
1986 - May,36,245,79.37876954,45.68178879,173.7645824,,-0.8386705679,0.544639035,0.4067366431,-0.9135454576,0.156434465,0.9876883406,-0.6691306064,-0.7431448255,0.9659258263,0.2588190451,-0.9510565163,0.3090169944,0.629320391,-0.7771459615,-0.1045284633,0.9945218954,-0.4539904997,-0.8910065242,0.8660254038,0.5,-0.9986295348,0.05233595624,0.8090169944,-0.5877852523,-0.3583679495,0.9335804265,-0.2079116908,-0.9781476007,0.7071067812,0.7071067812,-0.9781476007,-0.2079116908,0.9335804265,-0.3583679495,-0.5877852523,0.8090169944,0.05233595624,-0.9986295348,0.5,0.8660254038,,75.74296769,,,,,,,,,,,,,,,75.74296769
1986 - Jun,85.1,246,187.681071,123.305047,152.2087502,,-0.8443279255,0.535826795,0.4257792916,-0.9048270525,0.1253332336,0.9921147013,-0.6374239897,-0.7705132428,0.9510565163,0.3090169944,-0.9685831611,0.2486898872,0.6845471059,-0.7289686274,-0.1873813146,0.9822872507,-0.3681245527,-0.9297764859,0.8090169944,0.5877852523,-0.9980267284,-0.06279051953,0.87630668,-0.4817536741,-0.4817536741,0.87630668,-0.06279051953,-0.9980267284,0.5877852523,0.8090169944,-0.9297764859,-0.3681245527,0.9822872507,-0.1873813146,-0.7289686274,0.6845471059,0.2486898872,-0.9685831611,0.3090169944,0.9510565163,,76.32090528,,,,,,,,,,,,,,,76.32090528
1986 - Jul,92.5,247,204.043007,328.104785,62.18836675,,-0.849892693,0.5269557955,0.4446351792,-0.8957117602,0.09410831332,0.9955619646,-0.6045991149,-0.796529918,0.9335804265,0.3583679495,-0.9822872507,0.1873813146,0.7360970871,-0.6768759697,-0.2689198206,0.9631625668,-0.278991106,-0.9602936857,0.7431448255,0.6691306064,-0.984195608,-0.1770847403,0.9297764859,-0.3681245527,-0.596224875,0.8028174752,0.08367784333,-0.9964928592,0.4539904997,0.8910065242,-0.8553642602,-0.5180270094,0.9999451694,-0.01047178412,-0.8443279255,0.535826795,0.4352310994,-0.9003187714,0.1045284633,0.9945218954,,76.9830581,,,,,,,,,,,,,,,76.9830581
1986 - Aug,108.9,248,240.2685625,355.3223357,67.61988716,,-0.8553642602,0.5180270094,0.4632960351,-0.8862035792,0.06279051953,0.9980267284,-0.5707135677,-0.8211492091,0.9135454576,0.4067366431,-0.9921147013,0.1253332336,0.7836934573,-0.6211477803,-0.3485720473,0.9372819895,-0.1873813146,-0.9822872507,0.6691306064,0.7431448255,-0.9573194975,-0.2890317969,0.9685831611,-0.2486898872,-0.6996633405,0.7144726796,0.2283508701,-0.9735789029,0.3090169944,0.9510565163,-0.7569950557,-0.653420604,0.9859960371,0.1667687467,-0.9297764859,0.3681245527,0.6045991149,-0.796529918,-0.1045284633,0.9945218954,,77.72681295,,,,,,,,,,,,,,,77.72681295
1986 - Sep,52.9,249,116.73843,176.4318194,66.16631308,,-0.860742027,0.5090414158,0.4817536741,-0.87630668,0.03141075908,0.9995065604,-0.535826795,-0.8443279255,0.8910065242,0.4539904997,-0.9980267284,0.06279051953,0.8270805743,-0.5620833779,-0.4257792916,0.9048270525,-0.09410831332,-0.9955619646,0.5877852523,0.8090169944,-0.9177546257,-0.3971478906,0.9921147013,-0.1253332336,-0.7901550124,0.6129070537,0.3681245527,-0.9297764859,0.156434465,0.9876883406,-0.6374239897,-0.7705132428,0.940880769,0.3387379202,-0.9822872507,0.1873813146,0.7501110696,-0.6613118653,-0.3090169944,0.9510565163,,78.54923455,,,,,,,,,,,,,,,78.54923455
1986 - Oct,11.2,250,24.72095951,21.44493376,115.2764554,,-0.8660254038,0.5,0.5,-0.8660254038,0,1,-0.5,-0.8660254038,0.8660254038,0.5,-1,0,0.8660254038,-0.5,-0.5,0.8660254038,0,-1,0.5,0.8660254038,-0.8660254038,-0.5,1,0,-0.8660254038,0.5,0.5,-0.8660254038,0,1,-0.5,-0.8660254038,0.8660254038,0.5,-1,0,0.8660254038,-0.5,-0.5,0.8660254038,,79.44707719,,,,,,,,,,,,,,,79.44707719
1986 - Nov,0.7,251,1.545377138,7.816028561,19.77189728,,-0.8712138111,0.4909037536,0.5180270094,-0.8553642602,-0.03141075908,0.9995065604,-0.4632960351,-0.8862035792,0.8386705679,0.544639035,-0.9980267284,-0.06279051953,0.9003187714,-0.4352310994,-0.5707135677,0.8211492091,0.09410831332,-0.9955619646,0.4067366431,0.9135454576,-0.8028174752,-0.596224875,0.9921147013,0.1253332336,-0.9258705848,0.3778407868,0.6211477803,-0.7836934573,-0.156434465,0.9876883406,-0.3485720473,-0.9372819895,0.7637960286,0.6454576877,-0.9822872507,-0.1873813146,0.94776841,-0.3189593093,-0.6691306064,0.7431448255,,80.41679749,,,,,,,,,,,,,,,80.41679749
1986 - Dec,9.5,252,20.97728165,15.92515343,131.7242044,,-0.87630668,0.4817536741,0.535826795,-0.8443279255,-0.06279051953,0.9980267284,-0.4257792916,-0.9048270525,0.8090169944,0.5877852523,-0.9921147013,-0.1253332336,0.9297764859,-0.3681245527,-0.6374239897,0.7705132428,0.1873813146,-0.9822872507,0.3090169944,0.9510565163,-0.7289686274,-0.6845471059,0.9685831611,0.2486898872,-0.9685831611,0.2486898872,0.7289686274,-0.6845471059,-0.3090169944,0.9510565163,-0.1873813146,-0.9822872507,0.6374239897,0.7705132428,-0.9297764859,-0.3681245527,0.9921147013,-0.1253332336,-0.8090169944,0.5877852523,,81.45456841,,,,,,,,,,,,,,,81.45456841
1987 - Jan,21.3,253,47.15914993,30.9468886,152.387371,,-0.8813034521,0.4725507649,0.5533915492,-0.8329212407,-0.09410831332,0.9955619646,-0.3875155865,-0.9218631516,0.7771459615,0.629320391,-0.9822872507,-0.1873813146,0.9542403285,-0.2990407923,-0.6996633405,0.7144726796,0.278991106,-0.9602936857,0.2079116908,0.9781476007,-0.6454576877,-0.7637960286,0.9297764859,0.3681245527,-0.9933727656,0.1149371505,0.8211492091,-0.5707135677,-0.4539904997,0.8910065242,-0.02094241988,-0.9997806835,0.4909037536,0.8712138111,-0.8443279255,-0.535826795,0.9973144772,0.07323819713,-0.9135454576,0.4067366431,,82.55629434,,,,,,,,,,,,,,,82.55629434
1987 - Feb,27.8,254,61.56311388,42.37818268,145.2707738,,-0.8862035792,0.4632960351,0.5707135677,-0.8211492091,-0.1253332336,0.9921147013,-0.3485720473,-0.9372819895,0.7431448255,0.6691306064,-0.9685831611,-0.2486898872,0.9735789029,-0.2283508701,-0.7569950557,0.653420604,0.3681245527,-0.9297764859,0.1045284633,0.9945218954,-0.5533915492,-0.8329212407,0.87630668,0.4817536741,-0.9997806835,-0.02094241988,0.8957117602,-0.4446351792,-0.5877852523,0.8090169944,0.1460830286,-0.989272333,0.3288666467,0.9443763702,-0.7289686274,-0.6845471059,0.9631625668,0.2689198206,-0.9781476007,0.2079116908,,83.71762727,,,,,,,,,,,,,,,83.71762727
1987 - Mar,12.4,255,27.4654617,32.90737615,83.4629342,,-0.8910065242,0.4539904997,0.5877852523,-0.8090169944,-0.156434465,0.9876883406,-0.3090169944,-0.9510565163,0.7071067812,0.7071067812,-0.9510565163,-0.3090169944,0.9876883406,-0.156434465,-0.8090169944,0.5877852523,0.4539904997,-0.8910065242,0,1,-0.4539904997,-0.8910065242,0.8090169944,0.5877852523,-0.9876883406,-0.156434465,0.9510565163,-0.3090169944,-0.7071067812,0.7071067812,0.3090169944,-0.9510565163,0.156434465,0.9876883406,-0.5877852523,-0.8090169944,0.8910065242,0.4539904997,-1,0,,84.93398395,,,,,,,,,,,,,,,84.93398395
1987 - Apr,6.4,256,14.17864235,19.73566082,71.84275447,,-0.8957117602,0.4446351792,0.6045991149,-0.796529918,-0.1873813146,0.9822872507,-0.2689198206,-0.9631625668,0.6691306064,0.7431448255,-0.9297764859,-0.3681245527,0.9964928592,-0.08367784333,-0.8553642602,0.5180270094,0.535826795,-0.8443279255,-0.1045284633,0.9945218954,-0.3485720473,-0.9372819895,0.7289686274,0.6845471059,-0.9573194975,-0.2890317969,0.9859960371,-0.1667687467,-0.8090169944,0.5877852523,0.4632960351,-0.8862035792,-0.02094241988,0.9997806835,-0.4257792916,-0.9048270525,0.7836934573,0.6211477803,-0.9781476007,-0.2079116908,,86.20056398,,,,,,,,,,,,,,,86.20056398
1987 - May,62.5,257,138.4918332,45.68178879,303.1663972,,-0.9003187714,0.4352310994,0.6211477803,-0.7836934573,-0.2181432414,0.9759167619,-0.2283508701,-0.9735789029,0.629320391,0.7771459615,-0.9048270525,-0.4257792916,0.9999451694,-0.01047178412,-0.8957117602,0.4446351792,0.6129070537,-0.7901550124,-0.2079116908,0.9781476007,-0.2385334576,-0.9711342799,0.6374239897,0.7705132428,-0.909236109,-0.4162807923,0.9997806835,-0.02094241988,-0.8910065242,0.4539904997,0.6045991149,-0.796529918,-0.1976573404,0.9802711746,-0.2486898872,-0.9685831611,0.6454576877,0.7637960286,-0.9135454576,-0.4067366431,,87.51236875,,,,,,,,,,,,,,,87.51236875
1987 - Jun,27.7,258,61.3922298,123.305047,49.78890263,,-0.9048270525,0.4257792916,0.6374239897,-0.7705132428,-0.2486898872,0.9685831611,-0.1873813146,-0.9822872507,0.5877852523,0.8090169944,-0.87630668,-0.4817536741,0.9980267284,0.06279051953,-0.9297764859,0.3681245527,0.6845471059,-0.7289686274,-0.3090169944,0.9510565163,-0.1253332336,-0.9921147013,0.535826795,0.8443279255,-0.8443279255,-0.535826795,0.9921147013,0.1253332336,-0.9510565163,0.3090169944,0.7289686274,-0.6845471059,-0.3681245527,0.9297764859,-0.06279051953,-0.9980267284,0.4817536741,0.87630668,-0.8090169944,-0.5877852523,,88.86422115,,,,,,,,,,,,,,,88.86422115
1987 - Jul,26.4,259,58.52306664,328.104785,17.83670014,,-0.909236109,0.4162807923,0.653420604,-0.7569950557,-0.278991106,0.9602936857,-0.1460830286,-0.989272333,0.544639035,0.8386705679,-0.8443279255,-0.535826795,0.9907478405,0.1357155724,-0.9573194975,0.2890317969,0.7501110696,-0.6613118653,-0.4067366431,0.9135454576,-0.01047178412,-0.9999451694,0.4257792916,0.9048270525,-0.7637960286,-0.6454576877,0.9631625668,0.2689198206,-0.9876883406,0.156434465,0.8329212407,-0.5533915492,-0.5269557955,0.849892693,0.1253332336,-0.9921147013,0.2990407923,0.9542403285,-0.6691306064,-0.7431448255,,90.25078605,,,,,,,,,,,,,,,90.25078605
1987 - Aug,106.6,260,236.3577688,355.3223357,66.51925451,,-0.9135454576,0.4067366431,0.6691306064,-0.7431448255,-0.3090169944,0.9510565163,-0.1045284633,-0.9945218954,0.5,0.8660254038,-0.8090169944,-0.5877852523,0.9781476007,0.2079116908,-0.9781476007,0.2079116908,0.8090169944,-0.5877852523,-0.5,0.8660254038,0.1045284633,-0.9945218954,0.3090169944,0.9510565163,-0.6691306064,-0.7431448255,0.9135454576,0.4067366431,-1,0,0.9135454576,-0.4067366431,-0.6691306064,0.7431448255,0.3090169944,-0.9510565163,0.1045284633,0.9945218954,-0.5,-0.8660254038,,91.66659131,,,,,,,,,,,,,,,91.66659131
1987 - Sep,18,261,39.91854738,176.4318194,22.62548077,,-0.9177546257,0.3971478906,0.6845471059,-0.7289686274,-0.3387379202,0.940880769,-0.06279051953,-0.9980267284,0.4539904997,0.8910065242,-0.7705132428,-0.6374239897,0.9602936857,0.278991106,-0.9921147013,0.1253332336,0.860742027,-0.5090414158,-0.5877852523,0.8090169944,0.2181432414,-0.9759167619,0.1873813146,0.9822872507,-0.5620833779,-0.8270805743,0.8443279255,0.535826795,-0.9876883406,-0.156434465,0.9685831611,-0.2486898872,-0.7901550124,0.6129070537,0.4817536741,-0.87630668,-0.09410831332,0.9955619646,-0.3090169944,-0.9510565163,,93.10604939,,,,,,,,,,,,,,,93.10604939
1987 - Oct,3.2,262,7.098094348,21.44493376,33.09916658,,-0.9218631516,0.3875155865,0.6996633405,-0.7144726796,-0.3681245527,0.9297764859,-0.02094241988,-0.9997806835,0.4067366431,0.9135454576,-0.7289686274,-0.6845471059,0.9372819895,0.3485720473,-0.9991228301,0.04187565373,0.9048270525,-0.4257792916,-0.6691306064,0.7431448255,0.3288666467,-0.9443763702,0.06279051953,0.9980267284,-0.4446351792,-0.8957117602,0.7569950557,0.653420604,-0.9510565163,-0.3090169944,0.9964928592,-0.08367784333,-0.8862035792,0.4632960351,0.6374239897,-0.7705132428,-0.2890317969,0.9573194975,-0.1045284633,-0.9945218954,,94.56347941,,,,,,,,,,,,,,,94.56347941
1987 - Nov,0,263,0,7.816028561,0,,-0.9258705848,0.3778407868,0.7144726796,-0.6996633405,-0.3971478906,0.9177546257,0.02094241988,-0.9997806835,0.3583679495,0.9335804265,-0.6845471059,-0.7289686274,0.909236109,0.4162807923,-0.9991228301,-0.04187565373,0.940880769,-0.3387379202,-0.7431448255,0.6691306064,0.4352310994,-0.9003187714,-0.06279051953,0.9980267284,-0.3189593093,-0.94776841,0.653420604,0.7569950557,-0.8910065242,-0.4539904997,0.9964928592,0.08367784333,-0.9542403285,0.2990407923,0.7705132428,-0.6374239897,-0.4725507649,0.8813034521,0.1045284633,-0.9945218954,,96.03312956,,,,,,,,,,,,,,,96.03312956
1987 - Dec,6.3,264,13.98014015,15.92515343,87.78653346,,-0.9297764859,0.3681245527,0.7289686274,-0.6845471059,-0.4257792916,0.9048270525,0.06279051953,-0.9980267284,0.3090169944,0.9510565163,-0.6374239897,-0.7705132428,0.87630668,0.4817536741,-0.9921147013,-0.1253332336,0.9685831611,-0.2486898872,-0.8090169944,0.5877852523,0.535826795,-0.8443279255,-0.1873813146,0.9822872507,-0.1873813146,-0.9822872507,0.535826795,0.8443279255,-0.8090169944,-0.5877852523,0.9685831611,0.2486898872,-0.9921147013,0.1253332336,0.87630668,-0.4817536741,-0.6374239897,0.7705132428,0.3090169944,-0.9510565163,,97.5091998,,,,,,,,,,,,,,,97.5091998
1988 - Jan,1.5,265,3.33755746,30.9468886,10.78479166,,-0.9335804265,0.3583679495,0.7431448255,-0.6691306064,-0.4539904997,0.8910065242,0.1045284633,-0.9945218954,0.2588190451,0.9659258263,-0.5877852523,-0.8090169944,0.8386705679,0.544639035,-0.9781476007,-0.2079116908,0.9876883406,-0.156434465,-0.8660254038,0.5,0.629320391,-0.7771459615,-0.3090169944,0.9510565163,-0.05233595624,-0.9986295348,0.4067366431,0.9135454576,-0.7071067812,-0.7071067812,0.9135454576,0.4067366431,-0.9986295348,-0.05233595624,0.9510565163,-0.3090169944,-0.7771459615,0.629320391,0.5,-0.8660254038,,98.98586475,,,,,,,,,,,,,,,98.98586475
1988 - Feb,13.2,266,29.37658347,42.37818268,69.32006427,,-0.9372819895,0.3485720473,0.7569950557,-0.653420604,-0.4817536741,0.87630668,0.1460830286,-0.989272333,0.2079116908,0.9781476007,-0.535826795,-0.8443279255,0.796529918,0.6045991149,-0.9573194975,-0.2890317969,0.9980267284,-0.06279051953,-0.9135454576,0.4067366431,0.7144726796,-0.6996633405,-0.4257792916,0.9048270525,0.08367784333,-0.9964928592,0.2689198206,0.9631625668,-0.5877852523,-0.8090169944,0.8329212407,0.5533915492,-0.9735789029,-0.2283508701,0.9921147013,-0.1253332336,-0.8862035792,0.4632960351,0.6691306064,-0.7431448255,,100.4572967,,,,,,,,,,,,,,,100.4572967
1988 - Mar,34.5,267,76.79559858,32.90737615,233.3689512,,-0.940880769,0.3387379202,0.7705132428,-0.6374239897,-0.5090414158,0.860742027,0.1873813146,-0.9822872507,0.156434465,0.9876883406,-0.4817536741,-0.87630668,0.7501110696,0.6613118653,-0.9297764859,-0.3681245527,0.9995065604,0.03141075908,-0.9510565163,0.3090169944,0.7901550124,-0.6129070537,-0.535826795,0.8443279255,0.2181432414,-0.9759167619,0.1253332336,0.9921147013,-0.4539904997,-0.8910065242,0.7289686274,0.6845471059,-0.9177546257,-0.3971478906,0.9980267284,0.06279051953,-0.9602936857,0.278991106,0.8090169944,-0.5877852523,,101.9176886,,,,,,,,,,,,,,,101.9176886
1988 - Apr,3.6,268,8.015112725,19.73566082,40.61233519,,-0.9443763702,0.3288666467,0.7836934573,-0.6211477803,-0.535826795,0.8443279255,0.2283508701,-0.9735789029,0.1045284633,0.9945218954,-0.4257792916,-0.9048270525,0.6996633405,0.7144726796,-0.8957117602,-0.4446351792,0.9921147013,0.1253332336,-0.9781476007,0.2079116908,0.8553642602,-0.5180270094,-0.6374239897,0.7705132428,0.3485720473,-0.9372819895,-0.02094241988,0.9997806835,-0.3090169944,-0.9510565163,0.6045991149,0.796529918,-0.8329212407,-0.5533915492,0.9685831611,0.2486898872,-0.9964928592,0.08367784333,0.9135454576,-0.4067366431,,103.3612769,,,,,,,,,,,,,,,103.3612769
1988 - May,3.4,269,7.571396129,45.68178879,16.57421114,,-0.94776841,0.3189593093,0.796529918,-0.6045991149,-0.5620833779,0.8270805743,0.2689198206,-0.9631625668,0.05233595624,0.9986295348,-0.3681245527,-0.9297764859,0.6454576877,0.7637960286,-0.8553642602,-0.5180270094,0.9759167619,0.2181432414,-0.9945218954,0.1045284633,0.909236109,-0.4162807923,-0.7289686274,0.6845471059,0.4725507649,-0.8813034521,-0.1667687467,0.9859960371,-0.156434465,-0.9876883406,0.4632960351,0.8862035792,-0.7217602281,-0.6921431739,0.9048270525,0.4257792916,-0.9933727656,-0.1149371505,0.9781476007,-0.2079116908,,104.7823644,,,,,,,,,,,,,,,104.7823644
1988 - Jun,82.4,270,183.5330153,123.305047,148.8446902,,-0.9510565163,0.3090169944,0.8090169944,-0.5877852523,-0.5877852523,0.8090169944,0.3090169944,-0.9510565163,0,1,-0.3090169944,-0.9510565163,0.5877852523,0.8090169944,-0.8090169944,-0.5877852523,0.9510565163,0.3090169944,-1,0,0.9510565163,-0.3090169944,-0.8090169944,0.5877852523,0.5877852523,-0.8090169944,-0.3090169944,0.9510565163,0,-1,0.3090169944,0.9510565163,-0.5877852523,-0.8090169944,0.8090169944,0.5877852523,-0.9510565163,-0.3090169944,1,0,,106.1753428,,,,,,,,,,,,,,,106.1753428
1988 - Jul,288.5,271,642.7214003,328.104785,195.8890664,,-0.9542403285,0.2990407923,0.8211492091,-0.5707135677,-0.6129070537,0.7901550124,0.3485720473,-0.9372819895,-0.05233595624,0.9986295348,-0.2486898872,-0.9685831611,0.5269557955,0.849892693,-0.7569950557,-0.653420604,0.9177546257,0.3971478906,-0.9945218954,-0.1045284633,0.9802711746,-0.1976573404,-0.87630668,0.4817536741,0.6921431739,-0.7217602281,-0.4446351792,0.8957117602,0.156434465,-0.9876883406,0.1460830286,0.989272333,-0.4352310994,-0.9003187714,0.6845471059,0.7289686274,-0.8712138111,-0.4909037536,0.9781476007,0.2079116908,,107.5347146,,,,,,,,,,,,,,,107.5347146
1988 - Aug,222.5,272,495.7890515,355.3223357,139.5321942,,-0.9573194975,0.2890317969,0.8329212407,-0.5533915492,-0.6374239897,0.7705132428,0.3875155865,-0.9218631516,-0.1045284633,0.9945218954,-0.1873813146,-0.9822872507,0.4632960351,0.8862035792,-0.6996633405,-0.7144726796,0.87630668,0.4817536741,-0.9781476007,-0.2079116908,0.9964928592,-0.08367784333,-0.9297764859,0.3681245527,0.7836934573,-0.6211477803,-0.5707135677,0.8211492091,0.3090169944,-0.9510565163,-0.02094241988,0.9997806835,-0.2689198206,-0.9631625668,0.535826795,0.8443279255,-0.7569950557,-0.653420604,0.9135454576,0.4067366431,,108.855115,,,,,,,,,,,,,,,108.855115
1988 - Sep,183.4,273,408.7485644,176.4318194,231.6750832,,-0.9602936857,0.278991106,0.8443279255,-0.535826795,-0.6613118653,0.7501110696,0.4257792916,-0.9048270525,-0.156434465,0.9876883406,-0.1253332336,-0.9921147013,0.3971478906,0.9177546257,-0.6374239897,-0.7705132428,0.8270805743,0.5620833779,-0.9510565163,-0.3090169944,0.9995065604,0.03141075908,-0.9685831611,0.2486898872,0.860742027,-0.5090414158,-0.6845471059,0.7289686274,0.4539904997,-0.8910065242,-0.1873813146,0.9822872507,-0.09410831332,-0.9955619646,0.3681245527,0.9297764859,-0.6129070537,-0.7901550124,0.8090169944,0.5877852523,,110.1313329,,,,,,,,,,,,,,,110.1313329
1988 - Oct,0,274,0,21.44493376,0,,-0.9631625668,0.2689198206,0.8553642602,-0.5180270094,-0.6845471059,0.7289686274,0.4632960351,-0.8862035792,-0.2079116908,0.9781476007,-0.06279051953,-0.9980267284,0.3288666467,0.9443763702,-0.5707135677,-0.8211492091,0.7705132428,0.6374239897,-0.9135454576,-0.4067366431,0.989272333,0.1460830286,-0.9921147013,0.1253332336,0.9218631516,-0.3875155865,-0.7836934573,0.6211477803,0.5877852523,-0.8090169944,-0.3485720473,0.9372819895,0.08367784333,-0.9964928592,0.1873813146,0.9822872507,-0.4446351792,-0.8957117602,0.6691306064,0.7431448255,,111.3583318,,,,,,,,,,,,,,,111.3583318
1988 - Nov,0.1,275,0.2229651308,7.816028561,2.852665251,,-0.9659258263,0.2588190451,0.8660254038,-0.5,-0.7071067812,0.7071067812,0.5,-0.8660254038,-0.2588190451,0.9659258263,0,-1,0.2588190451,0.9659258263,-0.5,-0.8660254038,0.7071067812,0.7071067812,-0.8660254038,-0.5,0.9659258263,0.2588190451,-1,0,0.9659258263,-0.2588190451,-0.8660254038,0.5,0.7071067812,-0.7071067812,-0.5,0.8660254038,0.2588190451,-0.9659258263,0,1,-0.2588190451,-0.9659258263,0.5,0.8660254038,,112.5312692,,,,,,,,,,,,,,,112.5312692
1988 - Dec,12,276,26.76136392,15.92515343,168.0446222,,-0.9685831611,0.2486898872,0.87630668,-0.4817536741,-0.7289686274,0.6845471059,0.535826795,-0.8443279255,-0.3090169944,0.9510565163,0.06279051953,-0.9980267284,0.1873813146,0.9822872507,-0.4257792916,-0.9048270525,0.6374239897,0.7705132428,-0.8090169944,-0.5877852523,0.9297764859,0.3681245527,-0.9921147013,-0.1253332336,0.9921147013,-0.1253332336,-0.9297764859,0.3681245527,0.8090169944,-0.5877852523,-0.6374239897,0.7705132428,0.4257792916,-0.9048270525,-0.1873813146,0.9822872507,-0.06279051953,-0.9980267284,0.3090169944,0.9510565163,,113.6455161,,,,,,,,,,,,,,,113.6455161
1989 - Jan,40.1,277,89.66928366,30.9468886,289.7521778,,-0.9711342799,0.2385334576,0.8862035792,-0.4632960351,-0.7501110696,0.6613118653,0.5707135677,-0.8211492091,-0.3583679495,0.9335804265,0.1253332336,-0.9921147013,0.1149371505,0.9933727656,-0.3485720473,-0.9372819895,0.5620833779,0.8270805743,-0.7431448255,-0.6691306064,0.8813034521,0.4725507649,-0.9685831611,-0.2486898872,0.9999451694,0.01047178412,-0.9735789029,0.2283508701,0.8910065242,-0.4539904997,-0.7569950557,0.653420604,0.5792811723,-0.8151277957,-0.3681245527,0.9297764859,0.1357155724,-0.9907478405,0.1045284633,0.9945218954,,114.696675,,,,,,,,,,,,,,,114.696675
1989 - Feb,0.4,278,0.8946427142,42.37818268,2.111092684,,-0.9735789029,0.2283508701,0.8957117602,-0.4446351792,-0.7705132428,0.6374239897,0.6045991149,-0.796529918,-0.4067366431,0.9135454576,0.1873813146,-0.9822872507,0.04187565373,0.9991228301,-0.2689198206,-0.9631625668,0.4817536741,0.87630668,-0.6691306064,-0.7431448255,0.8211492091,0.5707135677,-0.9297764859,-0.3681245527,0.989272333,0.1460830286,-0.9964928592,0.08367784333,0.9510565163,-0.3090169944,-0.8553642602,0.5180270094,0.7144726796,-0.6996633405,-0.535826795,0.8443279255,0.3288666467,-0.9443763702,-0.1045284633,0.9945218954,,115.6805975,,,,,,,,,,,,,,,115.6805975
1989 - Mar,11.7,279,26.17374272,32.90737615,79.53761674,,-0.9759167619,0.2181432414,0.9048270525,-0.4257792916,-0.7901550124,0.6129070537,0.6374239897,-0.7705132428,-0.4539904997,0.8910065242,0.2486898872,-0.9685831611,-0.03141075908,0.9995065604,-0.1873813146,-0.9822872507,0.3971478906,0.9177546257,-0.5877852523,-0.8090169944,0.7501110696,0.6613118653,-0.87630668,-0.4817536741,0.9602936857,0.278991106,-0.9980267284,-0.06279051953,0.9876883406,-0.156434465,-0.9297764859,0.3681245527,0.8270805743,-0.5620833779,-0.6845471059,0.7289686274,0.5090414158,-0.860742027,-0.3090169944,0.9510565163,,116.5934006,,,,,,,,,,,,,,,116.5934006
1989 - Apr,0.6,280,1.342522478,19.73566082,6.80252103,,-0.9781476007,0.2079116908,0.9135454576,-0.4067366431,-0.8090169944,0.5877852523,0.6691306064,-0.7431448255,-0.5,0.8660254038,0.3090169944,-0.9510565163,-0.1045284633,0.9945218954,-0.1045284633,-0.9945218954,0.3090169944,0.9510565163,-0.5,-0.8660254038,0.6691306064,0.7431448255,-0.8090169944,-0.5877852523,0.9135454576,0.4067366431,-0.9781476007,-0.2079116908,1,0,-0.9781476007,0.2079116908,0.9135454576,-0.4067366431,-0.8090169944,0.5877852523,0.6691306064,-0.7431448255,-0.5,0.8660254038,,117.4314817,,,,,,,,,,,,,,,117.4314817
1989 - May,2.3,281,5.147407111,45.68178879,11.26796311,,-0.9802711746,0.1976573404,0.9218631516,-0.3875155865,-0.8270805743,0.5620833779,0.6996633405,-0.7144726796,-0.544639035,0.8386705679,0.3681245527,-0.9297764859,-0.1770847403,0.984195608,-0.02094241988,-0.9997806835,0.2181432414,0.9759167619,-0.4067366431,-0.9135454576,0.5792811723,0.8151277957,-0.7289686274,-0.6845471059,0.849892693,0.5269557955,-0.9372819895,-0.3485720473,0.9876883406,0.156434465,-0.9991228301,0.04187565373,0.9711342799,-0.2385334576,-0.9048270525,0.4257792916,0.8028174752,-0.596224875,-0.6691306064,0.7431448255,,118.1915334,,,,,,,,,,,,,,,118.1915334
1989 - Jun,31.6,282,70.73561771,123.305047,57.36636043,,-0.9822872507,0.1873813146,0.9297764859,-0.3681245527,-0.8443279255,0.535826795,0.7289686274,-0.6845471059,-0.5877852523,0.8090169944,0.4257792916,-0.9048270525,-0.2486898872,0.9685831611,0.06279051953,-0.9980267284,0.1253332336,0.9921147013,-0.3090169944,-0.9510565163,0.4817536741,0.87630668,-0.6374239897,-0.7705132428,0.7705132428,0.6374239897,-0.87630668,-0.4817536741,0.9510565163,0.3090169944,-0.9921147013,-0.1253332336,0.9980267284,-0.06279051953,-0.9685831611,0.2486898872,0.9048270525,-0.4257792916,-0.8090169944,0.5877852523,,118.8705561,,,,,,,,,,,,,,,118.8705561
1989 - Jul,90.8,283,203.2952918,328.104785,61.96047759,,-0.984195608,0.1770847403,0.9372819895,-0.3485720473,-0.860742027,0.5090414158,0.7569950557,-0.653420604,-0.629320391,0.7771459615,0.4817536741,-0.87630668,-0.3189593093,0.94776841,0.1460830286,-0.989272333,0.03141075908,0.9995065604,-0.2079116908,-0.9781476007,0.3778407868,0.9258705848,-0.535826795,-0.8443279255,0.6768759697,0.7360970871,-0.796529918,-0.6045991149,0.8910065242,0.4539904997,-0.9573194975,-0.2890317969,0.9933727656,0.1149371505,-0.9980267284,0.06279051953,0.9711342799,-0.2385334576,-0.9135454576,0.4067366431,,119.46587,,,,,,,,,,,,,,,119.46587
1989 - Aug,152.5,284,341.5086743,355.3223357,96.11235769,,-0.9859960371,0.1667687467,0.9443763702,-0.3288666467,-0.87630668,0.4817536741,0.7836934573,-0.6211477803,-0.6691306064,0.7431448255,0.535826795,-0.8443279255,-0.3875155865,0.9218631516,0.2283508701,-0.9735789029,-0.06279051953,0.9980267284,-0.1045284633,-0.9945218954,0.2689198206,0.9631625668,-0.4257792916,-0.9048270525,0.5707135677,0.8211492091,-0.6996633405,-0.7144726796,0.8090169944,0.5877852523,-0.8957117602,-0.4446351792,0.9573194975,0.2890317969,-0.9921147013,-0.1253332336,0.9991228301,-0.04187565373,-0.9781476007,0.2079116908,,119.9751256,,,,,,,,,,,,,,,119.9751256
1989 - Sep,68.7,285,153.8789005,176.4318194,87.21720438,,-0.9876883406,0.156434465,0.9510565163,-0.3090169944,-0.8910065242,0.4539904997,0.8090169944,-0.5877852523,-0.7071067812,0.7071067812,0.5877852523,-0.8090169944,-0.4539904997,0.8910065242,0.3090169944,-0.9510565163,-0.156434465,0.9876883406,0,-1,0.156434465,0.9876883406,-0.3090169944,-0.9510565163,0.4539904997,0.8910065242,-0.5877852523,-0.8090169944,0.7071067812,0.7071067812,-0.8090169944,-0.5877852523,0.8910065242,0.4539904997,-0.9510565163,-0.3090169944,0.9876883406,0.156434465,-1,0,,120.3963133,,,,,,,,,,,,,,,120.3963133
1989 - Oct,0.2,286,0.4480668295,21.44493376,2.089383136,,-0.989272333,0.1460830286,0.9573194975,-0.2890317969,-0.9048270525,0.4257792916,0.8329212407,-0.5533915492,-0.7431448255,0.6691306064,0.6374239897,-0.7705132428,-0.5180270094,0.8553642602,0.3875155865,-0.9218631516,-0.2486898872,0.9685831611,0.1045284633,-0.9945218954,0.04187565373,0.9991228301,-0.1873813146,-0.9822872507,0.3288666467,0.9443763702,-0.4632960351,-0.8862035792,0.5877852523,0.8090169944,-0.6996633405,-0.7144726796,0.796529918,0.6045991149,-0.87630668,-0.4817536741,0.9372819895,0.3485720473,-0.9781476007,-0.2079116908,,120.7277706,,,,,,,,,,,,,,,120.7277706
1989 - Nov,5.2,287,11.65216489,7.816028561,149.0803776,,-0.9907478405,0.1357155724,0.9631625668,-0.2689198206,-0.9177546257,0.3971478906,0.8553642602,-0.5180270094,-0.7771459615,0.629320391,0.6845471059,-0.7289686274,-0.5792811723,0.8151277957,0.4632960351,-0.8862035792,-0.3387379202,0.940880769,0.2079116908,-0.9781476007,-0.07323819713,0.9973144772,-0.06279051953,-0.9980267284,0.1976573404,0.9802711746,-0.3288666467,-0.9443763702,0.4539904997,0.8910065242,-0.5707135677,-0.8211492091,0.6768759697,0.7360970871,-0.7705132428,-0.6374239897,0.849892693,0.5269557955,-0.9135454576,-0.4067366431,,120.9681896,,,,,,,,,,,,,,,120.9681896
1989 - Dec,12.4,288,27.79172233,15.92515343,174.5146283,,-0.9921147013,0.1253332336,0.9685831611,-0.2486898872,-0.9297764859,0.3681245527,0.87630668,-0.4817536741,-0.8090169944,0.5877852523,0.7289686274,-0.6845471059,-0.6374239897,0.7705132428,0.535826795,-0.8443279255,-0.4257792916,0.9048270525,0.3090169944,-0.9510565163,-0.1873813146,0.9822872507,0.06279051953,-0.9980267284,0.06279051953,0.9980267284,-0.1873813146,-0.9822872507,0.3090169944,0.9510565163,-0.4257792916,-0.9048270525,0.535826795,0.8443279255,-0.6374239897,-0.7705132428,0.7289686274,0.6845471059,-0.8090169944,-0.5877852523,,121.1166214,,,,,,,,,,,,,,,121.1166214
1990 - Jan,0,289,0,30.9468886,0,,-0.9933727656,0.1149371505,0.9735789029,-0.2283508701,-0.940880769,0.3387379202,0.8957117602,-0.4446351792,-0.8386705679,0.544639035,0.7705132428,-0.6374239897,-0.6921431739,0.7217602281,0.6045991149,-0.796529918,-0.5090414158,0.860742027,0.4067366431,-0.9135454576,-0.2990407923,0.9542403285,0.1873813146,-0.9822872507,-0.07323819713,0.9973144772,-0.04187565373,-0.9991228301,0.156434465,0.9876883406,-0.2689198206,-0.9631625668,0.3778407868,0.9258705848,-0.4817536741,-0.87630668,0.5792811723,0.8151277957,-0.6691306064,-0.7431448255,,121.1724802,,,,,,,,,,,,,,,121.1724802
1990 - Feb,79.5,290,178.7021882,42.37818268,421.6844066,,-0.9945218954,0.1045284633,0.9781476007,-0.2079116908,-0.9510565163,0.3090169944,0.9135454576,-0.4067366431,-0.8660254038,0.5,0.8090169944,-0.5877852523,-0.7431448255,0.6691306064,0.6691306064,-0.7431448255,-0.5877852523,0.8090169944,0.5,-0.8660254038,-0.4067366431,0.9135454576,0.3090169944,-0.9510565163,-0.2079116908,0.9781476007,0.1045284633,-0.9945218954,0,1,-0.1045284633,-0.9945218954,0.2079116908,0.9781476007,-0.3090169944,-0.9510565163,0.4067366431,0.9135454576,-0.5,-0.8660254038,,121.1355456,,,,,,,,,,,,,,,121.1355456
1990 - Mar,4.9,291,11.01665132,32.90737615,33.47775669,,-0.9955619646,0.09410831332,0.9822872507,-0.1873813146,-0.9602936857,0.278991106,0.9297764859,-0.3681245527,-0.8910065242,0.4539904997,0.8443279255,-0.535826795,-0.7901550124,0.6129070537,0.7289686274,-0.6845471059,-0.6613118653,0.7501110696,0.5877852523,-0.8090169944,-0.5090414158,0.860742027,0.4257792916,-0.9048270525,-0.3387379202,0.940880769,0.2486898872,-0.9685831611,-0.156434465,0.9876883406,0.06279051953,-0.9980267284,0.03141075908,0.9995065604,-0.1253332336,-0.9921147013,0.2181432414,0.9759167619,-0.3090169944,-0.9510565163,,121.0059632,,,,,,,,,,,,,,,121.0059632
1990 - Apr,2.2,292,4.947285873,19.73566082,25.06774877,,-0.9964928592,0.08367784333,0.9859960371,-0.1667687467,-0.9685831611,0.2486898872,0.9443763702,-0.3288666467,-0.9135454576,0.4067366431,0.87630668,-0.4817536741,-0.8329212407,0.5533915492,0.7836934573,-0.6211477803,-0.7289686274,0.6845471059,0.6691306064,-0.7431448255,-0.6045991149,0.796529918,0.535826795,-0.8443279255,-0.4632960351,0.8862035792,0.3875155865,-0.9218631516,-0.3090169944,0.9510565163,0.2283508701,-0.9735789029,-0.1460830286,0.989272333,0.06279051953,-0.9980267284,0.02094241988,0.9997806835,-0.1045284633,-0.9945218954,,120.7842446,,,,,,,,,,,,,,,120.7842446
1990 - May,21.9,293,49.25828199,45.68178879,107.8291444,,-0.9973144772,0.07323819713,0.989272333,-0.1460830286,-0.9759167619,0.2181432414,0.9573194975,-0.2890317969,-0.9335804265,0.3583679495,0.9048270525,-0.4257792916,-0.8712138111,0.4909037536,0.8329212407,-0.5533915492,-0.7901550124,0.6129070537,0.7431448255,-0.6691306064,-0.6921431739,0.7217602281,0.6374239897,-0.7705132428,-0.5792811723,0.8151277957,0.5180270094,-0.8553642602,-0.4539904997,0.8910065242,0.3875155865,-0.9218631516,-0.3189593093,0.94776841,0.2486898872,-0.9685831611,-0.1770847403,0.984195608,0.1045284633,-0.9945218954,,120.4712648,,,,,,,,,,,,,,,120.4712648
1990 - Jun,25.3,294,56.91759044,123.305047,46.15998438,,-0.9980267284,0.06279051953,0.9921147013,-0.1253332336,-0.9822872507,0.1873813146,0.9685831611,-0.2486898872,-0.9510565163,0.3090169944,0.9297764859,-0.3681245527,-0.9048270525,0.4257792916,0.87630668,-0.4817536741,-0.8443279255,0.535826795,0.8090169944,-0.5877852523,-0.7705132428,0.6374239897,0.7289686274,-0.6845471059,-0.6845471059,0.7289686274,0.6374239897,-0.7705132428,-0.5877852523,0.8090169944,0.535826795,-0.8443279255,-0.4817536741,0.87630668,0.4257792916,-0.9048270525,-0.3681245527,0.9297764859,0.3090169944,-0.9510565163,,120.0682589,,,,,,,,,,,,,,,120.0682589
1990 - Jul,201.2,295,452.7357815,328.104785,137.9851201,,-0.9986295348,0.05233595624,0.9945218954,-0.1045284633,-0.9876883406,0.156434465,0.9781476007,-0.2079116908,-0.9659258263,0.2588190451,0.9510565163,-0.3090169944,-0.9335804265,0.3583679495,0.9135454576,-0.4067366431,-0.8910065242,0.4539904997,0.8660254038,-0.5,-0.8386705679,0.544639035,0.8090169944,-0.5877852523,-0.7771459615,0.629320391,0.7431448255,-0.6691306064,-0.7071067812,0.7071067812,0.6691306064,-0.7431448255,-0.629320391,0.7771459615,0.5877852523,-0.8090169944,-0.544639035,0.8386705679,0.5,-0.8660254038,,119.5768174,,,,,,,,,,,,,,,119.5768174
1990 - Aug,137.7,296,309.9143323,355.3223357,87.22061665,,-0.9991228301,0.04187565373,0.9964928592,-0.08367784333,-0.9921147013,0.1253332336,0.9859960371,-0.1667687467,-0.9781476007,0.2079116908,0.9685831611,-0.2486898872,-0.9573194975,0.2890317969,0.9443763702,-0.3288666467,-0.9297764859,0.3681245527,0.9135454576,-0.4067366431,-0.8957117602,0.4446351792,0.87630668,-0.4817536741,-0.8553642602,0.5180270094,0.8329212407,-0.5533915492,-0.8090169944,0.5877852523,0.7836934573,-0.6211477803,-0.7569950557,0.653420604,0.7289686274,-0.6845471059,-0.6996633405,0.7144726796,0.6691306064,-0.7431448255,,118.9988798,,,,,,,,,,,,,,,118.9988798
1990 - Sep,194.5,297,437.8428105,176.4318194,248.1654454,,-0.9995065604,0.03141075908,0.9980267284,-0.06279051953,-0.9955619646,0.09410831332,0.9921147013,-0.1253332336,-0.9876883406,0.156434465,0.9822872507,-0.1873813146,-0.9759167619,0.2181432414,0.9685831611,-0.2486898872,-0.9602936857,0.278991106,0.9510565163,-0.3090169944,-0.940880769,0.3387379202,0.9297764859,-0.3681245527,-0.9177546257,0.3971478906,0.9048270525,-0.4257792916,-0.8910065242,0.4539904997,0.87630668,-0.4817536741,-0.860742027,0.5090414158,0.8443279255,-0.535826795,-0.8270805743,0.5620833779,0.8090169944,-0.5877852523,,118.3367269,,,,,,,,,,,,,,,118.3367269
1990 - Oct,2.7,298,6.079296101,21.44493376,28.34840232,,-0.9997806835,0.02094241988,0.9991228301,-0.04187565373,-0.9980267284,0.06279051953,0.9964928592,-0.08367784333,-0.9945218954,0.1045284633,0.9921147013,-0.1253332336,-0.989272333,0.1460830286,0.9859960371,-0.1667687467,-0.9822872507,0.1873813146,0.9781476007,-0.2079116908,-0.9735789029,0.2283508701,0.9685831611,-0.2486898872,-0.9631625668,0.2689198206,0.9573194975,-0.2890317969,-0.9510565163,0.3090169944,0.9443763702,-0.3288666467,-0.9372819895,0.3485720473,0.9297764859,-0.3681245527,-0.9218631516,0.3875155865,0.9135454576,-0.4067366431,,117.5929721,,,,,,,,,,,,,,,117.5929721
1990 - Nov,14.1,299,31.7540833,7.816028561,406.2687726,,-0.9999451694,0.01047178412,0.9997806835,-0.02094241988,-0.9995065604,0.03141075908,0.9991228301,-0.04187565373,-0.9986295348,0.05233595624,0.9980267284,-0.06279051953,-0.9973144772,0.07323819713,0.9964928592,-0.08367784333,-0.9955619646,0.09410831332,0.9945218954,-0.1045284633,-0.9933727656,0.1149371505,0.9921147013,-0.1253332336,-0.9907478405,0.1357155724,0.989272333,-0.1460830286,-0.9876883406,0.156434465,0.9859960371,-0.1667687467,-0.984195608,0.1770847403,0.9822872507,-0.1873813146,-0.9802711746,0.1976573404,0.9781476007,-0.2079116908,,116.7705505,,,,,,,,,,,,,,,116.7705505
1990 - Dec,19.2,300,43.24865933,15.92515343,271.5745221,,-1,0,1,0,-1,0,1,0,-1,0,1,0,-1,0,1,0,-1,0,1,0,-1,0,1,0,-1,0,1,0,-1,0,1,0,-1,0,1,0,-1,0,1,0,,115.8727079,,,,,,,,,,,,,,,115.8727079
1991 - Jan,0.1,301,0.2258684402,30.9468886,0.7298583167,,-0.9999451694,-0.01047178412,0.9997806835,0.02094241988,-0.9995065604,-0.03141075908,0.9991228301,0.04187565373,-0.9986295348,-0.05233595624,0.9980267284,0.06279051953,-0.9973144772,-0.07323819713,0.9964928592,0.08367784333,-0.9955619646,-0.09410831332,0.9945218954,0.1045284633,-0.9933727656,-0.1149371505,0.9921147013,0.1253332336,-0.9907478405,-0.1357155724,0.989272333,0.1460830286,-0.9876883406,-0.156434465,0.9859960371,0.1667687467,-0.984195608,-0.1770847403,0.9822872507,0.1873813146,-0.9802711746,-0.1976573404,0.9781476007,0.2079116908,,114.9029876,,,,,,,,,,,,,,,114.9029876
1991 - Feb,19.7,302,44.50542983,42.37818268,105.0196753,,-0.9997806835,-0.02094241988,0.9991228301,0.04187565373,-0.9980267284,-0.06279051953,0.9964928592,0.08367784333,-0.9945218954,-0.1045284633,0.9921147013,0.1253332336,-0.989272333,-0.1460830286,0.9859960371,0.1667687467,-0.9822872507,-0.1873813146,0.9781476007,0.2079116908,-0.9735789029,-0.2283508701,0.9685831611,0.2486898872,-0.9631625668,-0.2689198206,0.9573194975,0.2890317969,-0.9510565163,-0.3090169944,0.9443763702,0.3288666467,-0.9372819895,-0.3485720473,0.9297764859,0.3681245527,-0.9218631516,-0.3875155865,0.9135454576,0.4067366431,,113.8652166,,,,,,,,,,,,,,,113.8652166
1991 - Mar,2.9,303,6.552937286,32.90737615,19.91327797,,-0.9995065604,-0.03141075908,0.9980267284,0.06279051953,-0.9955619646,-0.09410831332,0.9921147013,0.1253332336,-0.9876883406,-0.156434465,0.9822872507,0.1873813146,-0.9759167619,-0.2181432414,0.9685831611,0.2486898872,-0.9602936857,-0.278991106,0.9510565163,0.3090169944,-0.940880769,-0.3387379202,0.9297764859,0.3681245527,-0.9177546257,-0.3971478906,0.9048270525,0.4257792916,-0.8910065242,-0.4539904997,0.87630668,0.4817536741,-0.860742027,-0.5090414158,0.8443279255,0.535826795,-0.8270805743,-0.5620833779,0.8090169944,0.5877852523,,112.7634907,,,,,,,,,,,,,,,112.7634907
1991 - Apr,13.2,304,29.83343113,19.73566082,151.1650986,,-0.9991228301,-0.04187565373,0.9964928592,0.08367784333,-0.9921147013,-0.1253332336,0.9859960371,0.1667687467,-0.9781476007,-0.2079116908,0.9685831611,0.2486898872,-0.9573194975,-0.2890317969,0.9443763702,0.3288666467,-0.9297764859,-0.3681245527,0.9135454576,0.4067366431,-0.8957117602,-0.4446351792,0.87630668,0.4817536741,-0.8553642602,-0.5180270094,0.8329212407,0.5533915492,-0.8090169944,-0.5877852523,0.7836934573,0.6211477803,-0.7569950557,-0.653420604,0.7289686274,0.6845471059,-0.6996633405,-0.7144726796,0.6691306064,0.7431448255,,111.6021578,,,,,,,,,,,,,,,111.6021578
1991 - May,6,305,13.56350094,45.68178879,29.69126494,,-0.9986295348,-0.05233595624,0.9945218954,0.1045284633,-0.9876883406,-0.156434465,0.9781476007,0.2079116908,-0.9659258263,-0.2588190451,0.9510565163,0.3090169944,-0.9335804265,-0.3583679495,0.9135454576,0.4067366431,-0.8910065242,-0.4539904997,0.8660254038,0.5,-0.8386705679,-0.544639035,0.8090169944,0.5877852523,-0.7771459615,-0.629320391,0.7431448255,0.6691306064,-0.7071067812,-0.7071067812,0.6691306064,0.7431448255,-0.629320391,-0.7771459615,0.5877852523,0.8090169944,-0.544639035,-0.8386705679,0.5,0.8660254038,,110.3858011,,,,,,,,,,,,,,,110.3858011
1991 - Jun,50.4,306,113.9573616,123.305047,92.41905691,,-0.9980267284,-0.06279051953,0.9921147013,0.1253332336,-0.9822872507,-0.1873813146,0.9685831611,0.2486898872,-0.9510565163,-0.3090169944,0.9297764859,0.3681245527,-0.9048270525,-0.4257792916,0.87630668,0.4817536741,-0.8443279255,-0.535826795,0.8090169944,0.5877852523,-0.7705132428,-0.6374239897,0.7289686274,0.6845471059,-0.6845471059,-0.7289686274,0.6374239897,0.7705132428,-0.5877852523,-0.8090169944,0.535826795,0.8443279255,-0.4817536741,-0.87630668,0.4257792916,0.9048270525,-0.3681245527,-0.9297764859,0.3090169944,0.9510565163,,109.1192211,,,,,,,,,,,,,,,109.1192211
1991 - Jul,55.3,307,125.0628431,328.104785,38.11673855,,-0.9973144772,-0.07323819713,0.989272333,0.1460830286,-0.9759167619,-0.2181432414,0.9573194975,0.2890317969,-0.9335804265,-0.3583679495,0.9048270525,0.4257792916,-0.8712138111,-0.4909037536,0.8329212407,0.5533915492,-0.7901550124,-0.6129070537,0.7431448255,0.6691306064,-0.6921431739,-0.7217602281,0.6374239897,0.7705132428,-0.5792811723,-0.8151277957,0.5180270094,0.8553642602,-0.4539904997,-0.8910065242,0.3875155865,0.9218631516,-0.3189593093,-0.94776841,0.2486898872,0.9685831611,-0.1770847403,-0.984195608,0.1045284633,0.9945218954,,107.8074163,,,,,,,,,,,,,,,107.8074163
1991 - Aug,187.9,308,425.0316609,355.3223357,119.6186162,,-0.9964928592,-0.08367784333,0.9859960371,0.1667687467,-0.9685831611,-0.2486898872,0.9443763702,0.3288666467,-0.9135454576,-0.4067366431,0.87630668,0.4817536741,-0.8329212407,-0.5533915492,0.7836934573,0.6211477803,-0.7289686274,-0.6845471059,0.6691306064,0.7431448255,-0.6045991149,-0.796529918,0.535826795,0.8443279255,-0.4632960351,-0.8862035792,0.3875155865,0.9218631516,-0.3090169944,-0.9510565163,0.2283508701,0.9735789029,-0.1460830286,-0.989272333,0.06279051953,0.9980267284,0.02094241988,-0.9997806835,-0.1045284633,0.9945218954,,106.4555639,,,,,,,,,,,,,,,106.4555639
1991 - Sep,36.9,309,83.4857251,176.4318194,47.31897306,,-0.9955619646,-0.09410831332,0.9822872507,0.1873813146,-0.9602936857,-0.278991106,0.9297764859,0.3681245527,-0.8910065242,-0.4539904997,0.8443279255,0.535826795,-0.7901550124,-0.6129070537,0.7289686274,0.6845471059,-0.6613118653,-0.7501110696,0.5877852523,0.8090169944,-0.5090414158,-0.860742027,0.4257792916,0.9048270525,-0.3387379202,-0.940880769,0.2486898872,0.9685831611,-0.156434465,-0.9876883406,0.06279051953,0.9980267284,0.03141075908,-0.9995065604,-0.1253332336,0.9921147013,0.2181432414,-0.9759167619,-0.3090169944,0.9510565163,,105.068999,,,,,,,,,,,,,,,105.068999
1991 - Oct,1.4,310,3.168146585,21.44493376,14.77340346,,-0.9945218954,-0.1045284633,0.9781476007,0.2079116908,-0.9510565163,-0.3090169944,0.9135454576,0.4067366431,-0.8660254038,-0.5,0.8090169944,0.5877852523,-0.7431448255,-0.6691306064,0.6691306064,0.7431448255,-0.5877852523,-0.8090169944,0.5,0.8660254038,-0.4067366431,-0.9135454576,0.3090169944,0.9510565163,-0.2079116908,-0.9781476007,0.1045284633,0.9945218954,0,-1,-0.1045284633,0.9945218954,0.2079116908,-0.9781476007,-0.3090169944,0.9510565163,0.4067366431,-0.9135454576,-0.5,0.8660254038,,103.6531937,,,,,,,,,,,,,,,103.6531937
1991 - Nov,3.8,311,8.60106485,7.816028561,110.0439281,,-0.9933727656,-0.1149371505,0.9735789029,0.2283508701,-0.940880769,-0.3387379202,0.8957117602,0.4446351792,-0.8386705679,-0.544639035,0.7705132428,0.6374239897,-0.6921431739,-0.7217602281,0.6045991149,0.796529918,-0.5090414158,-0.860742027,0.4067366431,0.9135454576,-0.2990407923,-0.9542403285,0.1873813146,0.9822872507,-0.07323819713,-0.9973144772,-0.04187565373,0.9991228301,0.156434465,-0.9876883406,-0.2689198206,0.9631625668,0.3778407868,-0.9258705848,-0.4817536741,0.87630668,0.5792811723,-0.8151277957,-0.6691306064,0.7431448255,,102.2137357,,,,,,,,,,,,,,,102.2137357
1991 - Dec,16.2,312,36.67541637,15.92515343,230.2986689,,-0.9921147013,-0.1253332336,0.9685831611,0.2486898872,-0.9297764859,-0.3681245527,0.87630668,0.4817536741,-0.8090169944,-0.5877852523,0.7289686274,0.6845471059,-0.6374239897,-0.7705132428,0.535826795,0.8443279255,-0.4257792916,-0.9048270525,0.3090169944,0.9510565163,-0.1873813146,-0.9822872507,0.06279051953,0.9980267284,0.06279051953,-0.9980267284,-0.1873813146,0.9822872507,0.3090169944,-0.9510565163,-0.4257792916,0.9048270525,0.535826795,-0.8443279255,-0.6374239897,0.7705132428,0.7289686274,-0.6845471059,-0.8090169944,0.5877852523,,100.7563056,,,,,,,,,,,,,,,100.7563056
1992 - Jan,20.3,313,46.08357887,30.9468886,148.9118324,,-0.9907478405,-0.1357155724,0.9631625668,0.2689198206,-0.9177546257,-0.3971478906,0.8553642602,0.5180270094,-0.7771459615,-0.629320391,0.6845471059,0.7289686274,-0.5792811723,-0.8151277957,0.4632960351,0.8862035792,-0.3387379202,-0.940880769,0.2079116908,0.9781476007,-0.07323819713,-0.9973144772,-0.06279051953,0.9980267284,0.1976573404,-0.9802711746,-0.3288666467,0.9443763702,0.4539904997,-0.8910065242,-0.5707135677,0.8211492091,0.6768759697,-0.7360970871,-0.7705132428,0.6374239897,0.849892693,-0.5269557955,-0.9135454576,0.4067366431,,99.28665549,,,,,,,,,,,,,,,99.28665549
1992 - Feb,16.4,314,37.23794383,42.37818268,87.87055384,,-0.989272333,-0.1460830286,0.9573194975,0.2890317969,-0.9048270525,-0.4257792916,0.8329212407,0.5533915492,-0.7431448255,-0.6691306064,0.6374239897,0.7705132428,-0.5180270094,-0.8553642602,0.3875155865,0.9218631516,-0.2486898872,-0.9685831611,0.1045284633,0.9945218954,0.04187565373,-0.9991228301,-0.1873813146,0.9822872507,0.3288666467,-0.9443763702,-0.4632960351,0.8862035792,0.5877852523,-0.8090169944,-0.6996633405,0.7144726796,0.796529918,-0.6045991149,-0.87630668,0.4817536741,0.9372819895,-0.3485720473,-0.9781476007,0.2079116908,,97.81058525,,,,,,,,,,,,,,,97.81058525
1992 - Mar,0.5,315,1.135542913,32.90737615,3.450724567,,-0.9876883406,-0.156434465,0.9510565163,0.3090169944,-0.8910065242,-0.4539904997,0.8090169944,0.5877852523,-0.7071067812,-0.7071067812,0.5877852523,0.8090169944,-0.4539904997,-0.8910065242,0.3090169944,0.9510565163,-0.156434465,-0.9876883406,0,1,0.156434465,-0.9876883406,-0.3090169944,0.9510565163,0.4539904997,-0.8910065242,-0.5877852523,0.8090169944,0.7071067812,-0.7071067812,-0.8090169944,0.5877852523,0.8910065242,-0.4539904997,-0.9510565163,0.3090169944,0.9876883406,-0.156434465,-1,0,,96.3339203,,,,,,,,,,,,,,,96.3339203
1992 - Apr,1.2,316,2.725878629,19.73566082,13.81194506,,-0.9859960371,-0.1667687467,0.9443763702,0.3288666467,-0.87630668,-0.4817536741,0.7836934573,0.6211477803,-0.6691306064,-0.7431448255,0.535826795,0.8443279255,-0.3875155865,-0.9218631516,0.2283508701,0.9735789029,-0.06279051953,-0.9980267284,-0.1045284633,0.9945218954,0.2689198206,-0.9631625668,-0.4257792916,0.9048270525,0.5707135677,-0.8211492091,-0.6996633405,0.7144726796,0.8090169944,-0.5877852523,-0.8957117602,0.4446351792,0.9573194975,-0.2890317969,-0.9921147013,0.1253332336,0.9991228301,0.04187565373,-0.9781476007,-0.2079116908,,94.86248835,,,,,,,,,,,,,,,94.86248835
1992 - May,7.8,317,17.72195432,45.68178879,38.79435281,,-0.984195608,-0.1770847403,0.9372819895,0.3485720473,-0.860742027,-0.5090414158,0.7569950557,0.653420604,-0.629320391,-0.7771459615,0.4817536741,0.87630668,-0.3189593093,-0.94776841,0.1460830286,0.989272333,0.03141075908,-0.9995065604,-0.2079116908,0.9781476007,0.3778407868,-0.9258705848,-0.535826795,0.8443279255,0.6768759697,-0.7360970871,-0.796529918,0.6045991149,0.8910065242,-0.4539904997,-0.9573194975,0.2890317969,0.9933727656,-0.1149371505,-0.9980267284,-0.06279051953,0.9711342799,0.2385334576,-0.9135454576,-0.4067366431,,93.40209648,,,,,,,,,,,,,,,93.40209648
1992 - Jun,17.2,318,39.08743909,123.305047,31.69978848,,-0.9822872507,-0.1873813146,0.9297764859,0.3681245527,-0.8443279255,-0.535826795,0.7289686274,0.6845471059,-0.5877852523,-0.8090169944,0.4257792916,0.9048270525,-0.2486898872,-0.9685831611,0.06279051953,0.9980267284,0.1253332336,-0.9921147013,-0.3090169944,0.9510565163,0.4817536741,-0.87630668,-0.6374239897,0.7705132428,0.7705132428,-0.6374239897,-0.87630668,0.4817536741,0.9510565163,-0.3090169944,-0.9921147013,0.1253332336,0.9980267284,0.06279051953,-0.9685831611,-0.2486898872,0.9048270525,0.4257792916,-0.8090169944,-0.5877852523,,91.95850819,,,,,,,,,,,,,,,91.95850819
1992 - Jul,124.5,319,282.9892265,328.104785,86.24964932,,-0.9802711746,-0.1976573404,0.9218631516,0.3875155865,-0.8270805743,-0.5620833779,0.6996633405,0.7144726796,-0.544639035,-0.8386705679,0.3681245527,0.9297764859,-0.1770847403,-0.984195608,-0.02094241988,0.9997806835,0.2181432414,-0.9759167619,-0.4067366431,0.9135454576,0.5792811723,-0.8151277957,-0.7289686274,0.6845471059,0.849892693,-0.5269557955,-0.9372819895,0.3485720473,0.9876883406,-0.156434465,-0.9991228301,-0.04187565373,0.9711342799,0.2385334576,-0.9048270525,-0.4257792916,0.8028174752,0.596224875,-0.6691306064,-0.7431448255,,90.53742065,,,,,,,,,,,,,,,90.53742065
1992 - Aug,171.6,320,390.1302567,355.3223357,109.7961534,,-0.9781476007,-0.2079116908,0.9135454576,0.4067366431,-0.8090169944,-0.5877852523,0.6691306064,0.7431448255,-0.5,-0.8660254038,0.3090169944,0.9510565163,-0.1045284633,-0.9945218954,-0.1045284633,0.9945218954,0.3090169944,-0.9510565163,-0.5,0.8660254038,0.6691306064,-0.7431448255,-0.8090169944,0.5877852523,0.9135454576,-0.4067366431,-0.9781476007,0.2079116908,1,0,-0.9781476007,-0.2079116908,0.9135454576,0.4067366431,-0.8090169944,-0.5877852523,0.6691306064,0.7431448255,-0.5,-0.8660254038,,89.14444226,,,,,,,,,,,,,,,89.14444226
1992 - Sep,59,321,134.1640564,176.4318194,76.0430045,,-0.9759167619,-0.2181432414,0.9048270525,0.4257792916,-0.7901550124,-0.6129070537,0.6374239897,0.7705132428,-0.4539904997,-0.8910065242,0.2486898872,0.9685831611,-0.03141075908,-0.9995065604,-0.1873813146,0.9822872507,0.3971478906,-0.9177546257,-0.5877852523,0.8090169944,0.7501110696,-0.6613118653,-0.87630668,0.4817536741,0.9602936857,-0.278991106,-0.9980267284,0.06279051953,0.9876883406,0.156434465,-0.9297764859,-0.3681245527,0.8270805743,0.5620833779,-0.6845471059,-0.7289686274,0.5090414158,0.860742027,-0.3090169944,-0.9510565163,,87.78507046,,,,,,,,,,,,,,,87.78507046
1992 - Oct,3.8,322,8.642902299,21.44493376,40.30276986,,-0.9735789029,-0.2283508701,0.8957117602,0.4446351792,-0.7705132428,-0.6374239897,0.6045991149,0.796529918,-0.4067366431,-0.9135454576,0.1873813146,0.9822872507,0.04187565373,-0.9991228301,-0.2689198206,0.9631625668,0.4817536741,-0.87630668,-0.6691306064,0.7431448255,0.8211492091,-0.5707135677,-0.9297764859,0.3681245527,0.989272333,-0.1460830286,-0.9964928592,-0.08367784333,0.9510565163,0.3090169944,-0.8553642602,-0.5180270094,0.7144726796,0.6996633405,-0.535826795,-0.8443279255,0.3288666467,0.9443763702,-0.1045284633,-0.9945218954,,86.46467007,,,,,,,,,,,,,,,86.46467007
1992 - Nov,7.2,323,16.37948947,7.816028561,209.5628149,,-0.9711342799,-0.2385334576,0.8862035792,0.4632960351,-0.7501110696,-0.6613118653,0.5707135677,0.8211492091,-0.3583679495,-0.9335804265,0.1253332336,0.9921147013,0.1149371505,-0.9933727656,-0.3485720473,0.9372819895,0.5620833779,-0.8270805743,-0.7431448255,0.6691306064,0.8813034521,-0.4725507649,-0.9685831611,0.2486898872,0.9999451694,-0.01047178412,-0.9735789029,-0.2283508701,0.8910065242,0.4539904997,-0.7569950557,-0.653420604,0.5792811723,0.8151277957,-0.3681245527,-0.9297764859,0.1357155724,0.9907478405,0.1045284633,-0.9945218954,,85.1884521,,,,,,,,,,,,,,,85.1884521
1992 - Dec,0,324,0,15.92515343,0,,-0.9685831611,-0.2486898872,0.87630668,0.4817536741,-0.7289686274,-0.6845471059,0.535826795,0.8443279255,-0.3090169944,-0.9510565163,0.06279051953,0.9980267284,0.1873813146,-0.9822872507,-0.4257792916,0.9048270525,0.6374239897,-0.7705132428,-0.8090169944,0.5877852523,0.9297764859,-0.3681245527,-0.9921147013,0.1253332336,0.9921147013,0.1253332336,-0.9297764859,-0.3681245527,0.8090169944,0.5877852523,-0.6374239897,-0.7705132428,0.4257792916,0.9048270525,-0.1873813146,-0.9822872507,-0.06279051953,0.9980267284,0.3090169944,-0.9510565163,,83.96145322,,,,,,,,,,,,,,,83.96145322
1993 - Jan,4.5,325,10.26758791,30.9468886,33.1780944,,-0.9659258263,-0.2588190451,0.8660254038,0.5,-0.7071067812,-0.7071067812,0.5,0.8660254038,-0.2588190451,-0.9659258263,0,1,0.2588190451,-0.9659258263,-0.5,0.8660254038,0.7071067812,-0.7071067812,-0.8660254038,0.5,0.9659258263,-0.2588190451,-1,0,0.9659258263,0.2588190451,-0.8660254038,-0.5,0.7071067812,0.7071067812,-0.5,-0.8660254038,0.2588190451,0.9659258263,0,-1,-0.2588190451,0.9659258263,0.5,-0.8660254038,,82.78851582,,,,,,,,,,,,,,,82.78851582
1993 - Feb,16.1,326,36.74294327,42.37818268,86.70249867,,-0.9631625668,-0.2689198206,0.8553642602,0.5180270094,-0.6845471059,-0.7289686274,0.4632960351,0.8862035792,-0.2079116908,-0.9781476007,-0.06279051953,0.9980267284,0.3288666467,-0.9443763702,-0.5707135677,0.8211492091,0.7705132428,-0.6374239897,-0.9135454576,0.4067366431,0.989272333,-0.1460830286,-0.9921147013,-0.1253332336,0.9218631516,0.3875155865,-0.7836934573,-0.6211477803,0.5877852523,0.8090169944,-0.3485720473,-0.9372819895,0.08367784333,0.9964928592,0.1873813146,-0.9822872507,-0.4446351792,0.8957117602,0.6691306064,-0.7431448255,,81.67426895,,,,,,,,,,,,,,,81.67426895
1993 - Mar,11.3,327,25.79399904,32.90737615,78.38363933,,-0.9602936857,-0.278991106,0.8443279255,0.535826795,-0.6613118653,-0.7501110696,0.4257792916,0.9048270525,-0.156434465,-0.9876883406,-0.1253332336,0.9921147013,0.3971478906,-0.9177546257,-0.6374239897,0.7705132428,0.8270805743,-0.5620833779,-0.9510565163,0.3090169944,0.9995065604,-0.03141075908,-0.9685831611,-0.2486898872,0.860742027,0.5090414158,-0.6845471059,-0.7289686274,0.4539904997,0.8910065242,-0.1873813146,-0.9822872507,-0.09410831332,0.9955619646,0.3681245527,-0.9297764859,-0.6129070537,0.7901550124,0.8090169944,-0.5877852523,,80.62311003,,,,,,,,,,,,,,,80.62311003
1993 - Apr,5.4,328,12.32895265,19.73566082,62.47043241,,-0.9573194975,-0.2890317969,0.8329212407,0.5533915492,-0.6374239897,-0.7705132428,0.3875155865,0.9218631516,-0.1045284633,-0.9945218954,-0.1873813146,0.9822872507,0.4632960351,-0.8862035792,-0.6996633405,0.7144726796,0.87630668,-0.4817536741,-0.9781476007,0.2079116908,0.9964928592,0.08367784333,-0.9297764859,-0.3681245527,0.7836934573,0.6211477803,-0.5707135677,-0.8211492091,0.3090169944,0.9510565163,-0.02094241988,-0.9997806835,-0.2689198206,0.9631625668,0.535826795,-0.8443279255,-0.7569950557,0.653420604,0.9135454576,-0.4067366431,,79.63918751,,,,,,,,,,,,,,,79.63918751
1993 - May,8.8,329,20.09589282,45.68178879,43.99103746,,-0.9542403285,-0.2990407923,0.8211492091,0.5707135677,-0.6129070537,-0.7901550124,0.3485720473,0.9372819895,-0.05233595624,-0.9986295348,-0.2486898872,0.9685831611,0.5269557955,-0.849892693,-0.7569950557,0.653420604,0.9177546257,-0.3971478906,-0.9945218954,0.1045284633,0.9802711746,0.1976573404,-0.87630668,-0.4817536741,0.6921431739,0.7217602281,-0.4446351792,-0.8957117602,0.156434465,0.9876883406,0.1460830286,-0.989272333,-0.4352310994,0.9003187714,0.6845471059,-0.7289686274,-0.8712138111,0.4909037536,0.9781476007,-0.2079116908,,78.72638447,,,,,,,,,,,,,,,78.72638447
1993 - Jun,42,330,95.93258615,123.305047,77.8010215,,-0.9510565163,-0.3090169944,0.8090169944,0.5877852523,-0.5877852523,-0.8090169944,0.3090169944,0.9510565163,0,-1,-0.3090169944,0.9510565163,0.5877852523,-0.8090169944,-0.8090169944,0.5877852523,0.9510565163,-0.3090169944,-1,0,0.9510565163,0.3090169944,-0.8090169944,-0.5877852523,0.5877852523,0.8090169944,-0.3090169944,-0.9510565163,0,1,0.3090169944,-0.9510565163,-0.5877852523,0.8090169944,0.8090169944,-0.5877852523,-0.9510565163,0.3090169944,1,0,,77.88830335,,,,,,,,,,,,,,,77.88830335
1993 - Jul,274.6,331,627.349625,328.104785,191.2040463,,-0.94776841,-0.3189593093,0.796529918,0.6045991149,-0.5620833779,-0.8270805743,0.2689198206,0.9631625668,0.05233595624,-0.9986295348,-0.3681245527,0.9297764859,0.6454576877,-0.7637960286,-0.8553642602,0.5180270094,0.9759167619,-0.2181432414,-0.9945218954,-0.1045284633,0.909236109,0.4162807923,-0.7289686274,-0.6845471059,0.4725507649,0.8813034521,-0.1667687467,-0.9859960371,-0.156434465,0.9876883406,0.4632960351,-0.8862035792,-0.7217602281,0.6921431739,0.9048270525,-0.4257792916,-0.9933727656,0.1149371505,0.9781476007,0.2079116908,,77.12825165,,,,,,,,,,,,,,,77.12825165
1993 - Aug,35.6,332,81.34884203,355.3223357,22.89437895,,-0.9443763702,-0.3288666467,0.7836934573,0.6211477803,-0.535826795,-0.8443279255,0.2283508701,0.9735789029,0.1045284633,-0.9945218954,-0.4257792916,0.9048270525,0.6996633405,-0.7144726796,-0.8957117602,0.4446351792,0.9921147013,-0.1253332336,-0.9781476007,-0.2079116908,0.8553642602,0.5180270094,-0.6374239897,-0.7705132428,0.3485720473,0.9372819895,-0.02094241988,-0.9997806835,-0.3090169944,0.9510565163,0.6045991149,-0.796529918,-0.8329212407,0.5533915492,0.9685831611,-0.2486898872,-0.9964928592,-0.08367784333,0.9135454576,0.4067366431,,76.44922896,,,,,,,,,,,,,,,76.44922896
1993 - Sep,125.4,333,286.6099088,176.4318194,162.4479698,,-0.940880769,-0.3387379202,0.7705132428,0.6374239897,-0.5090414158,-0.860742027,0.1873813146,0.9822872507,0.156434465,-0.9876883406,-0.4817536741,0.87630668,0.7501110696,-0.6613118653,-0.9297764859,0.3681245527,0.9995065604,-0.03141075908,-0.9510565163,-0.3090169944,0.7901550124,0.6129070537,-0.535826795,-0.8443279255,0.2181432414,0.9759167619,0.1253332336,-0.9921147013,-0.4539904997,0.8910065242,0.7289686274,-0.6845471059,-0.9177546257,0.3971478906,0.9980267284,-0.06279051953,-0.9602936857,-0.278991106,0.8090169944,0.5877852523,,75.85391507,,,,,,,,,,,,,,,75.85391507
1993 - Oct,0,334,0,21.44493376,0,,-0.9372819895,-0.3485720473,0.7569950557,0.653420604,-0.4817536741,-0.87630668,0.1460830286,0.989272333,0.2079116908,-0.9781476007,-0.535826795,0.8443279255,0.796529918,-0.6045991149,-0.9573194975,0.2890317969,0.9980267284,0.06279051953,-0.9135454576,-0.4067366431,0.7144726796,0.6996633405,-0.4257792916,-0.9048270525,0.08367784333,0.9964928592,0.2689198206,-0.9631625668,-0.5877852523,0.8090169944,0.8329212407,-0.5533915492,-0.9735789029,0.2283508701,0.9921147013,0.1253332336,-0.8862035792,-0.4632960351,0.6691306064,0.7431448255,,75.34465941,,,,,,,,,,,,,,,75.34465941
1993 - Nov,0,335,0,7.816028561,0,,-0.9335804265,-0.3583679495,0.7431448255,0.6691306064,-0.4539904997,-0.8910065242,0.1045284633,0.9945218954,0.2588190451,-0.9659258263,-0.5877852523,0.8090169944,0.8386705679,-0.544639035,-0.9781476007,0.2079116908,0.9876883406,0.156434465,-0.8660254038,-0.5,0.629320391,0.7771459615,-0.3090169944,-0.9510565163,-0.05233595624,0.9986295348,0.4067366431,-0.9135454576,-0.7071067812,0.7071067812,0.9135454576,-0.4067366431,-0.9986295348,0.05233595624,0.9510565163,0.3090169944,-0.7771459615,-0.629320391,0.5,0.8660254038,,74.92347178,,,,,,,,,,,,,,,74.92347178
1993 - Dec,0,336,0,15.92515343,0,,-0.9297764859,-0.3681245527,0.7289686274,0.6845471059,-0.4257792916,-0.9048270525,0.06279051953,0.9980267284,0.3090169944,-0.9510565163,-0.6374239897,0.7705132428,0.87630668,-0.4817536741,-0.9921147013,0.1253332336,0.9685831611,0.2486898872,-0.8090169944,-0.5877852523,0.535826795,0.8443279255,-0.1873813146,-0.9822872507,-0.1873813146,0.9822872507,0.535826795,-0.8443279255,-0.8090169944,0.5877852523,0.9685831611,-0.2486898872,-0.9921147013,-0.1253332336,0.87630668,0.4817536741,-0.6374239897,-0.7705132428,0.3090169944,0.9510565163,,74.59201442,,,,,,,,,,,,,,,74.59201442
1994 - Jan,20.1,337,46.09661006,30.9468886,148.9539406,,-0.9258705848,-0.3778407868,0.7144726796,0.6996633405,-0.3971478906,-0.9177546257,0.02094241988,0.9997806835,0.3583679495,-0.9335804265,-0.6845471059,0.7289686274,0.909236109,-0.4162807923,-0.9991228301,0.04187565373,0.940880769,0.3387379202,-0.7431448255,-0.6691306064,0.4352310994,0.9003187714,-0.06279051953,-0.9980267284,-0.3189593093,0.94776841,0.653420604,-0.7569950557,-0.8910065242,0.4539904997,0.9964928592,-0.08367784333,-0.9542403285,-0.2990407923,0.7705132428,0.6374239897,-0.4725507649,-0.8813034521,0.1045284633,0.9945218954,,74.35159543,,,,,,,,,,,,,,,74.35159543
1994 - Feb,11.3,338,25.9205371,42.37818268,61.16481516,,-0.9218631516,-0.3875155865,0.6996633405,0.7144726796,-0.3681245527,-0.9297764859,-0.02094241988,0.9997806835,0.4067366431,-0.9135454576,-0.7289686274,0.6845471059,0.9372819895,-0.3485720473,-0.9991228301,-0.04187565373,0.9048270525,0.4257792916,-0.6691306064,-0.7431448255,0.3288666467,0.9443763702,0.06279051953,-0.9980267284,-0.4446351792,0.8957117602,0.7569950557,-0.653420604,-0.9510565163,0.3090169944,0.9964928592,0.08367784333,-0.8862035792,-0.4632960351,0.6374239897,0.7705132428,-0.2890317969,-0.9573194975,-0.1045284633,0.9945218954,,74.20316364,,,,,,,,,,,,,,,74.20316364
1994 - Mar,0.6,339,1.376605324,32.90737615,4.183272824,,-0.9177546257,-0.3971478906,0.6845471059,0.7289686274,-0.3387379202,-0.940880769,-0.06279051953,0.9980267284,0.4539904997,-0.8910065242,-0.7705132428,0.6374239897,0.9602936857,-0.278991106,-0.9921147013,-0.1253332336,0.860742027,0.5090414158,-0.5877852523,-0.8090169944,0.2181432414,0.9759167619,0.1873813146,-0.9822872507,-0.5620833779,0.8270805743,0.8443279255,-0.535826795,-0.9876883406,0.156434465,0.9685831611,0.2486898872,-0.7901550124,-0.6129070537,0.4817536741,0.87630668,-0.09410831332,-0.9955619646,-0.3090169944,0.9510565163,,74.14730485,,,,,,,,,,,,,,,74.14730485
1994 - Apr,7.6,340,17.44072153,19.73566082,88.3716116,,-0.9135454576,-0.4067366431,0.6691306064,0.7431448255,-0.3090169944,-0.9510565163,-0.1045284633,0.9945218954,0.5,-0.8660254038,-0.8090169944,0.5877852523,0.9781476007,-0.2079116908,-0.9781476007,-0.2079116908,0.8090169944,0.5877852523,-0.5,-0.8660254038,0.1045284633,0.9945218954,0.3090169944,-0.9510565163,-0.6691306064,0.7431448255,0.9135454576,-0.4067366431,-1,0,0.9135454576,0.4067366431,-0.6691306064,-0.7431448255,0.3090169944,0.9510565163,0.1045284633,-0.9945218954,-0.5,0.8660254038,,74.18423949,,,,,,,,,,,,,,,74.18423949
1994 - May,8.5,341,19.51023328,45.68178879,42.70899585,,-0.909236109,-0.4162807923,0.653420604,0.7569950557,-0.278991106,-0.9602936857,-0.1460830286,0.989272333,0.544639035,-0.8386705679,-0.8443279255,0.535826795,0.9907478405,-0.1357155724,-0.9573194975,-0.2890317969,0.7501110696,0.6613118653,-0.4067366431,-0.9135454576,-0.01047178412,0.9999451694,0.4257792916,-0.9048270525,-0.7637960286,0.6454576877,0.9631625668,-0.2689198206,-0.9876883406,-0.156434465,0.8329212407,0.5533915492,-0.5269557955,-0.849892693,0.1253332336,0.9921147013,0.2990407923,-0.9542403285,-0.6691306064,0.7431448255,,74.31382182,,,,,,,,,,,,,,,74.31382182
1994 - Jun,51.3,342,117.7751327,123.305047,95.51525715,,-0.9048270525,-0.4257792916,0.6374239897,0.7705132428,-0.2486898872,-0.9685831611,-0.1873813146,0.9822872507,0.5877852523,-0.8090169944,-0.87630668,0.4817536741,0.9980267284,-0.06279051953,-0.9297764859,-0.3681245527,0.6845471059,0.7289686274,-0.3090169944,-0.9510565163,-0.1253332336,0.9921147013,0.535826795,-0.8443279255,-0.8443279255,0.535826795,0.9921147013,-0.1253332336,-0.9510565163,-0.3090169944,0.7289686274,0.6845471059,-0.3681245527,-0.9297764859,-0.06279051953,0.9980267284,0.4817536741,-0.87630668,-0.8090169944,0.5877852523,,74.53554042,,,,,,,,,,,,,,,74.53554042
1994 - Jul,275.8,343,633.3200242,328.104785,193.0237086,,-0.9003187714,-0.4352310994,0.6211477803,0.7836934573,-0.2181432414,-0.9759167619,-0.2283508701,0.9735789029,0.629320391,-0.7771459615,-0.9048270525,0.4257792916,0.9999451694,0.01047178412,-0.8957117602,-0.4446351792,0.6129070537,0.7901550124,-0.2079116908,-0.9781476007,-0.2385334576,0.9711342799,0.6374239897,-0.7705132428,-0.909236109,0.4162807923,0.9997806835,0.02094241988,-0.8910065242,-0.4539904997,0.6045991149,0.796529918,-0.1976573404,-0.9802711746,-0.2486898872,0.9685831611,0.6454576877,-0.7637960286,-0.9135454576,0.4067366431,,74.84852027,,,,,,,,,,,,,,,74.84852027
1994 - Aug,160.6,344,368.8648219,355.3223357,103.8113242,,-0.8957117602,-0.4446351792,0.6045991149,0.796529918,-0.1873813146,-0.9822872507,-0.2689198206,0.9631625668,0.6691306064,-0.7431448255,-0.9297764859,0.3681245527,0.9964928592,0.08367784333,-0.8553642602,-0.5180270094,0.535826795,0.8443279255,-0.1045284633,-0.9945218954,-0.3485720473,0.9372819895,0.7289686274,-0.6845471059,-0.9573194975,0.2890317969,0.9859960371,0.1667687467,-0.8090169944,-0.5877852523,0.4632960351,0.8862035792,-0.02094241988,-0.9997806835,-0.4257792916,0.9048270525,0.7836934573,-0.6211477803,-0.9781476007,0.2079116908,,75.25152619,,,,,,,,,,,,,,,75.25152619
1994 - Sep,28.2,345,64.78337457,176.4318194,36.71864564,,-0.8910065242,-0.4539904997,0.5877852523,0.8090169944,-0.156434465,-0.9876883406,-0.3090169944,0.9510565163,0.7071067812,-0.7071067812,-0.9510565163,0.3090169944,0.9876883406,0.156434465,-0.8090169944,-0.5877852523,0.4539904997,0.8910065242,0,-1,-0.4539904997,0.8910065242,0.8090169944,-0.5877852523,-0.9876883406,0.156434465,0.9510565163,0.3090169944,-0.7071067812,-0.7071067812,0.3090169944,0.9510565163,0.156434465,-0.9876883406,-0.5877852523,0.8090169944,0.8910065242,-0.4539904997,-1,0,,75.74296769,,,,,,,,,,,,,,,75.74296769
1994 - Oct,0,346,0,21.44493376,0,,-0.8862035792,-0.4632960351,0.5707135677,0.8211492091,-0.1253332336,-0.9921147013,-0.3485720473,0.9372819895,0.7431448255,-0.6691306064,-0.9685831611,0.2486898872,0.9735789029,0.2283508701,-0.7569950557,-0.653420604,0.3681245527,0.9297764859,0.1045284633,-0.9945218954,-0.5533915492,0.8329212407,0.87630668,-0.4817536741,-0.9997806835,0.02094241988,0.8957117602,0.4446351792,-0.5877852523,-0.8090169944,0.1460830286,0.989272333,0.3288666467,-0.9443763702,-0.7289686274,0.6845471059,0.9631625668,-0.2689198206,-0.9781476007,-0.2079116908,,76.32090528,,,,,,,,,,,,,,,76.32090528
1994 - Nov,0.1,347,0.2298264655,7.816028561,2.940450687,,-0.8813034521,-0.4725507649,0.5533915492,0.8329212407,-0.09410831332,-0.9955619646,-0.3875155865,0.9218631516,0.7771459615,-0.629320391,-0.9822872507,0.1873813146,0.9542403285,0.2990407923,-0.6996633405,-0.7144726796,0.278991106,0.9602936857,0.2079116908,-0.9781476007,-0.6454576877,0.7637960286,0.9297764859,-0.3681245527,-0.9933727656,-0.1149371505,0.8211492091,0.5707135677,-0.4539904997,-0.8910065242,-0.02094241988,0.9997806835,0.4909037536,-0.8712138111,-0.8443279255,0.535826795,0.9973144772,-0.07323819713,-0.9135454576,-0.4067366431,,76.9830581,,,,,,,,,,,,,,,76.9830581
1994 - Dec,0.2,348,0.4597511809,15.92515343,2.886949773,,-0.87630668,-0.4817536741,0.535826795,0.8443279255,-0.06279051953,-0.9980267284,-0.4257792916,0.9048270525,0.8090169944,-0.5877852523,-0.9921147013,0.1253332336,0.9297764859,0.3681245527,-0.6374239897,-0.7705132428,0.1873813146,0.9822872507,0.3090169944,-0.9510565163,-0.7289686274,0.6845471059,0.9685831611,-0.2486898872,-0.9685831611,-0.2486898872,0.7289686274,0.6845471059,-0.3090169944,-0.9510565163,-0.1873813146,0.9822872507,0.6374239897,-0.7705132428,-0.9297764859,0.3681245527,0.9921147013,0.1253332336,-0.8090169944,-0.5877852523,,77.72681295,,,,,,,,,,,,,,,77.72681295
1995 - Jan,38.8,349,89.44025886,30.9468886,289.0121202,,-0.8712138111,-0.4909037536,0.5180270094,0.8553642602,-0.03141075908,-0.9995065604,-0.4632960351,0.8862035792,0.8386705679,-0.544639035,-0.9980267284,0.06279051953,0.9003187714,0.4352310994,-0.5707135677,-0.8211492091,0.09410831332,0.9955619646,0.4067366431,-0.9135454576,-0.8028174752,0.596224875,0.9921147013,-0.1253332336,-0.9258705848,-0.3778407868,0.6211477803,0.7836934573,-0.156434465,-0.9876883406,-0.3485720473,0.9372819895,0.7637960286,-0.6454576877,-0.9822872507,0.1873813146,0.94776841,0.3189593093,-0.6691306064,-0.7431448255,,78.54923455,,,,,,,,,,,,,,,78.54923455
1995 - Feb,21.7,350,50.03272464,42.37818268,118.0624592,,-0.8660254038,-0.5,0.5,0.8660254038,0,-1,-0.5,0.8660254038,0.8660254038,-0.5,-1,0,0.8660254038,0.5,-0.5,-0.8660254038,0,1,0.5,-0.8660254038,-0.8660254038,0.5,1,0,-0.8660254038,-0.5,0.5,0.8660254038,0,-1,-0.5,0.8660254038,0.8660254038,-0.5,-1,0,0.8660254038,0.5,-0.5,-0.8660254038,,79.44707719,,,,,,,,,,,,,,,79.44707719
1995 - Mar,9.8,351,22.60026929,32.90737615,68.67842998,,-0.860742027,-0.5090414158,0.4817536741,0.87630668,0.03141075908,-0.9995065604,-0.535826795,0.8443279255,0.8910065242,-0.4539904997,-0.9980267284,-0.06279051953,0.8270805743,0.5620833779,-0.4257792916,-0.9048270525,-0.09410831332,0.9955619646,0.5877852523,-0.8090169944,-0.9177546257,0.3971478906,0.9921147013,0.1253332336,-0.7901550124,-0.6129070537,0.3681245527,0.9297764859,0.156434465,-0.9876883406,-0.6374239897,0.7705132428,0.940880769,-0.3387379202,-0.9822872507,-0.1873813146,0.7501110696,0.6613118653,-0.3090169944,-0.9510565163,,80.41679749,,,,,,,,,,,,,,,80.41679749
1995 - Apr,4.9,352,11.30255831,19.73566082,57.26972315,,-0.8553642602,-0.5180270094,0.4632960351,0.8862035792,0.06279051953,-0.9980267284,-0.5707135677,0.8211492091,0.9135454576,-0.4067366431,-0.9921147013,-0.1253332336,0.7836934573,0.6211477803,-0.3485720473,-0.9372819895,-0.1873813146,0.9822872507,0.6691306064,-0.7431448255,-0.9573194975,0.2890317969,0.9685831611,0.2486898872,-0.6996633405,-0.7144726796,0.2283508701,0.9735789029,0.3090169944,-0.9510565163,-0.7569950557,0.653420604,0.9859960371,-0.1667687467,-0.9297764859,-0.3681245527,0.6045991149,0.796529918,-0.1045284633,-0.9945218954,,81.45456841,,,,,,,,,,,,,,,81.45456841
1995 - May,0.6,353,1.384283636,45.68178879,3.030274585,,-0.849892693,-0.5269557955,0.4446351792,0.8957117602,0.09410831332,-0.9955619646,-0.6045991149,0.796529918,0.9335804265,-0.3583679495,-0.9822872507,-0.1873813146,0.7360970871,0.6768759697,-0.2689198206,-0.9631625668,-0.278991106,0.9602936857,0.7431448255,-0.6691306064,-0.984195608,0.1770847403,0.9297764859,0.3681245527,-0.596224875,-0.8028174752,0.08367784333,0.9964928592,0.4539904997,-0.8910065242,-0.8553642602,0.5180270094,0.9999451694,0.01047178412,-0.8443279255,-0.535826795,0.4352310994,0.9003187714,0.1045284633,-0.9945218954,,82.55629434,,,,,,,,,,,,,,,82.55629434
1995 - Jun,47.2,354,108.9203457,123.305047,88.33405312,,-0.8443279255,-0.535826795,0.4257792916,0.9048270525,0.1253332336,-0.9921147013,-0.6374239897,0.7705132428,0.9510565163,-0.3090169944,-0.9685831611,-0.2486898872,0.6845471059,0.7289686274,-0.1873813146,-0.9822872507,-0.3681245527,0.9297764859,0.8090169944,-0.5877852523,-0.9980267284,0.06279051953,0.87630668,0.4817536741,-0.4817536741,-0.87630668,-0.06279051953,0.9980267284,0.5877852523,-0.8090169944,-0.9297764859,0.3681245527,0.9822872507,0.1873813146,-0.7289686274,-0.6845471059,0.2486898872,0.9685831611,0.3090169944,-0.9510565163,,83.71762727,,,,,,,,,,,,,,,83.71762727
1995 - Jul,115,355,265.4349163,328.104785,80.89943471,,-0.8386705679,-0.544639035,0.4067366431,0.9135454576,0.156434465,-0.9876883406,-0.6691306064,0.7431448255,0.9659258263,-0.2588190451,-0.9510565163,-0.3090169944,0.629320391,0.7771459615,-0.1045284633,-0.9945218954,-0.4539904997,0.8910065242,0.8660254038,-0.5,-0.9986295348,-0.05233595624,0.8090169944,0.5877852523,-0.3583679495,-0.9335804265,-0.2079116908,0.9781476007,0.7071067812,-0.7071067812,-0.9781476007,0.2079116908,0.9335804265,0.3583679495,-0.5877852523,-0.8090169944,0.05233595624,0.9986295348,0.5,-0.8660254038,,84.93398395,,,,,,,,,,,,,,,84.93398395
1995 - Aug,405.3,356,935.6857868,355.3223357,263.3343566,,-0.8329212407,-0.5533915492,0.3875155865,0.9218631516,0.1873813146,-0.9822872507,-0.6996633405,0.7144726796,0.9781476007,-0.2079116908,-0.9297764859,-0.3681245527,0.5707135677,0.8211492091,-0.02094241988,-0.9997806835,-0.535826795,0.8443279255,0.9135454576,-0.4067366431,-0.9859960371,-0.1667687467,0.7289686274,0.6845471059,-0.2283508701,-0.9735789029,-0.3485720473,0.9372819895,0.8090169944,-0.5877852523,-0.9991228301,0.04187565373,0.8553642602,0.5180270094,-0.4257792916,-0.9048270525,-0.1460830286,0.989272333,0.6691306064,-0.7431448255,,86.20056398,,,,,,,,,,,,,,,86.20056398
1995 - Sep,175.3,357,404.7888889,176.4318194,229.430774,,-0.8270805743,-0.5620833779,0.3681245527,0.9297764859,0.2181432414,-0.9759167619,-0.7289686274,0.6845471059,0.9876883406,-0.156434465,-0.9048270525,-0.4257792916,0.5090414158,0.860742027,0.06279051953,-0.9980267284,-0.6129070537,0.7901550124,0.9510565163,-0.3090169944,-0.9602936857,-0.278991106,0.6374239897,0.7705132428,-0.09410831332,-0.9955619646,-0.4817536741,0.87630668,0.8910065242,-0.4539904997,-0.9921147013,-0.1253332336,0.7501110696,0.6613118653,-0.2486898872,-0.9685831611,-0.3387379202,0.940880769,0.8090169944,-0.5877852523,,87.51236875,,,,,,,,,,,,,,,87.51236875
1995 - Oct,0.2,358,0.4619233548,21.44493376,2.153997583,,-0.8211492091,-0.5707135677,0.3485720473,0.9372819895,0.2486898872,-0.9685831611,-0.7569950557,0.653420604,0.9945218954,-0.1045284633,-0.87630668,-0.4817536741,0.4446351792,0.8957117602,0.1460830286,-0.989272333,-0.6845471059,0.7289686274,0.9781476007,-0.2079116908,-0.9218631516,-0.3875155865,0.535826795,0.8443279255,0.04187565373,-0.9991228301,-0.6045991149,0.796529918,0.9510565163,-0.3090169944,-0.9573194975,-0.2890317969,0.6211477803,0.7836934573,-0.06279051953,-0.9980267284,-0.5180270094,0.8553642602,0.9135454576,-0.4067366431,,88.86422115,,,,,,,,,,,,,,,88.86422115
1995 - Nov,0.1,359,0.2310112889,7.816028561,2.95560958,,-0.8151277957,-0.5792811723,0.3288666467,0.9443763702,0.278991106,-0.9602936857,-0.7836934573,0.6211477803,0.9986295348,-0.05233595624,-0.8443279255,-0.535826795,0.3778407868,0.9258705848,0.2283508701,-0.9735789029,-0.7501110696,0.6613118653,0.9945218954,-0.1045284633,-0.8712138111,-0.4909037536,0.4257792916,0.9048270525,0.1770847403,-0.984195608,-0.7144726796,0.6996633405,0.9876883406,-0.156434465,-0.8957117602,-0.4446351792,0.4725507649,0.8813034521,0.1253332336,-0.9921147013,-0.6768759697,0.7360970871,0.9781476007,-0.2079116908,,90.25078605,,,,,,,,,,,,,,,90.25078605
1995 - Dec,0.3,360,0.6931827651,15.92515343,4.352754075,,-0.8090169944,-0.5877852523,0.3090169944,0.9510565163,0.3090169944,-0.9510565163,-0.8090169944,0.5877852523,1,0,-0.8090169944,-0.5877852523,0.3090169944,0.9510565163,0.3090169944,-0.9510565163,-0.8090169944,0.5877852523,1,0,-0.8090169944,-0.5877852523,0.3090169944,0.9510565163,0.3090169944,-0.9510565163,-0.8090169944,0.5877852523,1,0,-0.8090169944,-0.5877852523,0.3090169944,0.9510565163,0.3090169944,-0.9510565163,-0.8090169944,0.5877852523,1,0,,91.66659131,,,,,,,,,,,,,,,91.66659131
1996 - Jan,16,361,37.07329511,30.9468886,119.7965184,,-0.8028174752,-0.596224875,0.2890317969,0.9573194975,0.3387379202,-0.940880769,-0.8329212407,0.5533915492,0.9986295348,0.05233595624,-0.7705132428,-0.6374239897,0.2385334576,0.9711342799,0.3875155865,-0.9218631516,-0.860742027,0.5090414158,0.9945218954,0.1045284633,-0.7360970871,-0.6768759697,0.1873813146,0.9822872507,0.4352310994,-0.9003187714,-0.8862035792,0.4632960351,0.9876883406,0.156434465,-0.6996633405,-0.7144726796,0.1357155724,0.9907478405,0.4817536741,-0.87630668,-0.909236109,0.4162807923,0.9781476007,0.2079116908,,93.10604939,,,,,,,,,,,,,,,93.10604939
1996 - Feb,30.5,362,70.68619827,42.37818268,166.7985596,,-0.796529918,-0.6045991149,0.2689198206,0.9631625668,0.3681245527,-0.9297764859,-0.8553642602,0.5180270094,0.9945218954,0.1045284633,-0.7289686274,-0.6845471059,0.1667687467,0.9859960371,0.4632960351,-0.8862035792,-0.9048270525,0.4257792916,0.9781476007,0.2079116908,-0.653420604,-0.7569950557,0.06279051953,0.9980267284,0.5533915492,-0.8329212407,-0.9443763702,0.3288666467,0.9510565163,0.3090169944,-0.5707135677,-0.8211492091,-0.04187565373,0.9991228301,0.6374239897,-0.7705132428,-0.9735789029,0.2283508701,0.9135454576,0.4067366431,,94.56347941,,,,,,,,,,,,,,,94.56347941
1996 - Mar,11.6,363,26.88972584,32.90737615,81.71336941,,-0.7901550124,-0.6129070537,0.2486898872,0.9685831611,0.3971478906,-0.9177546257,-0.87630668,0.4817536741,0.9876883406,0.156434465,-0.6845471059,-0.7289686274,0.09410831332,0.9955619646,0.535826795,-0.8443279255,-0.940880769,0.3387379202,0.9510565163,0.3090169944,-0.5620833779,-0.8270805743,-0.06279051953,0.9980267284,0.6613118653,-0.7501110696,-0.9822872507,0.1873813146,0.8910065242,0.4539904997,-0.4257792916,-0.9048270525,-0.2181432414,0.9759167619,0.7705132428,-0.6374239897,-0.9995065604,0.03141075908,0.8090169944,0.5877852523,,96.03312956,,,,,,,,,,,,,,,96.03312956
1996 - Apr,0.6,364,1.391147743,19.73566082,7.048903786,,-0.7836934573,-0.6211477803,0.2283508701,0.9735789029,0.4257792916,-0.9048270525,-0.8957117602,0.4446351792,0.9781476007,0.2079116908,-0.6374239897,-0.7705132428,0.02094241988,0.9997806835,0.6045991149,-0.796529918,-0.9685831611,0.2486898872,0.9135454576,0.4067366431,-0.4632960351,-0.8862035792,-0.1873813146,0.9822872507,0.7569950557,-0.653420604,-0.9991228301,0.04187565373,0.8090169944,0.5877852523,-0.2689198206,-0.9631625668,-0.3875155865,0.9218631516,0.87630668,-0.4817536741,-0.9859960371,-0.1667687467,0.6691306064,0.7431448255,,97.5091998,,,,,,,,,,,,,,,97.5091998
1996 - May,5.1,365,11.82730568,45.68178879,25.89063605,,-0.7771459615,-0.629320391,0.2079116908,0.9781476007,0.4539904997,-0.8910065242,-0.9135454576,0.4067366431,0.9659258263,0.2588190451,-0.5877852523,-0.8090169944,-0.05233595624,0.9986295348,0.6691306064,-0.7431448255,-0.9876883406,0.156434465,0.8660254038,0.5,-0.3583679495,-0.9335804265,-0.3090169944,0.9510565163,0.8386705679,-0.544639035,-0.9945218954,-0.1045284633,0.7071067812,0.7071067812,-0.1045284633,-0.9945218954,-0.544639035,0.8386705679,0.9510565163,-0.3090169944,-0.9335804265,-0.3583679495,0.5,0.8660254038,,98.98586475,,,,,,,,,,,,,,,98.98586475
1996 - Jun,109.4,366,253.7620228,123.305047,205.8001914,,-0.7705132428,-0.6374239897,0.1873813146,0.9822872507,0.4817536741,-0.87630668,-0.9297764859,0.3681245527,0.9510565163,0.3090169944,-0.535826795,-0.8443279255,-0.1253332336,0.9921147013,0.7289686274,-0.6845471059,-0.9980267284,0.06279051953,0.8090169944,0.5877852523,-0.2486898872,-0.9685831611,-0.4257792916,0.9048270525,0.9048270525,-0.4257792916,-0.9685831611,-0.2486898872,0.5877852523,0.8090169944,0.06279051953,-0.9980267284,-0.6845471059,0.7289686274,0.9921147013,-0.1253332336,-0.8443279255,-0.535826795,0.3090169944,0.9510565163,,100.4572967,,,,,,,,,,,,,,,100.4572967
1996 - Jul,85.8,367,199.0628759,328.104785,60.67051898,,-0.7637960286,-0.6454576877,0.1667687467,0.9859960371,0.5090414158,-0.860742027,-0.9443763702,0.3288666467,0.9335804265,0.3583679495,-0.4817536741,-0.87630668,-0.1976573404,0.9802711746,0.7836934573,-0.6211477803,-0.9995065604,-0.03141075908,0.7431448255,0.6691306064,-0.1357155724,-0.9907478405,-0.535826795,0.8443279255,0.9542403285,-0.2990407923,-0.9218631516,-0.3875155865,0.4539904997,0.8910065242,0.2283508701,-0.9735789029,-0.8028174752,0.596224875,0.9980267284,0.06279051953,-0.7217602281,-0.6921431739,0.1045284633,0.9945218954,,101.9176886,,,,,,,,,,,,,,,101.9176886
1996 - Aug,249.2,368,578.2887251,355.3223357,162.750457,,-0.7569950557,-0.653420604,0.1460830286,0.989272333,0.535826795,-0.8443279255,-0.9573194975,0.2890317969,0.9135454576,0.4067366431,-0.4257792916,-0.9048270525,-0.2689198206,0.9631625668,0.8329212407,-0.5533915492,-0.9921147013,-0.1253332336,0.6691306064,0.7431448255,-0.02094241988,-0.9997806835,-0.6374239897,0.7705132428,0.9859960371,-0.1667687467,-0.8553642602,-0.5180270094,0.3090169944,0.9510565163,0.3875155865,-0.9218631516,-0.8957117602,0.4446351792,0.9685831611,0.2486898872,-0.5707135677,-0.8211492091,-0.1045284633,0.9945218954,,103.3612769,,,,,,,,,,,,,,,103.3612769
1996 - Sep,116.3,369,269.9417896,176.4318194,153.0006268,,-0.7501110696,-0.6613118653,0.1253332336,0.9921147013,0.5620833779,-0.8270805743,-0.9685831611,0.2486898872,0.8910065242,0.4539904997,-0.3681245527,-0.9297764859,-0.3387379202,0.940880769,0.87630668,-0.4817536741,-0.9759167619,-0.2181432414,0.5877852523,0.8090169944,0.09410831332,-0.9955619646,-0.7289686274,0.6845471059,0.9995065604,-0.03141075908,-0.7705132428,-0.6374239897,0.156434465,0.9876883406,0.535826795,-0.8443279255,-0.9602936857,0.278991106,0.9048270525,0.4257792916,-0.3971478906,-0.9177546257,-0.3090169944,0.9510565163,,104.7823644,,,,,,,,,,,,,,,104.7823644
1996 - Oct,19.9,370,46.19949471,21.44493376,215.4331425,,-0.7431448255,-0.6691306064,0.1045284633,0.9945218954,0.5877852523,-0.8090169944,-0.9781476007,0.2079116908,0.8660254038,0.5,-0.3090169944,-0.9510565163,-0.4067366431,0.9135454576,0.9135454576,-0.4067366431,-0.9510565163,-0.3090169944,0.5,0.8660254038,0.2079116908,-0.9781476007,-0.8090169944,0.5877852523,0.9945218954,0.1045284633,-0.6691306064,-0.7431448255,0,1,0.6691306064,-0.7431448255,-0.9945218954,0.1045284633,0.8090169944,0.5877852523,-0.2079116908,-0.9781476007,-0.5,0.8660254038,,106.1753428,,,,,,,,,,,,,,,106.1753428
1996 - Nov,0,371,0,7.816028561,0,,-0.7360970871,-0.6768759697,0.08367784333,0.9964928592,0.6129070537,-0.7901550124,-0.9859960371,0.1667687467,0.8386705679,0.544639035,-0.2486898872,-0.9685831611,-0.4725507649,0.8813034521,0.9443763702,-0.3288666467,-0.9177546257,-0.3971478906,0.4067366431,0.9135454576,0.3189593093,-0.94776841,-0.87630668,0.4817536741,0.9711342799,0.2385334576,-0.5533915492,-0.8329212407,-0.156434465,0.9876883406,0.7836934573,-0.6211477803,-0.9973144772,-0.07323819713,0.6845471059,0.7289686274,-0.01047178412,-0.9999451694,-0.6691306064,0.7431448255,,107.5347146,,,,,,,,,,,,,,,107.5347146
1996 - Dec,0.3,372,0.6967756212,15.92515343,4.375314964,,-0.7289686274,-0.6845471059,0.06279051953,0.9980267284,0.6374239897,-0.7705132428,-0.9921147013,0.1253332336,0.8090169944,0.5877852523,-0.1873813146,-0.9822872507,-0.535826795,0.8443279255,0.9685831611,-0.2486898872,-0.87630668,-0.4817536741,0.3090169944,0.9510565163,0.4257792916,-0.9048270525,-0.9297764859,0.3681245527,0.9297764859,0.3681245527,-0.4257792916,-0.9048270525,-0.3090169944,0.9510565163,0.87630668,-0.4817536741,-0.9685831611,-0.2486898872,0.535826795,0.8443279255,0.1873813146,-0.9822872507,-0.8090169944,0.5877852523,,108.855115,,,,,,,,,,,,,,,108.855115
1997 - Jan,6.6,373,15.37222162,30.9468886,49.67291484,,-0.7217602281,-0.6921431739,0.04187565373,0.9991228301,0.6613118653,-0.7501110696,-0.9964928592,0.08367784333,0.7771459615,0.629320391,-0.1253332336,-0.9921147013,-0.596224875,0.8028174752,0.9859960371,-0.1667687467,-0.8270805743,-0.5620833779,0.2079116908,0.9781476007,0.5269557955,-0.849892693,-0.9685831611,0.2486898872,0.8712138111,0.4909037536,-0.2890317969,-0.9573194975,-0.4539904997,0.8910065242,0.9443763702,-0.3288666467,-0.909236109,-0.4162807923,0.3681245527,0.9297764859,0.3778407868,-0.9258705848,-0.9135454576,0.4067366431,,110.1313329,,,,,,,,,,,,,,,110.1313329
1997 - Feb,2.2,374,5.125183842,42.37818268,12.09392078,,-0.7144726796,-0.6996633405,0.02094241988,0.9997806835,0.6845471059,-0.7289686274,-0.9991228301,0.04187565373,0.7431448255,0.6691306064,-0.06279051953,-0.9980267284,-0.653420604,0.7569950557,0.9964928592,-0.08367784333,-0.7705132428,-0.6374239897,0.1045284633,0.9945218954,0.6211477803,-0.7836934573,-0.9921147013,0.1253332336,0.796529918,0.6045991149,-0.1460830286,-0.989272333,-0.5877852523,0.8090169944,0.9859960371,-0.1667687467,-0.8211492091,-0.5707135677,0.1873813146,0.9822872507,0.5533915492,-0.8329212407,-0.9781476007,0.2079116908,,111.3583318,,,,,,,,,,,,,,,111.3583318
1997 - Mar,14.6,375,34.01995304,32.90737615,103.3809347,,-0.7071067812,-0.7071067812,0,1,0.7071067812,-0.7071067812,-1,0,0.7071067812,0.7071067812,0,-1,-0.7071067812,0.7071067812,1,0,-0.7071067812,-0.7071067812,0,1,0.7071067812,-0.7071067812,-1,0,0.7071067812,0.7071067812,0,-1,-0.7071067812,0.7071067812,1,0,-0.7071067812,-0.7071067812,0,1,0.7071067812,-0.7071067812,-1,0,,112.5312692,,,,,,,,,,,,,,,112.5312692
1997 - Apr,35.3,376,82.27154749,19.73566082,416.8674575,,-0.6996633405,-0.7144726796,-0.02094241988,0.9997806835,0.7289686274,-0.6845471059,-0.9991228301,-0.04187565373,0.6691306064,0.7431448255,0.06279051953,-0.9980267284,-0.7569950557,0.653420604,0.9964928592,0.08367784333,-0.6374239897,-0.7705132428,-0.1045284633,0.9945218954,0.7836934573,-0.6211477803,-0.9921147013,-0.1253332336,0.6045991149,0.796529918,0.1460830286,-0.989272333,-0.8090169944,0.5877852523,0.9859960371,0.1667687467,-0.5707135677,-0.8211492091,-0.1873813146,0.9822872507,0.8329212407,-0.5533915492,-0.9781476007,-0.2079116908,,113.6455161,,,,,,,,,,,,,,,113.6455161
1997 - May,38,377,88.58346923,45.68178879,193.9141868,,-0.6921431739,-0.7217602281,-0.04187565373,0.9991228301,0.7501110696,-0.6613118653,-0.9964928592,-0.08367784333,0.629320391,0.7771459615,0.1253332336,-0.9921147013,-0.8028174752,0.596224875,0.9859960371,0.1667687467,-0.5620833779,-0.8270805743,-0.2079116908,0.9781476007,0.849892693,-0.5269557955,-0.9685831611,-0.2486898872,0.4909037536,0.8712138111,0.2890317969,-0.9573194975,-0.8910065242,0.4539904997,0.9443763702,0.3288666467,-0.4162807923,-0.909236109,-0.3681245527,0.9297764859,0.9258705848,-0.3778407868,-0.9135454576,-0.4067366431,,114.696675,,,,,,,,,,,,,,,114.696675
1997 - Jun,60.2,378,140.3652899,123.305047,113.8358026,,-0.6845471059,-0.7289686274,-0.06279051953,0.9980267284,0.7705132428,-0.6374239897,-0.9921147013,-0.1253332336,0.5877852523,0.8090169944,0.1873813146,-0.9822872507,-0.8443279255,0.535826795,0.9685831611,0.2486898872,-0.4817536741,-0.87630668,-0.3090169944,0.9510565163,0.9048270525,-0.4257792916,-0.9297764859,-0.3681245527,0.3681245527,0.9297764859,0.4257792916,-0.9048270525,-0.9510565163,0.3090169944,0.87630668,0.4817536741,-0.2486898872,-0.9685831611,-0.535826795,0.8443279255,0.9822872507,-0.1873813146,-0.8090169944,-0.5877852523,,115.6805975,,,,,,,,,,,,,,,115.6805975
1997 - Jul,133.6,379,311.5759028,328.104785,94.962316,,-0.6768759697,-0.7360970871,-0.08367784333,0.9964928592,0.7901550124,-0.6129070537,-0.9859960371,-0.1667687467,0.544639035,0.8386705679,0.2486898872,-0.9685831611,-0.8813034521,0.4725507649,0.9443763702,0.3288666467,-0.3971478906,-0.9177546257,-0.4067366431,0.9135454576,0.94776841,-0.3189593093,-0.87630668,-0.4817536741,0.2385334576,0.9711342799,0.5533915492,-0.8329212407,-0.9876883406,0.156434465,0.7836934573,0.6211477803,-0.07323819713,-0.9973144772,-0.6845471059,0.7289686274,0.9999451694,0.01047178412,-0.6691306064,-0.7431448255,,116.5934006,,,,,,,,,,,,,,,116.5934006
1997 - Aug,226.8,380,529.0474709,355.3223357,148.8922642,,-0.6691306064,-0.7431448255,-0.1045284633,0.9945218954,0.8090169944,-0.5877852523,-0.9781476007,-0.2079116908,0.5,0.8660254038,0.3090169944,-0.9510565163,-0.9135454576,0.4067366431,0.9135454576,0.4067366431,-0.3090169944,-0.9510565163,-0.5,0.8660254038,0.9781476007,-0.2079116908,-0.8090169944,-0.5877852523,0.1045284633,0.9945218954,0.6691306064,-0.7431448255,-1,0,0.6691306064,0.7431448255,0.1045284633,-0.9945218954,-0.8090169944,0.5877852523,0.9781476007,0.2079116908,-0.5,-0.8660254038,,117.4314817,,,,,,,,,,,,,,,117.4314817
1997 - Sep,36.9,381,86.09385757,176.4318194,48.79723955,,-0.6613118653,-0.7501110696,-0.1253332336,0.9921147013,0.8270805743,-0.5620833779,-0.9685831611,-0.2486898872,0.4539904997,0.8910065242,0.3681245527,-0.9297764859,-0.940880769,0.3387379202,0.87630668,0.4817536741,-0.2181432414,-0.9759167619,-0.5877852523,0.8090169944,0.9955619646,-0.09410831332,-0.7289686274,-0.6845471059,-0.03141075908,0.9995065604,0.7705132428,-0.6374239897,-0.9876883406,-0.156434465,0.535826795,0.8443279255,0.278991106,-0.9602936857,-0.9048270525,0.4257792916,0.9177546257,0.3971478906,-0.3090169944,-0.9510565163,,118.1915334,,,,,,,,,,,,,,,118.1915334
1997 - Oct,53.7,382,125.3182485,21.44493376,584.3722807,,-0.653420604,-0.7569950557,-0.1460830286,0.989272333,0.8443279255,-0.535826795,-0.9573194975,-0.2890317969,0.4067366431,0.9135454576,0.4257792916,-0.9048270525,-0.9631625668,0.2689198206,0.8329212407,0.5533915492,-0.1253332336,-0.9921147013,-0.6691306064,0.7431448255,0.9997806835,0.02094241988,-0.6374239897,-0.7705132428,-0.1667687467,0.9859960371,0.8553642602,-0.5180270094,-0.9510565163,-0.3090169944,0.3875155865,0.9218631516,0.4446351792,-0.8957117602,-0.9685831611,0.2486898872,0.8211492091,0.5707135677,-0.1045284633,-0.9945218954,,118.8705561,,,,,,,,,,,,,,,118.8705561
1997 - Nov,13.4,383,31.27800746,7.816028561,400.1777529,,-0.6454576877,-0.7637960286,-0.1667687467,0.9859960371,0.860742027,-0.5090414158,-0.9443763702,-0.3288666467,0.3583679495,0.9335804265,0.4817536741,-0.87630668,-0.9802711746,0.1976573404,0.7836934573,0.6211477803,-0.03141075908,-0.9995065604,-0.7431448255,0.6691306064,0.9907478405,0.1357155724,-0.535826795,-0.8443279255,-0.2990407923,0.9542403285,0.9218631516,-0.3875155865,-0.8910065242,-0.4539904997,0.2283508701,0.9735789029,0.596224875,-0.8028174752,-0.9980267284,0.06279051953,0.6921431739,0.7217602281,0.1045284633,-0.9945218954,,119.46587,,,,,,,,,,,,,,,119.46587
1997 - Dec,47.3,384,110.4306661,15.92515343,693.4354919,,-0.6374239897,-0.7705132428,-0.1873813146,0.9822872507,0.87630668,-0.4817536741,-0.9297764859,-0.3681245527,0.3090169944,0.9510565163,0.535826795,-0.8443279255,-0.9921147013,0.1253332336,0.7289686274,0.6845471059,0.06279051953,-0.9980267284,-0.8090169944,0.5877852523,0.9685831611,0.2486898872,-0.4257792916,-0.9048270525,-0.4257792916,0.9048270525,0.9685831611,-0.2486898872,-0.8090169944,-0.5877852523,0.06279051953,0.9980267284,0.7289686274,-0.6845471059,-0.9921147013,-0.1253332336,0.535826795,0.8443279255,0.3090169944,-0.9510565163,,119.9751256,,,,,,,,,,,,,,,119.9751256
1998 - Jan,0.4,385,0.9365175531,30.9468886,3.026209082,,-0.629320391,-0.7771459615,-0.2079116908,0.9781476007,0.8910065242,-0.4539904997,-0.9135454576,-0.4067366431,0.2588190451,0.9659258263,0.5877852523,-0.8090169944,-0.9986295348,0.05233595624,0.6691306064,0.7431448255,0.156434465,-0.9876883406,-0.8660254038,0.5,0.9335804265,0.3583679495,-0.3090169944,-0.9510565163,-0.544639035,0.8386705679,0.9945218954,-0.1045284633,-0.7071067812,-0.7071067812,-0.1045284633,0.9945218954,0.8386705679,-0.544639035,-0.9510565163,-0.3090169944,0.3583679495,0.9335804265,0.5,-0.8660254038,,120.3963133,,,,,,,,,,,,,,,120.3963133
1998 - Feb,24.6,386,57.60837105,42.37818268,135.9387482,,-0.6211477803,-0.7836934573,-0.2283508701,0.9735789029,0.9048270525,-0.4257792916,-0.8957117602,-0.4446351792,0.2079116908,0.9781476007,0.6374239897,-0.7705132428,-0.9997806835,-0.02094241988,0.6045991149,0.796529918,0.2486898872,-0.9685831611,-0.9135454576,0.4067366431,0.8862035792,0.4632960351,-0.1873813146,-0.9822872507,-0.653420604,0.7569950557,0.9991228301,0.04187565373,-0.5877852523,-0.8090169944,-0.2689198206,0.9631625668,0.9218631516,-0.3875155865,-0.87630668,-0.4817536741,0.1667687467,0.9859960371,0.6691306064,-0.7431448255,,120.7277706,,,,,,,,,,,,,,,120.7277706
1998 - Mar,25.4,387,59.49476904,32.90737615,180.7946303,,-0.6129070537,-0.7901550124,-0.2486898872,0.9685831611,0.9177546257,-0.3971478906,-0.87630668,-0.4817536741,0.156434465,0.9876883406,0.6845471059,-0.7289686274,-0.9955619646,-0.09410831332,0.535826795,0.8443279255,0.3387379202,-0.940880769,-0.9510565163,0.3090169944,0.8270805743,0.5620833779,-0.06279051953,-0.9980267284,-0.7501110696,0.6613118653,0.9822872507,0.1873813146,-0.4539904997,-0.8910065242,-0.4257792916,0.9048270525,0.9759167619,-0.2181432414,-0.7705132428,-0.6374239897,-0.03141075908,0.9995065604,0.8090169944,-0.5877852523,,120.9681896,,,,,,,,,,,,,,,120.9681896
1998 - Apr,9.1,388,21.31969844,19.73566082,108.026271,,-0.6045991149,-0.796529918,-0.2689198206,0.9631625668,0.9297764859,-0.3681245527,-0.8553642602,-0.5180270094,0.1045284633,0.9945218954,0.7289686274,-0.6845471059,-0.9859960371,-0.1667687467,0.4632960351,0.8862035792,0.4257792916,-0.9048270525,-0.9781476007,0.2079116908,0.7569950557,0.653420604,0.06279051953,-0.9980267284,-0.8329212407,0.5533915492,0.9443763702,0.3288666467,-0.3090169944,-0.9510565163,-0.5707135677,0.8211492091,0.9991228301,-0.04187565373,-0.6374239897,-0.7705132428,-0.2283508701,0.9735789029,0.9135454576,-0.4067366431,,121.1166214,,,,,,,,,,,,,,,121.1166214
1998 - May,6.1,389,14.29434039,45.68178879,31.29111351,,-0.596224875,-0.8028174752,-0.2890317969,0.9573194975,0.940880769,-0.3387379202,-0.8329212407,-0.5533915492,0.05233595624,0.9986295348,0.7705132428,-0.6374239897,-0.9711342799,-0.2385334576,0.3875155865,0.9218631516,0.5090414158,-0.860742027,-0.9945218954,0.1045284633,0.6768759697,0.7360970871,0.1873813146,-0.9822872507,-0.9003187714,0.4352310994,0.8862035792,0.4632960351,-0.156434465,-0.9876883406,-0.6996633405,0.7144726796,0.9907478405,0.1357155724,-0.4817536741,-0.87630668,-0.4162807923,0.909236109,0.9781476007,-0.2079116908,,121.1724802,,,,,,,,,,,,,,,121.1724802
1998 - Jun,68.4,390,160.3190115,123.305047,130.0182072,,-0.5877852523,-0.8090169944,-0.3090169944,0.9510565163,0.9510565163,-0.3090169944,-0.8090169944,-0.5877852523,0,1,0.8090169944,-0.5877852523,-0.9510565163,-0.3090169944,0.3090169944,0.9510565163,0.5877852523,-0.8090169944,-1,0,0.5877852523,0.8090169944,0.3090169944,-0.9510565163,-0.9510565163,0.3090169944,0.8090169944,0.5877852523,0,-1,-0.8090169944,0.5877852523,0.9510565163,0.3090169944,-0.3090169944,-0.9510565163,-0.5877852523,0.8090169944,1,0,,121.1355456,,,,,,,,,,,,,,,121.1355456
1998 - Jul,154.8,391,362.9063285,328.104785,110.6068382,,-0.5792811723,-0.8151277957,-0.3288666467,0.9443763702,0.9602936857,-0.278991106,-0.7836934573,-0.6211477803,-0.05233595624,0.9986295348,0.8443279255,-0.535826795,-0.9258705848,-0.3778407868,0.2283508701,0.9735789029,0.6613118653,-0.7501110696,-0.9945218954,-0.1045284633,0.4909037536,0.8712138111,0.4257792916,-0.9048270525,-0.984195608,0.1770847403,0.7144726796,0.6996633405,0.156434465,-0.9876883406,-0.8957117602,0.4446351792,0.8813034521,0.4725507649,-0.1253332336,-0.9921147013,-0.7360970871,0.6768759697,0.9781476007,0.2079116908,,121.0059632,,,,,,,,,,,,,,,121.0059632
1998 - Aug,161.6,392,378.9305526,355.3223357,106.6441691,,-0.5707135677,-0.8211492091,-0.3485720473,0.9372819895,0.9685831611,-0.2486898872,-0.7569950557,-0.653420604,-0.1045284633,0.9945218954,0.87630668,-0.4817536741,-0.8957117602,-0.4446351792,0.1460830286,0.989272333,0.7289686274,-0.6845471059,-0.9781476007,-0.2079116908,0.3875155865,0.9218631516,0.535826795,-0.8443279255,-0.9991228301,0.04187565373,0.6045991149,0.796529918,0.3090169944,-0.9510565163,-0.9573194975,0.2890317969,0.7836934573,0.6211477803,0.06279051953,-0.9980267284,-0.8553642602,0.5180270094,0.9135454576,0.4067366431,,120.7842446,,,,,,,,,,,,,,,120.7842446
1998 - Sep,150.9,393,353.9176393,176.4318194,200.5973982,,-0.5620833779,-0.8270805743,-0.3681245527,0.9297764859,0.9759167619,-0.2181432414,-0.7289686274,-0.6845471059,-0.156434465,0.9876883406,0.9048270525,-0.4257792916,-0.860742027,-0.5090414158,0.06279051953,0.9980267284,0.7901550124,-0.6129070537,-0.9510565163,-0.3090169944,0.278991106,0.9602936857,0.6374239897,-0.7705132428,-0.9955619646,-0.09410831332,0.4817536741,0.87630668,0.4539904997,-0.8910065242,-0.9921147013,0.1253332336,0.6613118653,0.7501110696,0.2486898872,-0.9685831611,-0.940880769,0.3387379202,0.8090169944,0.5877852523,,120.4712648,,,,,,,,,,,,,,,120.4712648
1998 - Oct,78.2,394,183.448618,21.44493376,855.4403574,,-0.5533915492,-0.8329212407,-0.3875155865,0.9218631516,0.9822872507,-0.1873813146,-0.6996633405,-0.7144726796,-0.2079116908,0.9781476007,0.9297764859,-0.3681245527,-0.8211492091,-0.5707135677,-0.02094241988,0.9997806835,0.8443279255,-0.535826795,-0.9135454576,-0.4067366431,0.1667687467,0.9859960371,0.7289686274,-0.6845471059,-0.9735789029,-0.2283508701,0.3485720473,0.9372819895,0.5877852523,-0.8090169944,-0.9991228301,-0.04187565373,0.5180270094,0.8553642602,0.4257792916,-0.9048270525,-0.989272333,0.1460830286,0.6691306064,0.7431448255,,120.0682589,,,,,,,,,,,,,,,120.0682589
1998 - Nov,5.8,395,13.60913205,7.816028561,174.1182488,,-0.544639035,-0.8386705679,-0.4067366431,0.9135454576,0.9876883406,-0.156434465,-0.6691306064,-0.7431448255,-0.2588190451,0.9659258263,0.9510565163,-0.3090169944,-0.7771459615,-0.629320391,-0.1045284633,0.9945218954,0.8910065242,-0.4539904997,-0.8660254038,-0.5,0.05233595624,0.9986295348,0.8090169944,-0.5877852523,-0.9335804265,-0.3583679495,0.2079116908,0.9781476007,0.7071067812,-0.7071067812,-0.9781476007,-0.2079116908,0.3583679495,0.9335804265,0.5877852523,-0.8090169944,-0.9986295348,-0.05233595624,0.5,0.8660254038,,119.5768174,,,,,,,,,,,,,,,119.5768174
1998 - Dec,0,396,0,15.92515343,0,,-0.535826795,-0.8443279255,-0.4257792916,0.9048270525,0.9921147013,-0.1253332336,-0.6374239897,-0.7705132428,-0.3090169944,0.9510565163,0.9685831611,-0.2486898872,-0.7289686274,-0.6845471059,-0.1873813146,0.9822872507,0.9297764859,-0.3681245527,-0.8090169944,-0.5877852523,-0.06279051953,0.9980267284,0.87630668,-0.4817536741,-0.87630668,-0.4817536741,0.06279051953,0.9980267284,0.8090169944,-0.5877852523,-0.9297764859,-0.3681245527,0.1873813146,0.9822872507,0.7289686274,-0.6845471059,-0.9685831611,-0.2486898872,0.3090169944,0.9510565163,,118.9988798,,,,,,,,,,,,,,,118.9988798
1999 - Jan,31.7,397,74.6088383,30.9468886,241.0867188,,-0.5269557955,-0.849892693,-0.4446351792,0.8957117602,0.9955619646,-0.09410831332,-0.6045991149,-0.796529918,-0.3583679495,0.9335804265,0.9822872507,-0.1873813146,-0.6768759697,-0.7360970871,-0.2689198206,0.9631625668,0.9602936857,-0.278991106,-0.7431448255,-0.6691306064,-0.1770847403,0.984195608,0.9297764859,-0.3681245527,-0.8028174752,-0.596224875,-0.08367784333,0.9964928592,0.8910065242,-0.4539904997,-0.8553642602,-0.5180270094,0.01047178412,0.9999451694,0.8443279255,-0.535826795,-0.9003187714,-0.4352310994,0.1045284633,0.9945218954,,118.3367269,,,,,,,,,,,,,,,118.3367269
1999 - Feb,0.7,398,1.647874411,42.37818268,3.888497117,,-0.5180270094,-0.8553642602,-0.4632960351,0.8862035792,0.9980267284,-0.06279051953,-0.5707135677,-0.8211492091,-0.4067366431,0.9135454576,0.9921147013,-0.1253332336,-0.6211477803,-0.7836934573,-0.3485720473,0.9372819895,0.9822872507,-0.1873813146,-0.6691306064,-0.7431448255,-0.2890317969,0.9573194975,0.9685831611,-0.2486898872,-0.7144726796,-0.6996633405,-0.2283508701,0.9735789029,0.9510565163,-0.3090169944,-0.7569950557,-0.653420604,-0.1667687467,0.9859960371,0.9297764859,-0.3681245527,-0.796529918,-0.6045991149,-0.1045284633,0.9945218954,,117.5929721,,,,,,,,,,,,,,,117.5929721
1999 - Mar,1.4,399,3.296470403,32.90737615,10.01742098,,-0.5090414158,-0.860742027,-0.4817536741,0.87630668,0.9995065604,-0.03141075908,-0.535826795,-0.8443279255,-0.4539904997,0.8910065242,0.9980267284,-0.06279051953,-0.5620833779,-0.8270805743,-0.4257792916,0.9048270525,0.9955619646,-0.09410831332,-0.5877852523,-0.8090169944,-0.3971478906,0.9177546257,0.9921147013,-0.1253332336,-0.6129070537,-0.7901550124,-0.3681245527,0.9297764859,0.9876883406,-0.156434465,-0.6374239897,-0.7705132428,-0.3387379202,0.940880769,0.9822872507,-0.1873813146,-0.6613118653,-0.7501110696,-0.3090169944,0.9510565163,,116.7705505,,,,,,,,,,,,,,,116.7705505
1999 - Apr,0,400,0,19.73566082,0,,-0.5,-0.8660254038,-0.5,0.8660254038,1,0,-0.5,-0.8660254038,-0.5,0.8660254038,1,0,-0.5,-0.8660254038,-0.5,0.8660254038,1,0,-0.5,-0.8660254038,-0.5,0.8660254038,1,0,-0.5,-0.8660254038,-0.5,0.8660254038,1,0,-0.5,-0.8660254038,-0.5,0.8660254038,1,0,-0.5,-0.8660254038,-0.5,0.8660254038,,115.8727079,,,,,,,,,,,,,,,115.8727079
1999 - May,20.1,401,47.34862976,45.68178879,103.6488084,,-0.4909037536,-0.8712138111,-0.5180270094,0.8553642602,0.9995065604,0.03141075908,-0.4632960351,-0.8862035792,-0.544639035,0.8386705679,0.9980267284,0.06279051953,-0.4352310994,-0.9003187714,-0.5707135677,0.8211492091,0.9955619646,0.09410831332,-0.4067366431,-0.9135454576,-0.596224875,0.8028174752,0.9921147013,0.1253332336,-0.3778407868,-0.9258705848,-0.6211477803,0.7836934573,0.9876883406,0.156434465,-0.3485720473,-0.9372819895,-0.6454576877,0.7637960286,0.9822872507,0.1873813146,-0.3189593093,-0.94776841,-0.6691306064,0.7431448255,,114.9029876,,,,,,,,,,,,,,,114.9029876
1999 - Jun,42.2,402,99.43034504,123.305047,80.63769281,,-0.4817536741,-0.87630668,-0.535826795,0.8443279255,0.9980267284,0.06279051953,-0.4257792916,-0.9048270525,-0.5877852523,0.8090169944,0.9921147013,0.1253332336,-0.3681245527,-0.9297764859,-0.6374239897,0.7705132428,0.9822872507,0.1873813146,-0.3090169944,-0.9510565163,-0.6845471059,0.7289686274,0.9685831611,0.2486898872,-0.2486898872,-0.9685831611,-0.7289686274,0.6845471059,0.9510565163,0.3090169944,-0.1873813146,-0.9822872507,-0.7705132428,0.6374239897,0.9297764859,0.3681245527,-0.1253332336,-0.9921147013,-0.8090169944,0.5877852523,,113.8652166,,,,,,,,,,,,,,,113.8652166
1999 - Jul,109.8,403,258.7640824,328.104785,78.86629338,,-0.4725507649,-0.8813034521,-0.5533915492,0.8329212407,0.9955619646,0.09410831332,-0.3875155865,-0.9218631516,-0.629320391,0.7771459615,0.9822872507,0.1873813146,-0.2990407923,-0.9542403285,-0.6996633405,0.7144726796,0.9602936857,0.278991106,-0.2079116908,-0.9781476007,-0.7637960286,0.6454576877,0.9297764859,0.3681245527,-0.1149371505,-0.9933727656,-0.8211492091,0.5707135677,0.8910065242,0.4539904997,-0.02094241988,-0.9997806835,-0.8712138111,0.4909037536,0.8443279255,0.535826795,0.07323819713,-0.9973144772,-0.9135454576,0.4067366431,,112.7634907,,,,,,,,,,,,,,,112.7634907
1999 - Aug,78.7,404,185.5118113,355.3223357,52.20944269,,-0.4632960351,-0.8862035792,-0.5707135677,0.8211492091,0.9921147013,0.1253332336,-0.3485720473,-0.9372819895,-0.6691306064,0.7431448255,0.9685831611,0.2486898872,-0.2283508701,-0.9735789029,-0.7569950557,0.653420604,0.9297764859,0.3681245527,-0.1045284633,-0.9945218954,-0.8329212407,0.5533915492,0.87630668,0.4817536741,0.02094241988,-0.9997806835,-0.8957117602,0.4446351792,0.8090169944,0.5877852523,0.1460830286,-0.989272333,-0.9443763702,0.3288666467,0.7289686274,0.6845471059,0.2689198206,-0.9631625668,-0.9781476007,0.2079116908,,111.6021578,,,,,,,,,,,,,,,111.6021578
1999 - Sep,54.7,405,128.9672264,176.4318194,73.09748707,,-0.4539904997,-0.8910065242,-0.5877852523,0.8090169944,0.9876883406,0.156434465,-0.3090169944,-0.9510565163,-0.7071067812,0.7071067812,0.9510565163,0.3090169944,-0.156434465,-0.9876883406,-0.8090169944,0.5877852523,0.8910065242,0.4539904997,0,-1,-0.8910065242,0.4539904997,0.8090169944,0.5877852523,0.156434465,-0.9876883406,-0.9510565163,0.3090169944,0.7071067812,0.7071067812,0.3090169944,-0.9510565163,-0.9876883406,0.156434465,0.5877852523,0.8090169944,0.4539904997,-0.8910065242,-1,0,,110.3858011,,,,,,,,,,,,,,,110.3858011
1999 - Oct,4.8,406,11.31953253,21.44493376,52.78418045,,-0.4446351792,-0.8957117602,-0.6045991149,0.796529918,0.9822872507,0.1873813146,-0.2689198206,-0.9631625668,-0.7431448255,0.6691306064,0.9297764859,0.3681245527,-0.08367784333,-0.9964928592,-0.8553642602,0.5180270094,0.8443279255,0.535826795,0.1045284633,-0.9945218954,-0.9372819895,0.3485720473,0.7289686274,0.6845471059,0.2890317969,-0.9573194975,-0.9859960371,0.1667687467,0.5877852523,0.8090169944,0.4632960351,-0.8862035792,-0.9997806835,-0.02094241988,0.4257792916,0.9048270525,0.6211477803,-0.7836934573,-0.9781476007,-0.2079116908,,109.1192211,,,,,,,,,,,,,,,109.1192211
1999 - Nov,0,407,0,7.816028561,0,,-0.4352310994,-0.9003187714,-0.6211477803,0.7836934573,0.9759167619,0.2181432414,-0.2283508701,-0.9735789029,-0.7771459615,0.629320391,0.9048270525,0.4257792916,-0.01047178412,-0.9999451694,-0.8957117602,0.4446351792,0.7901550124,0.6129070537,0.2079116908,-0.9781476007,-0.9711342799,0.2385334576,0.6374239897,0.7705132428,0.4162807923,-0.909236109,-0.9997806835,0.02094241988,0.4539904997,0.8910065242,0.6045991149,-0.796529918,-0.9802711746,-0.1976573404,0.2486898872,0.9685831611,0.7637960286,-0.6454576877,-0.9135454576,-0.4067366431,,107.8074163,,,,,,,,,,,,,,,107.8074163
1999 - Dec,0.4,408,0.9437082479,15.92515343,5.925897366,,-0.4257792916,-0.9048270525,-0.6374239897,0.7705132428,0.9685831611,0.2486898872,-0.1873813146,-0.9822872507,-0.8090169944,0.5877852523,0.87630668,0.4817536741,0.06279051953,-0.9980267284,-0.9297764859,0.3681245527,0.7289686274,0.6845471059,0.3090169944,-0.9510565163,-0.9921147013,0.1253332336,0.535826795,0.8443279255,0.535826795,-0.8443279255,-0.9921147013,-0.1253332336,0.3090169944,0.9510565163,0.7289686274,-0.6845471059,-0.9297764859,-0.3681245527,0.06279051953,0.9980267284,0.87630668,-0.4817536741,-0.8090169944,-0.5877852523,,106.4555639,,,,,,,,,,,,,,,106.4555639
2000 - Jan,17.1,409,40.45891129,30.9468886,130.7366043,,-0.4162807923,-0.909236109,-0.653420604,0.7569950557,0.9602936857,0.278991106,-0.1460830286,-0.989272333,-0.8386705679,0.544639035,0.8443279255,0.535826795,0.1357155724,-0.9907478405,-0.9573194975,0.2890317969,0.6613118653,0.7501110696,0.4067366431,-0.9135454576,-0.9999451694,0.01047178412,0.4257792916,0.9048270525,0.6454576877,-0.7637960286,-0.9631625668,-0.2689198206,0.156434465,0.9876883406,0.8329212407,-0.5533915492,-0.849892693,-0.5269557955,-0.1253332336,0.9921147013,0.9542403285,-0.2990407923,-0.6691306064,-0.7431448255,,105.068999,,,,,,,,,,,,,,,105.068999
2000 - Feb,29.1,410,68.86628048,42.37818268,162.5040909,,-0.4067366431,-0.9135454576,-0.6691306064,0.7431448255,0.9510565163,0.3090169944,-0.1045284633,-0.9945218954,-0.8660254038,0.5,0.8090169944,0.5877852523,0.2079116908,-0.9781476007,-0.9781476007,0.2079116908,0.5877852523,0.8090169944,0.5,-0.8660254038,-0.9945218954,-0.1045284633,0.3090169944,0.9510565163,0.7431448255,-0.6691306064,-0.9135454576,-0.4067366431,0,1,0.9135454576,-0.4067366431,-0.7431448255,-0.6691306064,-0.3090169944,0.9510565163,0.9945218954,-0.1045284633,-0.5,-0.8660254038,,103.6531937,,,,,,,,,,,,,,,103.6531937
2000 - Mar,1.4,411,3.31388361,32.90737615,10.0703368,,-0.3971478906,-0.9177546257,-0.6845471059,0.7289686274,0.940880769,0.3387379202,-0.06279051953,-0.9980267284,-0.8910065242,0.4539904997,0.7705132428,0.6374239897,0.278991106,-0.9602936857,-0.9921147013,0.1253332336,0.5090414158,0.860742027,0.5877852523,-0.8090169944,-0.9759167619,-0.2181432414,0.1873813146,0.9822872507,0.8270805743,-0.5620833779,-0.8443279255,-0.535826795,-0.156434465,0.9876883406,0.9685831611,-0.2486898872,-0.6129070537,-0.7901550124,-0.4817536741,0.87630668,0.9955619646,0.09410831332,-0.3090169944,-0.9510565163,,102.2137357,,,,,,,,,,,,,,,102.2137357
2000 - Apr,1.3,412,3.077855071,19.73566082,15.5953991,,-0.3875155865,-0.9218631516,-0.6996633405,0.7144726796,0.9297764859,0.3681245527,-0.02094241988,-0.9997806835,-0.9135454576,0.4067366431,0.7289686274,0.6845471059,0.3485720473,-0.9372819895,-0.9991228301,0.04187565373,0.4257792916,0.9048270525,0.6691306064,-0.7431448255,-0.9443763702,-0.3288666467,0.06279051953,0.9980267284,0.8957117602,-0.4446351792,-0.7569950557,-0.653420604,-0.3090169944,0.9510565163,0.9964928592,-0.08367784333,-0.4632960351,-0.8862035792,-0.6374239897,0.7705132428,0.9573194975,0.2890317969,-0.1045284633,-0.9945218954,,100.7563056,,,,,,,,,,,,,,,100.7563056
2000 - May,22.8,413,53.99272915,45.68178879,118.193115,,-0.3778407868,-0.9258705848,-0.7144726796,0.6996633405,0.9177546257,0.3971478906,0.02094241988,-0.9997806835,-0.9335804265,0.3583679495,0.6845471059,0.7289686274,0.4162807923,-0.909236109,-0.9991228301,-0.04187565373,0.3387379202,0.940880769,0.7431448255,-0.6691306064,-0.9003187714,-0.4352310994,-0.06279051953,0.9980267284,0.94776841,-0.3189593093,-0.653420604,-0.7569950557,-0.4539904997,0.8910065242,0.9964928592,0.08367784333,-0.2990407923,-0.9542403285,-0.7705132428,0.6374239897,0.8813034521,0.4725507649,0.1045284633,-0.9945218954,,99.28665549,,,,,,,,,,,,,,,99.28665549
2000 - Jun,58.9,414,139.511937,123.305047,113.1437361,,-0.3681245527,-0.9297764859,-0.7289686274,0.6845471059,0.9048270525,0.4257792916,0.06279051953,-0.9980267284,-0.9510565163,0.3090169944,0.6374239897,0.7705132428,0.4817536741,-0.87630668,-0.9921147013,-0.1253332336,0.2486898872,0.9685831611,0.8090169944,-0.5877852523,-0.8443279255,-0.535826795,-0.1873813146,0.9822872507,0.9822872507,-0.1873813146,-0.535826795,-0.8443279255,-0.5877852523,0.8090169944,0.9685831611,0.2486898872,-0.1253332336,-0.9921147013,-0.87630668,0.4817536741,0.7705132428,0.6374239897,0.3090169944,-0.9510565163,,97.81058525,,,,,,,,,,,,,,,97.81058525
2000 - Jul,146.8,415,347.7905607,328.104785,105.9998441,,-0.3583679495,-0.9335804265,-0.7431448255,0.6691306064,0.8910065242,0.4539904997,0.1045284633,-0.9945218954,-0.9659258263,0.2588190451,0.5877852523,0.8090169944,0.544639035,-0.8386705679,-0.9781476007,-0.2079116908,0.156434465,0.9876883406,0.8660254038,-0.5,-0.7771459615,-0.629320391,-0.3090169944,0.9510565163,0.9986295348,-0.05233595624,-0.4067366431,-0.9135454576,-0.7071067812,0.7071067812,0.9135454576,0.4067366431,0.05233595624,-0.9986295348,-0.9510565163,0.3090169944,0.629320391,0.7771459615,0.5,-0.8660254038,,96.3339203,,,,,,,,,,,,,,,96.3339203
2000 - Aug,87.9,416,208.2937759,355.3223357,58.62107584,,-0.3485720473,-0.9372819895,-0.7569950557,0.653420604,0.87630668,0.4817536741,0.1460830286,-0.989272333,-0.9781476007,0.2079116908,0.535826795,0.8443279255,0.6045991149,-0.796529918,-0.9573194975,-0.2890317969,0.06279051953,0.9980267284,0.9135454576,-0.4067366431,-0.6996633405,-0.7144726796,-0.4257792916,0.9048270525,0.9964928592,0.08367784333,-0.2689198206,-0.9631625668,-0.8090169944,0.5877852523,0.8329212407,0.5533915492,0.2283508701,-0.9735789029,-0.9921147013,0.1253332336,0.4632960351,0.8862035792,0.6691306064,-0.7431448255,,94.86248835,,,,,,,,,,,,,,,94.86248835
2000 - Sep,17.5,417,41.47832118,176.4318194,23.50954681,,-0.3387379202,-0.940880769,-0.7705132428,0.6374239897,0.860742027,0.5090414158,0.1873813146,-0.9822872507,-0.9876883406,0.156434465,0.4817536741,0.87630668,0.6613118653,-0.7501110696,-0.9297764859,-0.3681245527,-0.03141075908,0.9995065604,0.9510565163,-0.3090169944,-0.6129070537,-0.7901550124,-0.535826795,0.8443279255,0.9759167619,0.2181432414,-0.1253332336,-0.9921147013,-0.8910065242,0.4539904997,0.7289686274,0.6845471059,0.3971478906,-0.9177546257,-0.9980267284,-0.06279051953,0.278991106,0.9602936857,0.8090169944,-0.5877852523,,93.40209648,,,,,,,,,,,,,,,93.40209648
2000 - Oct,0,418,0,21.44493376,0,,-0.3288666467,-0.9443763702,-0.7836934573,0.6211477803,0.8443279255,0.535826795,0.2283508701,-0.9735789029,-0.9945218954,0.1045284633,0.4257792916,0.9048270525,0.7144726796,-0.6996633405,-0.8957117602,-0.4446351792,-0.1253332336,0.9921147013,0.9781476007,-0.2079116908,-0.5180270094,-0.8553642602,-0.6374239897,0.7705132428,0.9372819895,0.3485720473,0.02094241988,-0.9997806835,-0.9510565163,0.3090169944,0.6045991149,0.796529918,0.5533915492,-0.8329212407,-0.9685831611,-0.2486898872,0.08367784333,0.9964928592,0.9135454576,-0.4067366431,,91.95850819,,,,,,,,,,,,,,,91.95850819
2000 - Nov,0.4,419,0.9484939902,7.816028561,12.13524212,,-0.3189593093,-0.94776841,-0.796529918,0.6045991149,0.8270805743,0.5620833779,0.2689198206,-0.9631625668,-0.9986295348,0.05233595624,0.3681245527,0.9297764859,0.7637960286,-0.6454576877,-0.8553642602,-0.5180270094,-0.2181432414,0.9759167619,0.9945218954,-0.1045284633,-0.4162807923,-0.909236109,-0.7289686274,0.6845471059,0.8813034521,0.4725507649,0.1667687467,-0.9859960371,-0.9876883406,0.156434465,0.4632960351,0.8862035792,0.6921431739,-0.7217602281,-0.9048270525,-0.4257792916,-0.1149371505,0.9933727656,0.9781476007,-0.2079116908,,90.53742065,,,,,,,,,,,,,,,90.53742065
2000 - Dec,1.2,420,2.846109502,15.92515343,17.871787,,-0.3090169944,-0.9510565163,-0.8090169944,0.5877852523,0.8090169944,0.5877852523,0.3090169944,-0.9510565163,-1,0,0.3090169944,0.9510565163,0.8090169944,-0.5877852523,-0.8090169944,-0.5877852523,-0.3090169944,0.9510565163,1,0,-0.3090169944,-0.9510565163,-0.8090169944,0.5877852523,0.8090169944,0.5877852523,0.3090169944,-0.9510565163,-1,0,0.3090169944,0.9510565163,0.8090169944,-0.5877852523,-0.8090169944,-0.5877852523,-0.3090169944,0.9510565163,1,0,,89.14444226,,,,,,,,,,,,,,,89.14444226
2001 - Jan,17.8,421,42.33867457,30.9468886,136.8107635,,-0.2990407923,-0.9542403285,-0.8211492091,0.5707135677,0.7901550124,0.6129070537,0.3485720473,-0.9372819895,-0.9986295348,-0.05233595624,0.2486898872,0.9685831611,0.849892693,-0.5269557955,-0.7569950557,-0.653420604,-0.3971478906,0.9177546257,0.9945218954,0.1045284633,-0.1976573404,-0.9802711746,-0.87630668,0.4817536741,0.7217602281,0.6921431739,0.4446351792,-0.8957117602,-0.9876883406,-0.156434465,0.1460830286,0.989272333,0.9003187714,-0.4352310994,-0.6845471059,-0.7289686274,-0.4909037536,0.8712138111,0.9781476007,0.2079116908,,87.78507046,,,,,,,,,,,,,,,87.78507046
2001 - Feb,5.2,422,12.37133773,42.37818268,29.19270471,,-0.2890317969,-0.9573194975,-0.8329212407,0.5533915492,0.7705132428,0.6374239897,0.3875155865,-0.9218631516,-0.9945218954,-0.1045284633,0.1873813146,0.9822872507,0.8862035792,-0.4632960351,-0.6996633405,-0.7144726796,-0.4817536741,0.87630668,0.9781476007,0.2079116908,-0.08367784333,-0.9964928592,-0.9297764859,0.3681245527,0.6211477803,0.7836934573,0.5707135677,-0.8211492091,-0.9510565163,-0.3090169944,-0.02094241988,0.9997806835,0.9631625668,-0.2689198206,-0.535826795,-0.8443279255,-0.653420604,0.7569950557,0.9135454576,0.4067366431,,86.46467007,,,,,,,,,,,,,,,86.46467007
2001 - Mar,7.2,423,17.13333477,32.90737615,52.06533237,,-0.278991106,-0.9602936857,-0.8443279255,0.535826795,0.7501110696,0.6613118653,0.4257792916,-0.9048270525,-0.9876883406,-0.156434465,0.1253332336,0.9921147013,0.9177546257,-0.3971478906,-0.6374239897,-0.7705132428,-0.5620833779,0.8270805743,0.9510565163,0.3090169944,0.03141075908,-0.9995065604,-0.9685831611,0.2486898872,0.5090414158,0.860742027,0.6845471059,-0.7289686274,-0.8910065242,-0.4539904997,-0.1873813146,0.9822872507,0.9955619646,-0.09410831332,-0.3681245527,-0.9297764859,-0.7901550124,0.6129070537,0.8090169944,0.5877852523,,85.1884521,,,,,,,,,,,,,,,85.1884521
2001 - Apr,19.8,424,47.12709833,19.73566082,238.7915903,,-0.2689198206,-0.9631625668,-0.8553642602,0.5180270094,0.7289686274,0.6845471059,0.4632960351,-0.8862035792,-0.9781476007,-0.2079116908,0.06279051953,0.9980267284,0.9443763702,-0.3288666467,-0.5707135677,-0.8211492091,-0.6374239897,0.7705132428,0.9135454576,0.4067366431,0.1460830286,-0.989272333,-0.9921147013,0.1253332336,0.3875155865,0.9218631516,0.7836934573,-0.6211477803,-0.8090169944,-0.5877852523,-0.3485720473,0.9372819895,0.9964928592,0.08367784333,-0.1873813146,-0.9822872507,-0.8957117602,0.4446351792,0.6691306064,0.7431448255,,83.96145322,,,,,,,,,,,,,,,83.96145322
2001 - May,47.8,425,113.7966649,45.68178879,249.1072875,,-0.2588190451,-0.9659258263,-0.8660254038,0.5,0.7071067812,0.7071067812,0.5,-0.8660254038,-0.9659258263,-0.2588190451,0,1,0.9659258263,-0.2588190451,-0.5,-0.8660254038,-0.7071067812,0.7071067812,0.8660254038,0.5,0.2588190451,-0.9659258263,-1,0,0.2588190451,0.9659258263,0.8660254038,-0.5,-0.7071067812,-0.7071067812,-0.5,0.8660254038,0.9659258263,0.2588190451,0,-1,-0.9659258263,0.2588190451,0.5,0.8660254038,,82.78851582,,,,,,,,,,,,,,,82.78851582
2001 - Jun,117.2,426,279.0778689,123.305047,226.3312619,,-0.2486898872,-0.9685831611,-0.87630668,0.4817536741,0.6845471059,0.7289686274,0.535826795,-0.8443279255,-0.9510565163,-0.3090169944,-0.06279051953,0.9980267284,0.9822872507,-0.1873813146,-0.4257792916,-0.9048270525,-0.7705132428,0.6374239897,0.8090169944,0.5877852523,0.3681245527,-0.9297764859,-0.9921147013,-0.1253332336,0.1253332336,0.9921147013,0.9297764859,-0.3681245527,-0.5877852523,-0.8090169944,-0.6374239897,0.7705132428,0.9048270525,0.4257792916,0.1873813146,-0.9822872507,-0.9980267284,0.06279051953,0.3090169944,0.9510565163,,81.67426895,,,,,,,,,,,,,,,81.67426895
2001 - Jul,145.2,427,345.8283341,328.104785,105.4017954,,-0.2385334576,-0.9711342799,-0.8862035792,0.4632960351,0.6613118653,0.7501110696,0.5707135677,-0.8211492091,-0.9335804265,-0.3583679495,-0.1253332336,0.9921147013,0.9933727656,-0.1149371505,-0.3485720473,-0.9372819895,-0.8270805743,0.5620833779,0.7431448255,0.6691306064,0.4725507649,-0.8813034521,-0.9685831611,-0.2486898872,-0.01047178412,0.9999451694,0.9735789029,-0.2283508701,-0.4539904997,-0.8910065242,-0.7569950557,0.653420604,0.8151277957,0.5792811723,0.3681245527,-0.9297764859,-0.9907478405,-0.1357155724,0.1045284633,0.9945218954,,80.62311003,,,,,,,,,,,,,,,80.62311003
2001 - Aug,103.5,428,246.5644714,355.3223357,69.39177377,,-0.2283508701,-0.9735789029,-0.8957117602,0.4446351792,0.6374239897,0.7705132428,0.6045991149,-0.796529918,-0.9135454576,-0.4067366431,-0.1873813146,0.9822872507,0.9991228301,-0.04187565373,-0.2689198206,-0.9631625668,-0.87630668,0.4817536741,0.6691306064,0.7431448255,0.5707135677,-0.8211492091,-0.9297764859,-0.3681245527,-0.1460830286,0.989272333,0.9964928592,-0.08367784333,-0.3090169944,-0.9510565163,-0.8553642602,0.5180270094,0.6996633405,0.7144726796,0.535826795,-0.8443279255,-0.9443763702,-0.3288666467,-0.1045284633,0.9945218954,,79.63918751,,,,,,,,,,,,,,,79.63918751
2001 - Sep,10.3,429,24.54277041,176.4318194,13.91062592,,-0.2181432414,-0.9759167619,-0.9048270525,0.4257792916,0.6129070537,0.7901550124,0.6374239897,-0.7705132428,-0.8910065242,-0.4539904997,-0.2486898872,0.9685831611,0.9995065604,0.03141075908,-0.1873813146,-0.9822872507,-0.9177546257,0.3971478906,0.5877852523,0.8090169944,0.6613118653,-0.7501110696,-0.87630668,-0.4817536741,-0.278991106,0.9602936857,0.9980267284,0.06279051953,-0.156434465,-0.9876883406,-0.9297764859,0.3681245527,0.5620833779,0.8270805743,0.6845471059,-0.7289686274,-0.860742027,-0.5090414158,-0.3090169944,0.9510565163,,78.72638447,,,,,,,,,,,,,,,78.72638447
2001 - Oct,11.1,430,26.4548664,21.44493376,123.3618471,,-0.2079116908,-0.9781476007,-0.9135454576,0.4067366431,0.5877852523,0.8090169944,0.6691306064,-0.7431448255,-0.8660254038,-0.5,-0.3090169944,0.9510565163,0.9945218954,0.1045284633,-0.1045284633,-0.9945218954,-0.9510565163,0.3090169944,0.5,0.8660254038,0.7431448255,-0.6691306064,-0.8090169944,-0.5877852523,-0.4067366431,0.9135454576,0.9781476007,0.2079116908,0,-1,-0.9781476007,0.2079116908,0.4067366431,0.9135454576,0.8090169944,-0.5877852523,-0.7431448255,-0.6691306064,-0.5,0.8660254038,,77.88830335,,,,,,,,,,,,,,,77.88830335
2001 - Nov,0.1,431,0.2383849585,7.816028561,3.049949941,,-0.1976573404,-0.9802711746,-0.9218631516,0.3875155865,0.5620833779,0.8270805743,0.6996633405,-0.7144726796,-0.8386705679,-0.544639035,-0.3681245527,0.9297764859,0.984195608,0.1770847403,-0.02094241988,-0.9997806835,-0.9759167619,0.2181432414,0.4067366431,0.9135454576,0.8151277957,-0.5792811723,-0.7289686274,-0.6845471059,-0.5269557955,0.849892693,0.9372819895,0.3485720473,0.156434465,-0.9876883406,-0.9991228301,0.04187565373,0.2385334576,0.9711342799,0.9048270525,-0.4257792916,-0.596224875,-0.8028174752,-0.6691306064,0.7431448255,,77.12825165,,,,,,,,,,,,,,,77.12825165
2001 - Dec,0.2,432,0.4768756214,15.92515343,2.994480545,,-0.1873813146,-0.9822872507,-0.9297764859,0.3681245527,0.535826795,0.8443279255,0.7289686274,-0.6845471059,-0.8090169944,-0.5877852523,-0.4257792916,0.9048270525,0.9685831611,0.2486898872,0.06279051953,-0.9980267284,-0.9921147013,0.1253332336,0.3090169944,0.9510565163,0.87630668,-0.4817536741,-0.6374239897,-0.7705132428,-0.6374239897,0.7705132428,0.87630668,0.4817536741,0.3090169944,-0.9510565163,-0.9921147013,-0.1253332336,0.06279051953,0.9980267284,0.9685831611,-0.2486898872,-0.4257792916,-0.9048270525,-0.8090169944,0.5877852523,,76.44922896,,,,,,,,,,,,,,,76.44922896
2002 - Jan,11.6,433,27.73873527,30.9468886,89.63335743,,-0.1770847403,-0.984195608,-0.9372819895,0.3485720473,0.5090414158,0.860742027,0.7569950557,-0.653420604,-0.7771459615,-0.629320391,-0.4817536741,0.87630668,0.94776841,0.3189593093,0.1460830286,-0.989272333,-0.9995065604,0.03141075908,0.2079116908,0.9781476007,0.9258705848,-0.3778407868,-0.535826795,-0.8443279255,-0.7360970871,0.6768759697,0.796529918,0.6045991149,0.4539904997,-0.8910065242,-0.9573194975,-0.2890317969,-0.1149371505,0.9933727656,0.9980267284,-0.06279051953,-0.2385334576,-0.9711342799,-0.9135454576,0.4067366431,,75.85391507,,,,,,,,,,,,,,,75.85391507
2002 - Feb,31.1,434,74.3850453,42.37818268,175.5267466,,-0.1667687467,-0.9859960371,-0.9443763702,0.3288666467,0.4817536741,0.87630668,0.7836934573,-0.6211477803,-0.7431448255,-0.6691306064,-0.535826795,0.8443279255,0.9218631516,0.3875155865,0.2283508701,-0.9735789029,-0.9980267284,-0.06279051953,0.1045284633,0.9945218954,0.9631625668,-0.2689198206,-0.4257792916,-0.9048270525,-0.8211492091,0.5707135677,0.6996633405,0.7144726796,0.5877852523,-0.8090169944,-0.8957117602,-0.4446351792,-0.2890317969,0.9573194975,0.9921147013,0.1253332336,-0.04187565373,-0.9991228301,-0.9781476007,0.2079116908,,75.34465941,,,,,,,,,,,,,,,75.34465941
2002 - Mar,9,435,21.53100739,32.90737615,65.42912231,,-0.156434465,-0.9876883406,-0.9510565163,0.3090169944,0.4539904997,0.8910065242,0.8090169944,-0.5877852523,-0.7071067812,-0.7071067812,-0.5877852523,0.8090169944,0.8910065242,0.4539904997,0.3090169944,-0.9510565163,-0.9876883406,-0.156434465,0,1,0.9876883406,-0.156434465,-0.3090169944,-0.9510565163,-0.8910065242,0.4539904997,0.5877852523,0.8090169944,0.7071067812,-0.7071067812,-0.8090169944,-0.5877852523,-0.4539904997,0.8910065242,0.9510565163,0.3090169944,0.156434465,-0.9876883406,-1,0,,74.92347178,,,,,,,,,,,,,,,74.92347178
2002 - Apr,1.1,436,2.63215309,19.73566082,13.33704057,,-0.1460830286,-0.989272333,-0.9573194975,0.2890317969,0.4257792916,0.9048270525,0.8329212407,-0.5533915492,-0.6691306064,-0.7431448255,-0.6374239897,0.7705132428,0.8553642602,0.5180270094,0.3875155865,-0.9218631516,-0.9685831611,-0.2486898872,-0.1045284633,0.9945218954,0.9991228301,-0.04187565373,-0.1873813146,-0.9822872507,-0.9443763702,0.3288666467,0.4632960351,0.8862035792,0.8090169944,-0.5877852523,-0.6996633405,-0.7144726796,-0.6045991149,0.796529918,0.87630668,0.4817536741,0.3485720473,-0.9372819895,-0.9781476007,-0.2079116908,,74.59201442,,,,,,,,,,,,,,,74.59201442
2002 - May,52,437,124.4567466,45.68178879,272.4428047,,-0.1357155724,-0.9907478405,-0.9631625668,0.2689198206,0.3971478906,0.9177546257,0.8553642602,-0.5180270094,-0.629320391,-0.7771459615,-0.6845471059,0.7289686274,0.8151277957,0.5792811723,0.4632960351,-0.8862035792,-0.940880769,-0.3387379202,-0.2079116908,0.9781476007,0.9973144772,0.07323819713,-0.06279051953,-0.9980267284,-0.9802711746,0.1976573404,0.3288666467,0.9443763702,0.8910065242,-0.4539904997,-0.5707135677,-0.8211492091,-0.7360970871,0.6768759697,0.7705132428,0.6374239897,0.5269557955,-0.849892693,-0.9135454576,-0.4067366431,,74.35159543,,,,,,,,,,,,,,,74.35159543
2002 - Jun,21.2,438,50.75135288,123.305047,41.15918537,,-0.1253332336,-0.9921147013,-0.9685831611,0.2486898872,0.3681245527,0.9297764859,0.87630668,-0.4817536741,-0.5877852523,-0.8090169944,-0.7289686274,0.6845471059,0.7705132428,0.6374239897,0.535826795,-0.8443279255,-0.9048270525,-0.4257792916,-0.3090169944,0.9510565163,0.9822872507,0.1873813146,0.06279051953,-0.9980267284,-0.9980267284,0.06279051953,0.1873813146,0.9822872507,0.9510565163,-0.3090169944,-0.4257792916,-0.9048270525,-0.8443279255,0.535826795,0.6374239897,0.7705132428,0.6845471059,-0.7289686274,-0.8090169944,-0.5877852523,,74.20316364,,,,,,,,,,,,,,,74.20316364
2002 - Jul,19.4,439,46.452616,328.104785,14.15785996,,-0.1149371505,-0.9933727656,-0.9735789029,0.2283508701,0.3387379202,0.940880769,0.8957117602,-0.4446351792,-0.544639035,-0.8386705679,-0.7705132428,0.6374239897,0.7217602281,0.6921431739,0.6045991149,-0.796529918,-0.860742027,-0.5090414158,-0.4067366431,0.9135454576,0.9542403285,0.2990407923,0.1873813146,-0.9822872507,-0.9973144772,-0.07323819713,0.04187565373,0.9991228301,0.9876883406,-0.156434465,-0.2689198206,-0.9631625668,-0.9258705848,0.3778407868,0.4817536741,0.87630668,0.8151277957,-0.5792811723,-0.6691306064,-0.7431448255,,74.14730485,,,,,,,,,,,,,,,74.14730485
2002 - Aug,78.2,440,187.2888422,355.3223357,52.70956069,,-0.1045284633,-0.9945218954,-0.9781476007,0.2079116908,0.3090169944,0.9510565163,0.9135454576,-0.4067366431,-0.5,-0.8660254038,-0.8090169944,0.5877852523,0.6691306064,0.7431448255,0.6691306064,-0.7431448255,-0.8090169944,-0.5877852523,-0.5,0.8660254038,0.9135454576,0.4067366431,0.3090169944,-0.9510565163,-0.9781476007,-0.2079116908,-0.1045284633,0.9945218954,1,0,-0.1045284633,-0.9945218954,-0.9781476007,0.2079116908,0.3090169944,0.9510565163,0.9135454576,-0.4067366431,-0.5,-0.8660254038,,74.18423949,,,,,,,,,,,,,,,74.18423949
2002 - Sep,123,441,294.6503695,176.4318194,167.0052321,,-0.09410831332,-0.9955619646,-0.9822872507,0.1873813146,0.278991106,0.9602936857,0.9297764859,-0.3681245527,-0.4539904997,-0.8910065242,-0.8443279255,0.535826795,0.6129070537,0.7901550124,0.7289686274,-0.6845471059,-0.7501110696,-0.6613118653,-0.5877852523,0.8090169944,0.860742027,0.5090414158,0.4257792916,-0.9048270525,-0.940880769,-0.3387379202,-0.2486898872,0.9685831611,0.9876883406,0.156434465,0.06279051953,-0.9980267284,-0.9995065604,0.03141075908,0.1253332336,0.9921147013,0.9759167619,-0.2181432414,-0.3090169944,-0.9510565163,,74.31382182,,,,,,,,,,,,,,,74.31382182
2002 - Oct,1.9,442,4.552523832,21.44493376,21.22890135,,-0.08367784333,-0.9964928592,-0.9859960371,0.1667687467,0.2486898872,0.9685831611,0.9443763702,-0.3288666467,-0.4067366431,-0.9135454576,-0.87630668,0.4817536741,0.5533915492,0.8329212407,0.7836934573,-0.6211477803,-0.6845471059,-0.7289686274,-0.6691306064,0.7431448255,0.796529918,0.6045991149,0.535826795,-0.8443279255,-0.8862035792,-0.4632960351,-0.3875155865,0.9218631516,0.9510565163,0.3090169944,0.2283508701,-0.9735789029,-0.989272333,-0.1460830286,-0.06279051953,0.9980267284,0.9997806835,-0.02094241988,-0.1045284633,-0.9945218954,,74.53554042,,,,,,,,,,,,,,,74.53554042
2002 - Nov,0,443,0,7.816028561,0,,-0.07323819713,-0.9973144772,-0.989272333,0.1460830286,0.2181432414,0.9759167619,0.9573194975,-0.2890317969,-0.3583679495,-0.9335804265,-0.9048270525,0.4257792916,0.4909037536,0.8712138111,0.8329212407,-0.5533915492,-0.6129070537,-0.7901550124,-0.7431448255,0.6691306064,0.7217602281,0.6921431739,0.6374239897,-0.7705132428,-0.8151277957,-0.5792811723,-0.5180270094,0.8553642602,0.8910065242,0.4539904997,0.3875155865,-0.9218631516,-0.94776841,-0.3189593093,-0.2486898872,0.9685831611,0.984195608,0.1770847403,0.1045284633,-0.9945218954,,74.84852027,,,,,,,,,,,,,,,74.84852027
2002 - Dec,8.8,444,21.09477321,15.92515343,132.4619778,,-0.06279051953,-0.9980267284,-0.9921147013,0.1253332336,0.1873813146,0.9822872507,0.9685831611,-0.2486898872,-0.3090169944,-0.9510565163,-0.9297764859,0.3681245527,0.4257792916,0.9048270525,0.87630668,-0.4817536741,-0.535826795,-0.8443279255,-0.8090169944,0.5877852523,0.6374239897,0.7705132428,0.7289686274,-0.6845471059,-0.7289686274,-0.6845471059,-0.6374239897,0.7705132428,0.8090169944,0.5877852523,0.535826795,-0.8443279255,-0.87630668,-0.4817536741,-0.4257792916,0.9048270525,0.9297764859,0.3681245527,0.3090169944,-0.9510565163,,75.25152619,,,,,,,,,,,,,,,75.25152619
2003 - Jan,14.7,445,35.34026321,30.9468886,114.1964986,,-0.05233595624,-0.9986295348,-0.9945218954,0.1045284633,0.156434465,0.9876883406,0.9781476007,-0.2079116908,-0.2588190451,-0.9659258263,-0.9510565163,0.3090169944,0.3583679495,0.9335804265,0.9135454576,-0.4067366431,-0.4539904997,-0.8910065242,-0.8660254038,0.5,0.544639035,0.8386705679,0.8090169944,-0.5877852523,-0.629320391,-0.7771459615,-0.7431448255,0.6691306064,0.7071067812,0.7071067812,0.6691306064,-0.7431448255,-0.7771459615,-0.629320391,-0.5877852523,0.8090169944,0.8386705679,0.544639035,0.5,-0.8660254038,,75.74296769,,,,,,,,,,,,,,,75.74296769
2003 - Feb,29.9,446,71.89864865,42.37818268,169.6595845,,-0.04187565373,-0.9991228301,-0.9964928592,0.08367784333,0.1253332336,0.9921147013,0.9859960371,-0.1667687467,-0.2079116908,-0.9781476007,-0.9685831611,0.2486898872,0.2890317969,0.9573194975,0.9443763702,-0.3288666467,-0.3681245527,-0.9297764859,-0.9135454576,0.4067366431,0.4446351792,0.8957117602,0.87630668,-0.4817536741,-0.5180270094,-0.8553642602,-0.8329212407,0.5533915492,0.5877852523,0.8090169944,0.7836934573,-0.6211477803,-0.653420604,-0.7569950557,-0.7289686274,0.6845471059,0.7144726796,0.6996633405,0.6691306064,-0.7431448255,,76.32090528,,,,,,,,,,,,,,,76.32090528
2003 - Mar,4,447,9.620699437,32.90737615,29.23569291,,-0.03141075908,-0.9995065604,-0.9980267284,0.06279051953,0.09410831332,0.9955619646,0.9921147013,-0.1253332336,-0.156434465,-0.9876883406,-0.9822872507,0.1873813146,0.2181432414,0.9759167619,0.9685831611,-0.2486898872,-0.278991106,-0.9602936857,-0.9510565163,0.3090169944,0.3387379202,0.940880769,0.9297764859,-0.3681245527,-0.3971478906,-0.9177546257,-0.9048270525,0.4257792916,0.4539904997,0.8910065242,0.87630668,-0.4817536741,-0.5090414158,-0.860742027,-0.8443279255,0.535826795,0.5620833779,0.8270805743,0.8090169944,-0.5877852523,,76.9830581,,,,,,,,,,,,,,,76.9830581
2003 - Apr,1.8,448,4.330283185,19.73566082,21.9414147,,-0.02094241988,-0.9997806835,-0.9991228301,0.04187565373,0.06279051953,0.9980267284,0.9964928592,-0.08367784333,-0.1045284633,-0.9945218954,-0.9921147013,0.1253332336,0.1460830286,0.989272333,0.9859960371,-0.1667687467,-0.1873813146,-0.9822872507,-0.9781476007,0.2079116908,0.2283508701,0.9735789029,0.9685831611,-0.2486898872,-0.2689198206,-0.9631625668,-0.9573194975,0.2890317969,0.3090169944,0.9510565163,0.9443763702,-0.3288666467,-0.3485720473,-0.9372819895,-0.9297764859,0.3681245527,0.3875155865,0.9218631516,0.9135454576,-0.4067366431,,77.72681295,,,,,,,,,,,,,,,77.72681295
2003 - May,7.5,449,18.04688357,45.68178879,39.50564119,,-0.01047178412,-0.9999451694,-0.9997806835,0.02094241988,0.03141075908,0.9995065604,0.9991228301,-0.04187565373,-0.05233595624,-0.9986295348,-0.9980267284,0.06279051953,0.07323819713,0.9973144772,0.9964928592,-0.08367784333,-0.09410831332,-0.9955619646,-0.9945218954,0.1045284633,0.1149371505,0.9933727656,0.9921147013,-0.1253332336,-0.1357155724,-0.9907478405,-0.989272333,0.1460830286,0.156434465,0.9876883406,0.9859960371,-0.1667687467,-0.1770847403,-0.984195608,-0.9822872507,0.1873813146,0.1976573404,0.9802711746,0.9781476007,-0.2079116908,,78.54923455,,,,,,,,,,,,,,,78.54923455
2003 - Jun,26.6,450,64.02060458,123.305047,51.9205062,,0,-1,-1,0,0,1,1,0,0,-1,-1,0,0,1,1,0,0,-1,-1,0,0,1,1,0,0,-1,-1,0,0,1,1,0,0,-1,-1,0,0,1,1,0,,79.44707719,,,,,,,,,,,,,,,79.44707719
2003 - Jul,277.6,451,668.2743611,328.104785,203.6771153,,0.01047178412,-0.9999451694,-0.9997806835,-0.02094241988,-0.03141075908,0.9995065604,0.9991228301,0.04187565373,0.05233595624,-0.9986295348,-0.9980267284,-0.06279051953,-0.07323819713,0.9973144772,0.9964928592,0.08367784333,0.09410831332,-0.9955619646,-0.9945218954,-0.1045284633,-0.1149371505,0.9933727656,0.9921147013,0.1253332336,0.1357155724,-0.9907478405,-0.989272333,-0.1460830286,-0.156434465,0.9876883406,0.9859960371,0.1667687467,0.1770847403,-0.984195608,-0.9822872507,-0.1873813146,-0.1976573404,0.9802711746,0.9781476007,0.2079116908,,80.41679749,,,,,,,,,,,,,,,80.41679749
2003 - Aug,165.3,452,398.0204772,355.3223357,112.0167344,,0.02094241988,-0.9997806835,-0.9991228301,-0.04187565373,-0.06279051953,0.9980267284,0.9964928592,0.08367784333,0.1045284633,-0.9945218954,-0.9921147013,-0.1253332336,-0.1460830286,0.989272333,0.9859960371,0.1667687467,0.1873813146,-0.9822872507,-0.9781476007,-0.2079116908,-0.2283508701,0.9735789029,0.9685831611,0.2486898872,0.2689198206,-0.9631625668,-0.9573194975,-0.2890317969,-0.3090169944,0.9510565163,0.9443763702,0.3288666467,0.3485720473,-0.9372819895,-0.9297764859,-0.3681245527,-0.3875155865,0.9218631516,0.9135454576,0.4067366431,,81.45456841,,,,,,,,,,,,,,,81.45456841
2003 - Sep,58.9,453,141.8551489,176.4318194,80.40224793,,0.03141075908,-0.9995065604,-0.9980267284,-0.06279051953,-0.09410831332,0.9955619646,0.9921147013,0.1253332336,0.156434465,-0.9876883406,-0.9822872507,-0.1873813146,-0.2181432414,0.9759167619,0.9685831611,0.2486898872,0.278991106,-0.9602936857,-0.9510565163,-0.3090169944,-0.3387379202,0.940880769,0.9297764859,0.3681245527,0.3971478906,-0.9177546257,-0.9048270525,-0.4257792916,-0.4539904997,0.8910065242,0.87630668,0.4817536741,0.5090414158,-0.860742027,-0.8443279255,-0.535826795,-0.5620833779,0.8270805743,0.8090169944,0.5877852523,,82.55629434,,,,,,,,,,,,,,,82.55629434
2003 - Oct,0,454,0,21.44493376,0,,0.04187565373,-0.9991228301,-0.9964928592,-0.08367784333,-0.1253332336,0.9921147013,0.9859960371,0.1667687467,0.2079116908,-0.9781476007,-0.9685831611,-0.2486898872,-0.2890317969,0.9573194975,0.9443763702,0.3288666467,0.3681245527,-0.9297764859,-0.9135454576,-0.4067366431,-0.4446351792,0.8957117602,0.87630668,0.4817536741,0.5180270094,-0.8553642602,-0.8329212407,-0.5533915492,-0.5877852523,0.8090169944,0.7836934573,0.6211477803,0.653420604,-0.7569950557,-0.7289686274,-0.6845471059,-0.7144726796,0.6996633405,0.6691306064,0.7431448255,,83.71762727,,,,,,,,,,,,,,,83.71762727
2003 - Nov,0.1,455,0.2409485781,7.816028561,3.082749458,,0.05233595624,-0.9986295348,-0.9945218954,-0.1045284633,-0.156434465,0.9876883406,0.9781476007,0.2079116908,0.2588190451,-0.9659258263,-0.9510565163,-0.3090169944,-0.3583679495,0.9335804265,0.9135454576,0.4067366431,0.4539904997,-0.8910065242,-0.8660254038,-0.5,-0.544639035,0.8386705679,0.8090169944,0.5877852523,0.629320391,-0.7771459615,-0.7431448255,-0.6691306064,-0.7071067812,0.7071067812,0.6691306064,0.7431448255,0.7771459615,-0.629320391,-0.5877852523,-0.8090169944,-0.8386705679,0.544639035,0.5,0.8660254038,,84.93398395,,,,,,,,,,,,,,,84.93398395
2003 - Dec,11,456,26.51028306,15.92515343,166.4679915,,0.06279051953,-0.9980267284,-0.9921147013,-0.1253332336,-0.1873813146,0.9822872507,0.9685831611,0.2486898872,0.3090169944,-0.9510565163,-0.9297764859,-0.3681245527,-0.4257792916,0.9048270525,0.87630668,0.4817536741,0.535826795,-0.8443279255,-0.8090169944,-0.5877852523,-0.6374239897,0.7705132428,0.7289686274,0.6845471059,0.7289686274,-0.6845471059,-0.6374239897,-0.7705132428,-0.8090169944,0.5877852523,0.535826795,0.8443279255,0.87630668,-0.4817536741,-0.4257792916,-0.9048270525,-0.9297764859,0.3681245527,0.3090169944,0.9510565163,,86.20056398,,,,,,,,,,,,,,,86.20056398
2004 - Jan,25.4,457,61.39350677,30.9468886,198.3834549,,0.07323819713,-0.9973144772,-0.989272333,-0.1460830286,-0.2181432414,0.9759167619,0.9573194975,0.2890317969,0.3583679495,-0.9335804265,-0.9048270525,-0.4257792916,-0.4909037536,0.8712138111,0.8329212407,0.5533915492,0.6129070537,-0.7901550124,-0.7431448255,-0.6691306064,-0.7217602281,0.6921431739,0.6374239897,0.7705132428,0.8151277957,-0.5792811723,-0.5180270094,-0.8553642602,-0.8910065242,0.4539904997,0.3875155865,0.9218631516,0.94776841,-0.3189593093,-0.2486898872,-0.9685831611,-0.984195608,0.1770847403,0.1045284633,0.9945218954,,87.51236875,,,,,,,,,,,,,,,87.51236875
2004 - Feb,0.3,458,0.7252831654,42.37818268,1.711454148,,0.08367784333,-0.9964928592,-0.9859960371,-0.1667687467,-0.2486898872,0.9685831611,0.9443763702,0.3288666467,0.4067366431,-0.9135454576,-0.87630668,-0.4817536741,-0.5533915492,0.8329212407,0.7836934573,0.6211477803,0.6845471059,-0.7289686274,-0.6691306064,-0.7431448255,-0.796529918,0.6045991149,0.535826795,0.8443279255,0.8862035792,-0.4632960351,-0.3875155865,-0.9218631516,-0.9510565163,0.3090169944,0.2283508701,0.9735789029,0.989272333,-0.1460830286,-0.06279051953,-0.9980267284,-0.9997806835,-0.02094241988,-0.1045284633,0.9945218954,,88.86422115,,,,,,,,,,,,,,,88.86422115
2004 - Mar,0,459,0,32.90737615,0,,0.09410831332,-0.9955619646,-0.9822872507,-0.1873813146,-0.278991106,0.9602936857,0.9297764859,0.3681245527,0.4539904997,-0.8910065242,-0.8443279255,-0.535826795,-0.6129070537,0.7901550124,0.7289686274,0.6845471059,0.7501110696,-0.6613118653,-0.5877852523,-0.8090169944,-0.860742027,0.5090414158,0.4257792916,0.9048270525,0.940880769,-0.3387379202,-0.2486898872,-0.9685831611,-0.9876883406,0.156434465,0.06279051953,0.9980267284,0.9995065604,0.03141075908,0.1253332336,-0.9921147013,-0.9759167619,-0.2181432414,-0.3090169944,0.9510565163,,90.25078605,,,,,,,,,,,,,,,90.25078605
2004 - Apr,18.1,460,43.77843373,19.73566082,221.8240074,,0.1045284633,-0.9945218954,-0.9781476007,-0.2079116908,-0.3090169944,0.9510565163,0.9135454576,0.4067366431,0.5,-0.8660254038,-0.8090169944,-0.5877852523,-0.6691306064,0.7431448255,0.6691306064,0.7431448255,0.8090169944,-0.5877852523,-0.5,-0.8660254038,-0.9135454576,0.4067366431,0.3090169944,0.9510565163,0.9781476007,-0.2079116908,-0.1045284633,-0.9945218954,-1,0,-0.1045284633,0.9945218954,0.9781476007,0.2079116908,0.3090169944,-0.9510565163,-0.9135454576,-0.4067366431,-0.5,0.8660254038,,91.66659131,,,,,,,,,,,,,,,91.66659131
2004 - May,40.7,461,98.46315287,45.68178879,215.5413688,,0.1149371505,-0.9933727656,-0.9735789029,-0.2283508701,-0.3387379202,0.940880769,0.8957117602,0.4446351792,0.544639035,-0.8386705679,-0.7705132428,-0.6374239897,-0.7217602281,0.6921431739,0.6045991149,0.796529918,0.860742027,-0.5090414158,-0.4067366431,-0.9135454576,-0.9542403285,0.2990407923,0.1873813146,0.9822872507,0.9973144772,-0.07323819713,0.04187565373,-0.9991228301,-0.9876883406,-0.156434465,-0.2689198206,0.9631625668,0.9258705848,0.3778407868,0.4817536741,-0.87630668,-0.8151277957,-0.5792811723,-0.6691306064,0.7431448255,,93.10604939,,,,,,,,,,,,,,,93.10604939
2004 - Jun,52.5,462,127.038787,123.305047,103.0280512,,0.1253332336,-0.9921147013,-0.9685831611,-0.2486898872,-0.3681245527,0.9297764859,0.87630668,0.4817536741,0.5877852523,-0.8090169944,-0.7289686274,-0.6845471059,-0.7705132428,0.6374239897,0.535826795,0.8443279255,0.9048270525,-0.4257792916,-0.3090169944,-0.9510565163,-0.9822872507,0.1873813146,0.06279051953,0.9980267284,0.9980267284,0.06279051953,0.1873813146,-0.9822872507,-0.9510565163,-0.3090169944,-0.4257792916,0.9048270525,0.8443279255,0.535826795,0.6374239897,-0.7705132428,-0.6845471059,-0.7289686274,-0.8090169944,0.5877852523,,94.56347941,,,,,,,,,,,,,,,94.56347941
2004 - Jul,19.9,463,48.16458687,328.104785,14.67963561,,0.1357155724,-0.9907478405,-0.9631625668,-0.2689198206,-0.3971478906,0.9177546257,0.8553642602,0.5180270094,0.629320391,-0.7771459615,-0.6845471059,-0.7289686274,-0.8151277957,0.5792811723,0.4632960351,0.8862035792,0.940880769,-0.3387379202,-0.2079116908,-0.9781476007,-0.9973144772,0.07323819713,-0.06279051953,0.9980267284,0.9802711746,0.1976573404,0.3288666467,-0.9443763702,-0.8910065242,-0.4539904997,-0.5707135677,0.8211492091,0.7360970871,0.6768759697,0.7705132428,-0.6374239897,-0.5269557955,-0.849892693,-0.9135454576,0.4067366431,,96.03312956,,,,,,,,,,,,,,,96.03312956
2004 - Aug,252.9,464,612.2394955,355.3223357,172.3053785,,0.1460830286,-0.989272333,-0.9573194975,-0.2890317969,-0.4257792916,0.9048270525,0.8329212407,0.5533915492,0.6691306064,-0.7431448255,-0.6374239897,-0.7705132428,-0.8553642602,0.5180270094,0.3875155865,0.9218631516,0.9685831611,-0.2486898872,-0.1045284633,-0.9945218954,-0.9991228301,-0.04187565373,-0.1873813146,0.9822872507,0.9443763702,0.3288666467,0.4632960351,-0.8862035792,-0.8090169944,-0.5877852523,-0.6996633405,0.7144726796,0.6045991149,0.796529918,0.87630668,-0.4817536741,-0.3485720473,-0.9372819895,-0.9781476007,0.2079116908,,97.5091998,,,,,,,,,,,,,,,97.5091998
2004 - Sep,22.1,465,53.51340171,176.4318194,30.33092437,,0.156434465,-0.9876883406,-0.9510565163,-0.3090169944,-0.4539904997,0.8910065242,0.8090169944,0.5877852523,0.7071067812,-0.7071067812,-0.5877852523,-0.8090169944,-0.8910065242,0.4539904997,0.3090169944,0.9510565163,0.9876883406,-0.156434465,0,-1,-0.9876883406,-0.156434465,-0.3090169944,0.9510565163,0.8910065242,0.4539904997,0.5877852523,-0.8090169944,-0.7071067812,-0.7071067812,-0.8090169944,0.5877852523,0.4539904997,0.8910065242,0.9510565163,-0.3090169944,-0.156434465,-0.9876883406,-1,0,,98.98586475,,,,,,,,,,,,,,,98.98586475
2004 - Oct,54.1,466,131.0283718,21.44493376,610.9991911,,0.1667687467,-0.9859960371,-0.9443763702,-0.3288666467,-0.4817536741,0.87630668,0.7836934573,0.6211477803,0.7431448255,-0.6691306064,-0.535826795,-0.8443279255,-0.9218631516,0.3875155865,0.2283508701,0.9735789029,0.9980267284,-0.06279051953,0.1045284633,-0.9945218954,-0.9631625668,-0.2689198206,-0.4257792916,0.9048270525,0.8211492091,0.5707135677,0.6996633405,-0.7144726796,-0.5877852523,-0.8090169944,-0.8957117602,0.4446351792,0.2890317969,0.9573194975,0.9921147013,-0.1253332336,0.04187565373,-0.9991228301,-0.9781476007,-0.2079116908,,100.4572967,,,,,,,,,,,,,,,100.4572967
2004 - Nov,0,467,0,7.816028561,0,,0.1770847403,-0.984195608,-0.9372819895,-0.3485720473,-0.5090414158,0.860742027,0.7569950557,0.653420604,0.7771459615,-0.629320391,-0.4817536741,-0.87630668,-0.94776841,0.3189593093,0.1460830286,0.989272333,0.9995065604,0.03141075908,0.2079116908,-0.9781476007,-0.9258705848,-0.3778407868,-0.535826795,0.8443279255,0.7360970871,0.6768759697,0.796529918,-0.6045991149,-0.4539904997,-0.8910065242,-0.9573194975,0.2890317969,0.1149371505,0.9933727656,0.9980267284,0.06279051953,0.2385334576,-0.9711342799,-0.9135454576,-0.4067366431,,101.9176886,,,,,,,,,,,,,,,101.9176886
2004 - Dec,1.2,468,2.907669089,15.92515343,18.2583427,,0.1873813146,-0.9822872507,-0.9297764859,-0.3681245527,-0.535826795,0.8443279255,0.7289686274,0.6845471059,0.8090169944,-0.5877852523,-0.4257792916,-0.9048270525,-0.9685831611,0.2486898872,0.06279051953,0.9980267284,0.9921147013,0.1253332336,0.3090169944,-0.9510565163,-0.87630668,-0.4817536741,-0.6374239897,0.7705132428,0.6374239897,0.7705132428,0.87630668,-0.4817536741,-0.3090169944,-0.9510565163,-0.9921147013,0.1253332336,-0.06279051953,0.9980267284,0.9685831611,0.2486898872,0.4257792916,-0.9048270525,-0.8090169944,-0.5877852523,,103.3612769,,,,,,,,,,,,,,,103.3612769
2005 - Jan,13.9,469,33.77943954,30.9468886,109.1529426,,0.1976573404,-0.9802711746,-0.9218631516,-0.3875155865,-0.5620833779,0.8270805743,0.6996633405,0.7144726796,0.8386705679,-0.544639035,-0.3681245527,-0.9297764859,-0.984195608,0.1770847403,-0.02094241988,0.9997806835,0.9759167619,0.2181432414,0.4067366431,-0.9135454576,-0.8151277957,-0.5792811723,-0.7289686274,0.6845471059,0.5269557955,0.849892693,0.9372819895,-0.3485720473,-0.156434465,-0.9876883406,-0.9991228301,-0.04187565373,-0.2385334576,0.9711342799,0.9048270525,0.4257792916,0.596224875,-0.8028174752,-0.6691306064,-0.7431448255,,104.7823644,,,,,,,,,,,,,,,104.7823644
2005 - Feb,35.7,470,86.77687438,42.37818268,204.7678048,,0.2079116908,-0.9781476007,-0.9135454576,-0.4067366431,-0.5877852523,0.8090169944,0.6691306064,0.7431448255,0.8660254038,-0.5,-0.3090169944,-0.9510565163,-0.9945218954,0.1045284633,-0.1045284633,0.9945218954,0.9510565163,0.3090169944,0.5,-0.8660254038,-0.7431448255,-0.6691306064,-0.8090169944,0.5877852523,0.4067366431,0.9135454576,0.9781476007,-0.2079116908,0,-1,-0.9781476007,-0.2079116908,-0.4067366431,0.9135454576,0.8090169944,0.5877852523,0.7431448255,-0.6691306064,-0.5,-0.8660254038,,106.1753428,,,,,,,,,,,,,,,106.1753428
2005 - Mar,29.9,471,72.69510117,32.90737615,220.9082269,,0.2181432414,-0.9759167619,-0.9048270525,-0.4257792916,-0.6129070537,0.7901550124,0.6374239897,0.7705132428,0.8910065242,-0.4539904997,-0.2486898872,-0.9685831611,-0.9995065604,0.03141075908,-0.1873813146,0.9822872507,0.9177546257,0.3971478906,0.5877852523,-0.8090169944,-0.6613118653,-0.7501110696,-0.87630668,0.4817536741,0.278991106,0.9602936857,0.9980267284,-0.06279051953,0.156434465,-0.9876883406,-0.9297764859,-0.3681245527,-0.5620833779,0.8270805743,0.6845471059,0.7289686274,0.860742027,-0.5090414158,-0.3090169944,-0.9510565163,,107.5347146,,,,,,,,,,,,,,,107.5347146
2005 - Apr,2.7,472,6.565924933,19.73566082,33.26934422,,0.2283508701,-0.9735789029,-0.8957117602,-0.4446351792,-0.6374239897,0.7705132428,0.6045991149,0.796529918,0.9135454576,-0.4067366431,-0.1873813146,-0.9822872507,-0.9991228301,-0.04187565373,-0.2689198206,0.9631625668,0.87630668,0.4817536741,0.6691306064,-0.7431448255,-0.5707135677,-0.8211492091,-0.9297764859,0.3681245527,0.1460830286,0.989272333,0.9964928592,0.08367784333,0.3090169944,-0.9510565163,-0.8553642602,-0.5180270094,-0.6996633405,0.7144726796,0.535826795,0.8443279255,0.9443763702,-0.3288666467,-0.1045284633,-0.9945218954,,108.855115,,,,,,,,,,,,,,,108.855115
2005 - May,7.6,473,18.48604286,45.68178879,40.46698553,,0.2385334576,-0.9711342799,-0.8862035792,-0.4632960351,-0.6613118653,0.7501110696,0.5707135677,0.8211492091,0.9335804265,-0.3583679495,-0.1253332336,-0.9921147013,-0.9933727656,-0.1149371505,-0.3485720473,0.9372819895,0.8270805743,0.5620833779,0.7431448255,-0.6691306064,-0.4725507649,-0.8813034521,-0.9685831611,0.2486898872,0.01047178412,0.9999451694,0.9735789029,0.2283508701,0.4539904997,-0.8910065242,-0.7569950557,-0.653420604,-0.8151277957,0.5792811723,0.3681245527,0.9297764859,0.9907478405,-0.1357155724,0.1045284633,-0.9945218954,,110.1313329,,,,,,,,,,,,,,,110.1313329
2005 - Jun,53.9,474,131.1346209,123.305047,106.3497594,,0.2486898872,-0.9685831611,-0.87630668,-0.4817536741,-0.6845471059,0.7289686274,0.535826795,0.8443279255,0.9510565163,-0.3090169944,-0.06279051953,-0.9980267284,-0.9822872507,-0.1873813146,-0.4257792916,0.9048270525,0.7705132428,0.6374239897,0.8090169944,-0.5877852523,-0.3681245527,-0.9297764859,-0.9921147013,0.1253332336,-0.1253332336,0.9921147013,0.9297764859,0.3681245527,0.5877852523,-0.8090169944,-0.6374239897,-0.7705132428,-0.9048270525,0.4257792916,0.1873813146,0.9822872507,0.9980267284,0.06279051953,0.3090169944,-0.9510565163,,111.3583318,,,,,,,,,,,,,,,111.3583318
2005 - Jul,175.6,475,427.3181802,328.104785,130.2383262,,0.2588190451,-0.9659258263,-0.8660254038,-0.5,-0.7071067812,0.7071067812,0.5,0.8660254038,0.9659258263,-0.2588190451,0,-1,-0.9659258263,-0.2588190451,-0.5,0.8660254038,0.7071067812,0.7071067812,0.8660254038,-0.5,-0.2588190451,-0.9659258263,-1,0,-0.2588190451,0.9659258263,0.8660254038,0.5,0.7071067812,-0.7071067812,-0.5,-0.8660254038,-0.9659258263,0.2588190451,0,1,0.9659258263,0.2588190451,0.5,-0.8660254038,,112.5312692,,,,,,,,,,,,,,,112.5312692
2005 - Aug,52.6,476,128.029746,355.3223357,36.03200055,,0.2689198206,-0.9631625668,-0.8553642602,-0.5180270094,-0.7289686274,0.6845471059,0.4632960351,0.8862035792,0.9781476007,-0.2079116908,0.06279051953,-0.9980267284,-0.9443763702,-0.3288666467,-0.5707135677,0.8211492091,0.6374239897,0.7705132428,0.9135454576,-0.4067366431,-0.1460830286,-0.989272333,-0.9921147013,-0.1253332336,-0.3875155865,0.9218631516,0.7836934573,0.6211477803,0.8090169944,-0.5877852523,-0.3485720473,-0.9372819895,-0.9964928592,0.08367784333,-0.1873813146,0.9822872507,0.8957117602,0.4446351792,0.6691306064,-0.7431448255,,113.6455161,,,,,,,,,,,,,,,113.6455161
2005 - Sep,146.7,477,357.1523867,176.4318194,202.4308245,,0.278991106,-0.9602936857,-0.8443279255,-0.535826795,-0.7501110696,0.6613118653,0.4257792916,0.9048270525,0.9876883406,-0.156434465,0.1253332336,-0.9921147013,-0.9177546257,-0.3971478906,-0.6374239897,0.7705132428,0.5620833779,0.8270805743,0.9510565163,-0.3090169944,-0.03141075908,-0.9995065604,-0.9685831611,-0.2486898872,-0.5090414158,0.860742027,0.6845471059,0.7289686274,0.8910065242,-0.4539904997,-0.1873813146,-0.9822872507,-0.9955619646,-0.09410831332,-0.3681245527,0.9297764859,0.7901550124,0.6129070537,0.8090169944,-0.5877852523,,114.696675,,,,,,,,,,,,,,,114.696675
2005 - Oct,0,478,0,21.44493376,0,,0.2890317969,-0.9573194975,-0.8329212407,-0.5533915492,-0.7705132428,0.6374239897,0.3875155865,0.9218631516,0.9945218954,-0.1045284633,0.1873813146,-0.9822872507,-0.8862035792,-0.4632960351,-0.6996633405,0.7144726796,0.4817536741,0.87630668,0.9781476007,-0.2079116908,0.08367784333,-0.9964928592,-0.9297764859,-0.3681245527,-0.6211477803,0.7836934573,0.5707135677,0.8211492091,0.9510565163,-0.3090169944,-0.02094241988,-0.9997806835,-0.9631625668,-0.2689198206,-0.535826795,0.8443279255,0.653420604,0.7569950557,0.9135454576,-0.4067366431,,115.6805975,,,,,,,,,,,,,,,115.6805975
2005 - Nov,0.8,479,1.948543488,7.816028561,24.93009683,,0.2990407923,-0.9542403285,-0.8211492091,-0.5707135677,-0.7901550124,0.6129070537,0.3485720473,0.9372819895,0.9986295348,-0.05233595624,0.2486898872,-0.9685831611,-0.849892693,-0.5269557955,-0.7569950557,0.653420604,0.3971478906,0.9177546257,0.9945218954,-0.1045284633,0.1976573404,-0.9802711746,-0.87630668,-0.4817536741,-0.7217602281,0.6921431739,0.4446351792,0.8957117602,0.9876883406,-0.156434465,0.1460830286,-0.989272333,-0.9003187714,-0.4352310994,-0.6845471059,0.7289686274,0.4909037536,0.8712138111,0.9781476007,-0.2079116908,,116.5934006,,,,,,,,,,,,,,,116.5934006
2005 - Dec,0,480,0,15.92515343,0,,0.3090169944,-0.9510565163,-0.8090169944,-0.5877852523,-0.8090169944,0.5877852523,0.3090169944,0.9510565163,1,0,0.3090169944,-0.9510565163,-0.8090169944,-0.5877852523,-0.8090169944,0.5877852523,0.3090169944,0.9510565163,1,0,0.3090169944,-0.9510565163,-0.8090169944,-0.5877852523,-0.8090169944,0.5877852523,0.3090169944,0.9510565163,1,0,0.3090169944,-0.9510565163,-0.8090169944,-0.5877852523,-0.8090169944,0.5877852523,0.3090169944,0.9510565163,1,0,,117.4314817,,,,,,,,,,,,,,,117.4314817
2006 - Jan,2.3,481,5.619881575,30.9468886,18.15976284,,0.3189593093,-0.94776841,-0.796529918,-0.6045991149,-0.8270805743,0.5620833779,0.2689198206,0.9631625668,0.9986295348,0.05233595624,0.3681245527,-0.9297764859,-0.7637960286,-0.6454576877,-0.8553642602,0.5180270094,0.2181432414,0.9759167619,0.9945218954,0.1045284633,0.4162807923,-0.909236109,-0.7289686274,-0.6845471059,-0.8813034521,0.4725507649,0.1667687467,0.9859960371,0.9876883406,0.156434465,0.4632960351,-0.8862035792,-0.6921431739,-0.7217602281,-0.9048270525,0.4257792916,0.1149371505,0.9933727656,0.9781476007,0.2079116908,,118.1915334,,,,,,,,,,,,,,,118.1915334
2006 - Feb,0.1,482,0.2443982045,42.37818268,0.57670761,,0.3288666467,-0.9443763702,-0.7836934573,-0.6211477803,-0.8443279255,0.535826795,0.2283508701,0.9735789029,0.9945218954,0.1045284633,0.4257792916,-0.9048270525,-0.7144726796,-0.6996633405,-0.8957117602,0.4446351792,0.1253332336,0.9921147013,0.9781476007,0.2079116908,0.5180270094,-0.8553642602,-0.6374239897,-0.7705132428,-0.9372819895,0.3485720473,0.02094241988,0.9997806835,0.9510565163,0.3090169944,0.6045991149,-0.796529918,-0.5533915492,-0.8329212407,-0.9685831611,0.2486898872,-0.08367784333,0.9964928592,0.9135454576,0.4067366431,,118.8705561,,,,,,,,,,,,,,,118.8705561
2006 - Mar,30.4,483,74.31394213,32.90737615,225.8276132,,0.3387379202,-0.940880769,-0.7705132428,-0.6374239897,-0.860742027,0.5090414158,0.1873813146,0.9822872507,0.9876883406,0.156434465,0.4817536741,-0.87630668,-0.6613118653,-0.7501110696,-0.9297764859,0.3681245527,0.03141075908,0.9995065604,0.9510565163,0.3090169944,0.6129070537,-0.7901550124,-0.535826795,-0.8443279255,-0.9759167619,0.2181432414,-0.1253332336,0.9921147013,0.8910065242,0.4539904997,0.7289686274,-0.6845471059,-0.3971478906,-0.9177546257,-0.9980267284,0.06279051953,-0.278991106,0.9602936857,0.8090169944,0.5877852523,,119.46587,,,,,,,,,,,,,,,119.46587
2006 - Apr,0.6,484,1.467056009,19.73566082,7.433528687,,0.3485720473,-0.9372819895,-0.7569950557,-0.653420604,-0.87630668,0.4817536741,0.1460830286,0.989272333,0.9781476007,0.2079116908,0.535826795,-0.8443279255,-0.6045991149,-0.796529918,-0.9573194975,0.2890317969,-0.06279051953,0.9980267284,0.9135454576,0.4067366431,0.6996633405,-0.7144726796,-0.4257792916,-0.9048270525,-0.9964928592,0.08367784333,-0.2689198206,0.9631625668,0.8090169944,0.5877852523,0.8329212407,-0.5533915492,-0.2283508701,-0.9735789029,-0.9921147013,-0.1253332336,-0.4632960351,0.8862035792,0.6691306064,0.7431448255,,119.9751256,,,,,,,,,,,,,,,119.9751256
2006 - May,24.8,485,60.65210459,45.68178879,132.7708616,,0.3583679495,-0.9335804265,-0.7431448255,-0.6691306064,-0.8910065242,0.4539904997,0.1045284633,0.9945218954,0.9659258263,0.2588190451,0.5877852523,-0.8090169944,-0.544639035,-0.8386705679,-0.9781476007,0.2079116908,-0.156434465,0.9876883406,0.8660254038,0.5,0.7771459615,-0.629320391,-0.3090169944,-0.9510565163,-0.9986295348,-0.05233595624,-0.4067366431,0.9135454576,0.7071067812,0.7071067812,0.9135454576,-0.4067366431,-0.05233595624,-0.9986295348,-0.9510565163,-0.3090169944,-0.629320391,0.7771459615,0.5,0.8660254038,,120.3963133,,,,,,,,,,,,,,,120.3963133
2006 - Jun,45.4,486,111.0577371,123.305047,90.06747067,,0.3681245527,-0.9297764859,-0.7289686274,-0.6845471059,-0.9048270525,0.4257792916,0.06279051953,0.9980267284,0.9510565163,0.3090169944,0.6374239897,-0.7705132428,-0.4817536741,-0.87630668,-0.9921147013,0.1253332336,-0.2486898872,0.9685831611,0.8090169944,0.5877852523,0.8443279255,-0.535826795,-0.1873813146,-0.9822872507,-0.9822872507,-0.1873813146,-0.535826795,0.8443279255,0.5877852523,0.8090169944,0.9685831611,-0.2486898872,0.1253332336,-0.9921147013,-0.87630668,-0.4817536741,-0.7705132428,0.6374239897,0.3090169944,0.9510565163,,120.7277706,,,,,,,,,,,,,,,120.7277706
2006 - Jul,135.2,487,330.8022493,328.104785,100.822135,,0.3778407868,-0.9258705848,-0.7144726796,-0.6996633405,-0.9177546257,0.3971478906,0.02094241988,0.9997806835,0.9335804265,0.3583679495,0.6845471059,-0.7289686274,-0.4162807923,-0.909236109,-0.9991228301,0.04187565373,-0.3387379202,0.940880769,0.7431448255,0.6691306064,0.9003187714,-0.4352310994,-0.06279051953,-0.9980267284,-0.94776841,-0.3189593093,-0.653420604,0.7569950557,0.4539904997,0.8910065242,0.9964928592,-0.08367784333,0.2990407923,-0.9542403285,-0.7705132428,-0.6374239897,-0.8813034521,0.4725507649,0.1045284633,0.9945218954,,120.9681896,,,,,,,,,,,,,,,120.9681896
2006 - Aug,32.1,488,78.55893955,355.3223357,22.10920385,,0.3875155865,-0.9218631516,-0.6996633405,-0.7144726796,-0.9297764859,0.3681245527,-0.02094241988,0.9997806835,0.9135454576,0.4067366431,0.7289686274,-0.6845471059,-0.3485720473,-0.9372819895,-0.9991228301,-0.04187565373,-0.4257792916,0.9048270525,0.6691306064,0.7431448255,0.9443763702,-0.3288666467,0.06279051953,-0.9980267284,-0.8957117602,-0.4446351792,-0.7569950557,0.653420604,0.3090169944,0.9510565163,0.9964928592,0.08367784333,0.4632960351,-0.8862035792,-0.6374239897,-0.7705132428,-0.9573194975,0.2890317969,-0.1045284633,0.9945218954,,121.1166214,,,,,,,,,,,,,,,121.1166214
2006 - Sep,49.9,489,122.149014,176.4318194,69.2329844,,0.3971478906,-0.9177546257,-0.6845471059,-0.7289686274,-0.940880769,0.3387379202,-0.06279051953,0.9980267284,0.8910065242,0.4539904997,0.7705132428,-0.6374239897,-0.278991106,-0.9602936857,-0.9921147013,-0.1253332336,-0.5090414158,0.860742027,0.5877852523,0.8090169944,0.9759167619,-0.2181432414,0.1873813146,-0.9822872507,-0.8270805743,-0.5620833779,-0.8443279255,0.535826795,0.156434465,0.9876883406,0.9685831611,0.2486898872,0.6129070537,-0.7901550124,-0.4817536741,-0.87630668,-0.9955619646,0.09410831332,-0.3090169944,0.9510565163,,121.1724802,,,,,,,,,,,,,,,121.1724802
2006 - Oct,3.8,490,9.304046653,21.44493376,43.38575608,,0.4067366431,-0.9135454576,-0.6691306064,-0.7431448255,-0.9510565163,0.3090169944,-0.1045284633,0.9945218954,0.8660254038,0.5,0.8090169944,-0.5877852523,-0.2079116908,-0.9781476007,-0.9781476007,-0.2079116908,-0.5877852523,0.8090169944,0.5,0.8660254038,0.9945218954,-0.1045284633,0.3090169944,-0.9510565163,-0.7431448255,-0.6691306064,-0.9135454576,0.4067366431,0,1,0.9135454576,0.4067366431,0.7431448255,-0.6691306064,-0.3090169944,-0.9510565163,-0.9945218954,-0.1045284633,-0.5,0.8660254038,,121.1355456,,,,,,,,,,,,,,,121.1355456
2006 - Nov,1.2,491,2.938789057,7.816028561,37.59951789,,0.4162807923,-0.909236109,-0.653420604,-0.7569950557,-0.9602936857,0.278991106,-0.1460830286,0.989272333,0.8386705679,0.544639035,0.8443279255,-0.535826795,-0.1357155724,-0.9907478405,-0.9573194975,-0.2890317969,-0.6613118653,0.7501110696,0.4067366431,0.9135454576,0.9999451694,0.01047178412,0.4257792916,-0.9048270525,-0.6454576877,-0.7637960286,-0.9631625668,0.2689198206,-0.156434465,0.9876883406,0.8329212407,0.5533915492,0.849892693,-0.5269557955,-0.1253332336,-0.9921147013,-0.9542403285,-0.2990407923,-0.6691306064,0.7431448255,,121.0059632,,,,,,,,,,,,,,,121.0059632
2006 - Dec,5.2,492,12.73765317,15.92515343,79.98449257,,0.4257792916,-0.9048270525,-0.6374239897,-0.7705132428,-0.9685831611,0.2486898872,-0.1873813146,0.9822872507,0.8090169944,0.5877852523,0.87630668,-0.4817536741,-0.06279051953,-0.9980267284,-0.9297764859,-0.3681245527,-0.7289686274,0.6845471059,0.3090169944,0.9510565163,0.9921147013,0.1253332336,0.535826795,-0.8443279255,-0.535826795,-0.8443279255,-0.9921147013,0.1253332336,-0.3090169944,0.9510565163,0.7289686274,0.6845471059,0.9297764859,-0.3681245527,0.06279051953,-0.9980267284,-0.87630668,-0.4817536741,-0.8090169944,0.5877852523,,120.7842446,,,,,,,,,,,,,,,120.7842446
2007 - Jan,0.5,493,1.228411671,30.9468886,3.969418985,,0.4352310994,-0.9003187714,-0.6211477803,-0.7836934573,-0.9759167619,0.2181432414,-0.2283508701,0.9735789029,0.7771459615,0.629320391,0.9048270525,-0.4257792916,0.01047178412,-0.9999451694,-0.8957117602,-0.4446351792,-0.7901550124,0.6129070537,0.2079116908,0.9781476007,0.9711342799,0.2385334576,0.6374239897,-0.7705132428,-0.4162807923,-0.909236109,-0.9997806835,-0.02094241988,-0.4539904997,0.8910065242,0.6045991149,0.796529918,0.9802711746,-0.1976573404,0.2486898872,-0.9685831611,-0.7637960286,-0.6454576877,-0.9135454576,0.4067366431,,120.4712648,,,,,,,,,,,,,,,120.4712648
2007 - Feb,76,494,186.7612388,42.37818268,440.7013869,,0.4446351792,-0.8957117602,-0.6045991149,-0.796529918,-0.9822872507,0.1873813146,-0.2689198206,0.9631625668,0.7431448255,0.6691306064,0.9297764859,-0.3681245527,0.08367784333,-0.9964928592,-0.8553642602,-0.5180270094,-0.8443279255,0.535826795,0.1045284633,0.9945218954,0.9372819895,0.3485720473,0.7289686274,-0.6845471059,-0.2890317969,-0.9573194975,-0.9859960371,-0.1667687467,-0.5877852523,0.8090169944,0.4632960351,0.8862035792,0.9997806835,-0.02094241988,0.4257792916,-0.9048270525,-0.6211477803,-0.7836934573,-0.9781476007,0.2079116908,,120.0682589,,,,,,,,,,,,,,,120.0682589
2007 - Mar,40.1,495,98.56364891,32.90737615,299.5184072,,0.4539904997,-0.8910065242,-0.5877852523,-0.8090169944,-0.9876883406,0.156434465,-0.3090169944,0.9510565163,0.7071067812,0.7071067812,0.9510565163,-0.3090169944,0.156434465,-0.9876883406,-0.8090169944,-0.5877852523,-0.8910065242,0.4539904997,0,1,0.8910065242,0.4539904997,0.8090169944,-0.5877852523,-0.156434465,-0.9876883406,-0.9510565163,-0.3090169944,-0.7071067812,0.7071067812,0.3090169944,0.9510565163,0.9876883406,0.156434465,0.5877852523,-0.8090169944,-0.4539904997,-0.8910065242,-1,0,,119.5768174,,,,,,,,,,,,,,,119.5768174
2007 - Apr,2,496,4.917016499,19.73566082,24.91437476,,0.4632960351,-0.8862035792,-0.5707135677,-0.8211492091,-0.9921147013,0.1253332336,-0.3485720473,0.9372819895,0.6691306064,0.7431448255,0.9685831611,-0.2486898872,0.2283508701,-0.9735789029,-0.7569950557,-0.653420604,-0.9297764859,0.3681245527,-0.1045284633,0.9945218954,0.8329212407,0.5533915492,0.87630668,-0.4817536741,-0.02094241988,-0.9997806835,-0.8957117602,-0.4446351792,-0.8090169944,0.5877852523,0.1460830286,0.989272333,0.9443763702,0.3288666467,0.7289686274,-0.6845471059,-0.2689198206,-0.9631625668,-0.9781476007,-0.2079116908,,118.9988798,,,,,,,,,,,,,,,118.9988798
2007 - May,12.4,497,30.49247294,45.68178879,66.74973496,,0.4725507649,-0.8813034521,-0.5533915492,-0.8329212407,-0.9955619646,0.09410831332,-0.3875155865,0.9218631516,0.629320391,0.7771459615,0.9822872507,-0.1873813146,0.2990407923,-0.9542403285,-0.6996633405,-0.7144726796,-0.9602936857,0.278991106,-0.2079116908,0.9781476007,0.7637960286,0.6454576877,0.9297764859,-0.3681245527,0.1149371505,-0.9933727656,-0.8211492091,-0.5707135677,-0.8910065242,0.4539904997,-0.02094241988,0.9997806835,0.8712138111,0.4909037536,0.8443279255,-0.535826795,-0.07323819713,-0.9973144772,-0.9135454576,-0.4067366431,,118.3367269,,,,,,,,,,,,,,,118.3367269
2007 - Jun,88.7,498,218.1694298,123.305047,176.934712,,0.4817536741,-0.87630668,-0.535826795,-0.8443279255,-0.9980267284,0.06279051953,-0.4257792916,0.9048270525,0.5877852523,0.8090169944,0.9921147013,-0.1253332336,0.3681245527,-0.9297764859,-0.6374239897,-0.7705132428,-0.9822872507,0.1873813146,-0.3090169944,0.9510565163,0.6845471059,0.7289686274,0.9685831611,-0.2486898872,0.2486898872,-0.9685831611,-0.7289686274,-0.6845471059,-0.9510565163,0.3090169944,-0.1873813146,0.9822872507,0.7705132428,0.6374239897,0.9297764859,-0.3681245527,0.1253332336,-0.9921147013,-0.8090169944,-0.5877852523,,117.5929721,,,,,,,,,,,,,,,117.5929721
2007 - Jul,82,499,201.7360285,328.104785,61.48524425,,0.4909037536,-0.8712138111,-0.5180270094,-0.8553642602,-0.9995065604,0.03141075908,-0.4632960351,0.8862035792,0.544639035,0.8386705679,0.9980267284,-0.06279051953,0.4352310994,-0.9003187714,-0.5707135677,-0.8211492091,-0.9955619646,0.09410831332,-0.4067366431,0.9135454576,0.596224875,0.8028174752,0.9921147013,-0.1253332336,0.3778407868,-0.9258705848,-0.6211477803,-0.7836934573,-0.9876883406,0.156434465,-0.3485720473,0.9372819895,0.6454576877,0.7637960286,0.9822872507,-0.1873813146,0.3189593093,-0.94776841,-0.6691306064,-0.7431448255,,116.7705505,,,,,,,,,,,,,,,116.7705505
2007 - Aug,87.9,500,216.3006625,355.3223357,60.87449078,,0.5,-0.8660254038,-0.5,-0.8660254038,-1,0,-0.5,0.8660254038,0.5,0.8660254038,1,0,0.5,-0.8660254038,-0.5,-0.8660254038,-1,0,-0.5,0.8660254038,0.5,0.8660254038,1,0,0.5,-0.8660254038,-0.5,-0.8660254038,-1,0,-0.5,0.8660254038,0.5,0.8660254038,1,0,0.5,-0.8660254038,-0.5,-0.8660254038,,115.8727079,,,,,,,,,,,,,,,115.8727079
2007 - Sep,55.2,501,135.8649506,176.4318194,77.00705637,,0.5090414158,-0.860742027,-0.4817536741,-0.87630668,-0.9995065604,-0.03141075908,-0.535826795,0.8443279255,0.4539904997,0.8910065242,0.9980267284,0.06279051953,0.5620833779,-0.8270805743,-0.4257792916,-0.9048270525,-0.9955619646,-0.09410831332,-0.5877852523,0.8090169944,0.3971478906,0.9177546257,0.9921147013,0.1253332336,0.6129070537,-0.7901550124,-0.3681245527,-0.9297764859,-0.9876883406,-0.156434465,-0.6374239897,0.7705132428,0.3387379202,0.940880769,0.9822872507,0.1873813146,0.6613118653,-0.7501110696,-0.3090169944,-0.9510565163,,114.9029876,,,,,,,,,,,,,,,114.9029876
2007 - Oct,0.1,502,0.2461885006,21.44493376,1.148003083,,0.5180270094,-0.8553642602,-0.4632960351,-0.8862035792,-0.9980267284,-0.06279051953,-0.5707135677,0.8211492091,0.4067366431,0.9135454576,0.9921147013,0.1253332336,0.6211477803,-0.7836934573,-0.3485720473,-0.9372819895,-0.9822872507,-0.1873813146,-0.6691306064,0.7431448255,0.2890317969,0.9573194975,0.9685831611,0.2486898872,0.7144726796,-0.6996633405,-0.2283508701,-0.9735789029,-0.9510565163,-0.3090169944,-0.7569950557,0.653420604,0.1667687467,0.9859960371,0.9297764859,0.3681245527,0.796529918,-0.6045991149,-0.1045284633,-0.9945218954,,113.8652166,,,,,,,,,,,,,,,113.8652166
2007 - Nov,0.3,503,0.7387346104,7.816028561,9.451534172,,0.5269557955,-0.849892693,-0.4446351792,-0.8957117602,-0.9955619646,-0.09410831332,-0.6045991149,0.796529918,0.3583679495,0.9335804265,0.9822872507,0.1873813146,0.6768759697,-0.7360970871,-0.2689198206,-0.9631625668,-0.9602936857,-0.278991106,-0.7431448255,0.6691306064,0.1770847403,0.984195608,0.9297764859,0.3681245527,0.8028174752,-0.596224875,-0.08367784333,-0.9964928592,-0.8910065242,-0.4539904997,-0.8553642602,0.5180270094,-0.01047178412,0.9999451694,0.8443279255,0.535826795,0.9003187714,-0.4352310994,0.1045284633,-0.9945218954,,112.7634907,,,,,,,,,,,,,,,112.7634907
2007 - Dec,1.4,504,3.448217716,15.92515343,21.65264988,,0.535826795,-0.8443279255,-0.4257792916,-0.9048270525,-0.9921147013,-0.1253332336,-0.6374239897,0.7705132428,0.3090169944,0.9510565163,0.9685831611,0.2486898872,0.7289686274,-0.6845471059,-0.1873813146,-0.9822872507,-0.9297764859,-0.3681245527,-0.8090169944,0.5877852523,0.06279051953,0.9980267284,0.87630668,0.4817536741,0.87630668,-0.4817536741,0.06279051953,-0.9980267284,-0.8090169944,-0.5877852523,-0.9297764859,0.3681245527,-0.1873813146,0.9822872507,0.7289686274,0.6845471059,0.9685831611,-0.2486898872,0.3090169944,-0.9510565163,,111.6021578,,,,,,,,,,,,,,,111.6021578
2008 - Jan,2.4,505,5.92888229,30.9468886,19.15825002,,0.544639035,-0.8386705679,-0.4067366431,-0.9135454576,-0.9876883406,-0.156434465,-0.6691306064,0.7431448255,0.2588190451,0.9659258263,0.9510565163,0.3090169944,0.7771459615,-0.629320391,-0.1045284633,-0.9945218954,-0.8910065242,-0.4539904997,-0.8660254038,0.5,-0.05233595624,0.9986295348,0.8090169944,0.5877852523,0.9335804265,-0.3583679495,0.2079116908,-0.9781476007,-0.7071067812,-0.7071067812,-0.9781476007,0.2079116908,-0.3583679495,0.9335804265,0.5877852523,0.8090169944,0.9986295348,-0.05233595624,0.5,-0.8660254038,,110.3858011,,,,,,,,,,,,,,,110.3858011
2008 - Feb,0.4,506,0.988374083,42.37818268,2.332271043,,0.5533915492,-0.8329212407,-0.3875155865,-0.9218631516,-0.9822872507,-0.1873813146,-0.6996633405,0.7144726796,0.2079116908,0.9781476007,0.9297764859,0.3681245527,0.8211492091,-0.5707135677,-0.02094241988,-0.9997806835,-0.8443279255,-0.535826795,-0.9135454576,0.4067366431,-0.1667687467,0.9859960371,0.7289686274,0.6845471059,0.9735789029,-0.2283508701,0.3485720473,-0.9372819895,-0.5877852523,-0.8090169944,-0.9991228301,0.04187565373,-0.5180270094,0.8553642602,0.4257792916,0.9048270525,0.989272333,0.1460830286,0.6691306064,-0.7431448255,,109.1192211,,,,,,,,,,,,,,,109.1192211
2008 - Mar,0.6,507,1.482901833,32.90737615,4.506290098,,0.5620833779,-0.8270805743,-0.3681245527,-0.9297764859,-0.9759167619,-0.2181432414,-0.7289686274,0.6845471059,0.156434465,0.9876883406,0.9048270525,0.4257792916,0.860742027,-0.5090414158,0.06279051953,-0.9980267284,-0.7901550124,-0.6129070537,-0.9510565163,0.3090169944,-0.278991106,0.9602936857,0.6374239897,0.7705132428,0.9955619646,-0.09410831332,0.4817536741,-0.87630668,-0.4539904997,-0.8910065242,-0.9921147013,-0.1253332336,-0.6613118653,0.7501110696,0.2486898872,0.9685831611,0.940880769,0.3387379202,0.8090169944,-0.5877852523,,107.8074163,,,,,,,,,,,,,,,107.8074163
2008 - Apr,13.4,508,33.12575359,19.73566082,167.8471975,,0.5707135677,-0.8211492091,-0.3485720473,-0.9372819895,-0.9685831611,-0.2486898872,-0.7569950557,0.653420604,0.1045284633,0.9945218954,0.87630668,0.4817536741,0.8957117602,-0.4446351792,0.1460830286,-0.989272333,-0.7289686274,-0.6845471059,-0.9781476007,0.2079116908,-0.3875155865,0.9218631516,0.535826795,0.8443279255,0.9991228301,0.04187565373,0.6045991149,-0.796529918,-0.3090169944,-0.9510565163,-0.9573194975,-0.2890317969,-0.7836934573,0.6211477803,0.06279051953,0.9980267284,0.8553642602,0.5180270094,0.9135454576,-0.4067366431,,106.4555639,,,,,,,,,,,,,,,106.4555639
2008 - May,72.9,509,180.255422,45.68178879,394.5892372,,0.5792811723,-0.8151277957,-0.3288666467,-0.9443763702,-0.9602936857,-0.278991106,-0.7836934573,0.6211477803,0.05233595624,0.9986295348,0.8443279255,0.535826795,0.9258705848,-0.3778407868,0.2283508701,-0.9735789029,-0.6613118653,-0.7501110696,-0.9945218954,0.1045284633,-0.4909037536,0.8712138111,0.4257792916,0.9048270525,0.984195608,0.1770847403,0.7144726796,-0.6996633405,-0.156434465,-0.9876883406,-0.8957117602,-0.4446351792,-0.8813034521,0.4725507649,-0.1253332336,0.9921147013,0.7360970871,0.6768759697,0.9781476007,-0.2079116908,,105.068999,,,,,,,,,,,,,,,105.068999
2008 - Jun,193.5,510,478.5657798,123.305047,388.1153216,,0.5877852523,-0.8090169944,-0.3090169944,-0.9510565163,-0.9510565163,-0.3090169944,-0.8090169944,0.5877852523,0,1,0.8090169944,0.5877852523,0.9510565163,-0.3090169944,0.3090169944,-0.9510565163,-0.5877852523,-0.8090169944,-1,0,-0.5877852523,0.8090169944,0.3090169944,0.9510565163,0.9510565163,0.3090169944,0.8090169944,-0.5877852523,0,-1,-0.8090169944,-0.5877852523,-0.9510565163,0.3090169944,-0.3090169944,0.9510565163,0.5877852523,0.8090169944,1,0,,103.6531937,,,,,,,,,,,,,,,103.6531937
2008 - Jul,124.3,511,307.4904882,328.104785,93.71716055,,0.596224875,-0.8028174752,-0.2890317969,-0.9573194975,-0.940880769,-0.3387379202,-0.8329212407,0.5533915492,-0.05233595624,0.9986295348,0.7705132428,0.6374239897,0.9711342799,-0.2385334576,0.3875155865,-0.9218631516,-0.5090414158,-0.860742027,-0.9945218954,-0.1045284633,-0.6768759697,0.7360970871,0.1873813146,0.9822872507,0.9003187714,0.4352310994,0.8862035792,-0.4632960351,0.156434465,-0.9876883406,-0.6996633405,-0.7144726796,-0.9907478405,0.1357155724,-0.4817536741,0.87630668,0.4162807923,0.909236109,0.9781476007,0.2079116908,,102.2137357,,,,,,,,,,,,,,,102.2137357
2008 - Aug,174.2,512,431.03111,355.3223357,121.3070687,,0.6045991149,-0.796529918,-0.2689198206,-0.9631625668,-0.9297764859,-0.3681245527,-0.8553642602,0.5180270094,-0.1045284633,0.9945218954,0.7289686274,0.6845471059,0.9859960371,-0.1667687467,0.4632960351,-0.8862035792,-0.4257792916,-0.9048270525,-0.9781476007,-0.2079116908,-0.7569950557,0.653420604,0.06279051953,0.9980267284,0.8329212407,0.5533915492,0.9443763702,-0.3288666467,0.3090169944,-0.9510565163,-0.5707135677,-0.8211492091,-0.9991228301,-0.04187565373,-0.6374239897,0.7705132428,0.2283508701,0.9735789029,0.9135454576,0.4067366431,,100.7563056,,,,,,,,,,,,,,,100.7563056
2008 - Sep,114.5,513,283.3778394,176.4318194,160.6160614,,0.6129070537,-0.7901550124,-0.2486898872,-0.9685831611,-0.9177546257,-0.3971478906,-0.87630668,0.4817536741,-0.156434465,0.9876883406,0.6845471059,0.7289686274,0.9955619646,-0.09410831332,0.535826795,-0.8443279255,-0.3387379202,-0.940880769,-0.9510565163,-0.3090169944,-0.8270805743,0.5620833779,-0.06279051953,0.9980267284,0.7501110696,0.6613118653,0.9822872507,-0.1873813146,0.4539904997,-0.8910065242,-0.4257792916,-0.9048270525,-0.9759167619,-0.2181432414,-0.7705132428,0.6374239897,0.03141075908,0.9995065604,0.8090169944,0.5877852523,,99.28665549,,,,,,,,,,,,,,,99.28665549
2008 - Oct,8.4,514,20.79407657,21.44493376,96.96498392,,0.6211477803,-0.7836934573,-0.2283508701,-0.9735789029,-0.9048270525,-0.4257792916,-0.8957117602,0.4446351792,-0.2079116908,0.9781476007,0.6374239897,0.7705132428,0.9997806835,-0.02094241988,0.6045991149,-0.796529918,-0.2486898872,-0.9685831611,-0.9135454576,-0.4067366431,-0.8862035792,0.4632960351,-0.1873813146,0.9822872507,0.653420604,0.7569950557,0.9991228301,-0.04187565373,0.5877852523,-0.8090169944,-0.2689198206,-0.9631625668,-0.9218631516,-0.3875155865,-0.87630668,0.4817536741,-0.1667687467,0.9859960371,0.6691306064,0.7431448255,,97.81058525,,,,,,,,,,,,,,,97.81058525
2008 - Nov,5.5,515,13.61830386,7.816028561,174.2355949,,0.629320391,-0.7771459615,-0.2079116908,-0.9781476007,-0.8910065242,-0.4539904997,-0.9135454576,0.4067366431,-0.2588190451,0.9659258263,0.5877852523,0.8090169944,0.9986295348,0.05233595624,0.6691306064,-0.7431448255,-0.156434465,-0.9876883406,-0.8660254038,-0.5,-0.9335804265,0.3583679495,-0.3090169944,0.9510565163,0.544639035,0.8386705679,0.9945218954,0.1045284633,0.7071067812,-0.7071067812,-0.1045284633,-0.9945218954,-0.8386705679,-0.544639035,-0.9510565163,0.3090169944,-0.3583679495,0.9335804265,0.5,0.8660254038,,96.3339203,,,,,,,,,,,,,,,96.3339203
2008 - Dec,0.2,516,0.4953250901,15.92515343,3.110331666,,0.6374239897,-0.7705132428,-0.1873813146,-0.9822872507,-0.87630668,-0.4817536741,-0.9297764859,0.3681245527,-0.3090169944,0.9510565163,0.535826795,0.8443279255,0.9921147013,0.1253332336,0.7289686274,-0.6845471059,-0.06279051953,-0.9980267284,-0.8090169944,-0.5877852523,-0.9685831611,0.2486898872,-0.4257792916,0.9048270525,0.4257792916,0.9048270525,0.9685831611,0.2486898872,0.8090169944,-0.5877852523,0.06279051953,-0.9980267284,-0.7289686274,-0.6845471059,-0.9921147013,0.1253332336,-0.535826795,0.8443279255,0.3090169944,0.9510565163,,94.86248835,,,,,,,,,,,,,,,94.86248835
2009 - Jan,4.1,517,10.18465447,30.9468886,32.91010802,,0.6454576877,-0.7637960286,-0.1667687467,-0.9859960371,-0.860742027,-0.5090414158,-0.9443763702,0.3288666467,-0.3583679495,0.9335804265,0.4817536741,0.87630668,0.9802711746,0.1976573404,0.7836934573,-0.6211477803,0.03141075908,-0.9995065604,-0.7431448255,-0.6691306064,-0.9907478405,0.1357155724,-0.535826795,0.8443279255,0.2990407923,0.9542403285,0.9218631516,0.3875155865,0.8910065242,-0.4539904997,0.2283508701,-0.9735789029,-0.596224875,-0.8028174752,-0.9980267284,-0.06279051953,-0.6921431739,0.7217602281,0.1045284633,0.9945218954,,93.40209648,,,,,,,,,,,,,,,93.40209648
2009 - Feb,5.9,518,14.65935218,42.37818268,34.59174333,,0.653420604,-0.7569950557,-0.1460830286,-0.989272333,-0.8443279255,-0.535826795,-0.9573194975,0.2890317969,-0.4067366431,0.9135454576,0.4257792916,0.9048270525,0.9631625668,0.2689198206,0.8329212407,-0.5533915492,0.1253332336,-0.9921147013,-0.6691306064,-0.7431448255,-0.9997806835,0.02094241988,-0.6374239897,0.7705132428,0.1667687467,0.9859960371,0.8553642602,0.5180270094,0.9510565163,-0.3090169944,0.3875155865,-0.9218631516,-0.4446351792,-0.8957117602,-0.9685831611,-0.2486898872,-0.8211492091,0.5707135677,-0.1045284633,0.9945218954,,91.95850819,,,,,,,,,,,,,,,91.95850819
2009 - Mar,5.7,519,14.16569771,32.90737615,43.04718081,,0.6613118653,-0.7501110696,-0.1253332336,-0.9921147013,-0.8270805743,-0.5620833779,-0.9685831611,0.2486898872,-0.4539904997,0.8910065242,0.3681245527,0.9297764859,0.940880769,0.3387379202,0.87630668,-0.4817536741,0.2181432414,-0.9759167619,-0.5877852523,-0.8090169944,-0.9955619646,-0.09410831332,-0.7289686274,0.6845471059,0.03141075908,0.9995065604,0.7705132428,0.6374239897,0.9876883406,-0.156434465,0.535826795,-0.8443279255,-0.278991106,-0.9602936857,-0.9048270525,-0.4257792916,-0.9177546257,0.3971478906,-0.3090169944,0.9510565163,,90.53742065,,,,,,,,,,,,,,,90.53742065
2009 - Apr,11.7,520,29.08367927,19.73566082,147.3661284,,0.6691306064,-0.7431448255,-0.1045284633,-0.9945218954,-0.8090169944,-0.5877852523,-0.9781476007,0.2079116908,-0.5,0.8660254038,0.3090169944,0.9510565163,0.9135454576,0.4067366431,0.9135454576,-0.4067366431,0.3090169944,-0.9510565163,-0.5,-0.8660254038,-0.9781476007,-0.2079116908,-0.8090169944,0.5877852523,-0.1045284633,0.9945218954,0.6691306064,0.7431448255,1,0,0.6691306064,-0.7431448255,-0.1045284633,-0.9945218954,-0.8090169944,-0.5877852523,-0.9781476007,0.2079116908,-0.5,0.8660254038,,89.14444226,,,,,,,,,,,,,,,89.14444226
2009 - May,17.7,521,44.00855867,45.68178879,96.33720534,,0.6768759697,-0.7360970871,-0.08367784333,-0.9964928592,-0.7901550124,-0.6129070537,-0.9859960371,0.1667687467,-0.544639035,0.8386705679,0.2486898872,0.9685831611,0.8813034521,0.4725507649,0.9443763702,-0.3288666467,0.3971478906,-0.9177546257,-0.4067366431,-0.9135454576,-0.94776841,-0.3189593093,-0.87630668,0.4817536741,-0.2385334576,0.9711342799,0.5533915492,0.8329212407,0.9876883406,0.156434465,0.7836934573,-0.6211477803,0.07323819713,-0.9973144772,-0.6845471059,-0.7289686274,-0.9999451694,0.01047178412,-0.6691306064,0.7431448255,,87.78507046,,,,,,,,,,,,,,,87.78507046
2009 - Jun,15.2,522,37.80139994,123.305047,30.65681483,,0.6845471059,-0.7289686274,-0.06279051953,-0.9980267284,-0.7705132428,-0.6374239897,-0.9921147013,0.1253332336,-0.5877852523,0.8090169944,0.1873813146,0.9822872507,0.8443279255,0.535826795,0.9685831611,-0.2486898872,0.4817536741,-0.87630668,-0.3090169944,-0.9510565163,-0.9048270525,-0.4257792916,-0.9297764859,0.3681245527,-0.3681245527,0.9297764859,0.4257792916,0.9048270525,0.9510565163,0.3090169944,0.87630668,-0.4817536741,0.2486898872,-0.9685831611,-0.535826795,-0.8443279255,-0.9822872507,-0.1873813146,-0.8090169944,0.5877852523,,86.46467007,,,,,,,,,,,,,,,86.46467007
2009 - Jul,106.4,523,264.6710036,328.104785,80.66660886,,0.6921431739,-0.7217602281,-0.04187565373,-0.9991228301,-0.7501110696,-0.6613118653,-0.9964928592,0.08367784333,-0.629320391,0.7771459615,0.1253332336,0.9921147013,0.8028174752,0.596224875,0.9859960371,-0.1667687467,0.5620833779,-0.8270805743,-0.2079116908,-0.9781476007,-0.849892693,-0.5269557955,-0.9685831611,0.2486898872,-0.4909037536,0.8712138111,0.2890317969,0.9573194975,0.8910065242,0.4539904997,0.9443763702,-0.3288666467,0.4162807923,-0.909236109,-0.3681245527,-0.9297764859,-0.9258705848,-0.3778407868,-0.9135454576,0.4067366431,,85.1884521,,,,,,,,,,,,,,,85.1884521
2009 - Aug,63.8,524,158.7398181,355.3223357,44.67487748,,0.6996633405,-0.7144726796,-0.02094241988,-0.9997806835,-0.7289686274,-0.6845471059,-0.9991228301,0.04187565373,-0.6691306064,0.7431448255,0.06279051953,0.9980267284,0.7569950557,0.653420604,0.9964928592,-0.08367784333,0.6374239897,-0.7705132428,-0.1045284633,-0.9945218954,-0.7836934573,-0.6211477803,-0.9921147013,0.1253332336,-0.6045991149,0.796529918,0.1460830286,0.989272333,0.8090169944,0.5877852523,0.9859960371,-0.1667687467,0.5707135677,-0.8211492091,-0.1873813146,-0.9822872507,-0.8329212407,-0.5533915492,-0.9781476007,0.2079116908,,83.96145322,,,,,,,,,,,,,,,83.96145322
2009 - Sep,160.8,525,400.1766376,176.4318194,226.8165906,,0.7071067812,-0.7071067812,0,-1,-0.7071067812,-0.7071067812,-1,0,-0.7071067812,0.7071067812,0,1,0.7071067812,0.7071067812,1,0,0.7071067812,-0.7071067812,0,-1,-0.7071067812,-0.7071067812,-1,0,-0.7071067812,0.7071067812,0,1,0.7071067812,0.7071067812,1,0,0.7071067812,-0.7071067812,0,-1,-0.7071067812,-0.7071067812,-1,0,,82.78851582,,,,,,,,,,,,,,,82.78851582
2009 - Oct,2.5,526,6.223091766,21.44493376,29.01893676,,0.7144726796,-0.6996633405,0.02094241988,-0.9997806835,-0.6845471059,-0.7289686274,-0.9991228301,-0.04187565373,-0.7431448255,0.6691306064,-0.06279051953,0.9980267284,0.653420604,0.7569950557,0.9964928592,0.08367784333,0.7705132428,-0.6374239897,0.1045284633,-0.9945218954,-0.6211477803,-0.7836934573,-0.9921147013,-0.1253332336,-0.796529918,0.6045991149,-0.1460830286,0.989272333,0.5877852523,0.8090169944,0.9859960371,0.1667687467,0.8211492091,-0.5707135677,0.1873813146,-0.9822872507,-0.5533915492,-0.8329212407,-0.9781476007,-0.2079116908,,81.67426895,,,,,,,,,,,,,,,81.67426895
2009 - Nov,1.1,527,2.738794298,7.816028561,35.04074065,,0.7217602281,-0.6921431739,0.04187565373,-0.9991228301,-0.6613118653,-0.7501110696,-0.9964928592,-0.08367784333,-0.7771459615,0.629320391,-0.1253332336,0.9921147013,0.596224875,0.8028174752,0.9859960371,0.1667687467,0.8270805743,-0.5620833779,0.2079116908,-0.9781476007,-0.5269557955,-0.849892693,-0.9685831611,-0.2486898872,-0.8712138111,0.4909037536,-0.2890317969,0.9573194975,0.4539904997,0.8910065242,0.9443763702,0.3288666467,0.909236109,-0.4162807923,0.3681245527,-0.9297764859,-0.3778407868,-0.9258705848,-0.9135454576,-0.4067366431,,80.62311003,,,,,,,,,,,,,,,80.62311003
2009 - Dec,0.4,528,0.9961558224,15.92515343,6.25523532,,0.7289686274,-0.6845471059,0.06279051953,-0.9980267284,-0.6374239897,-0.7705132428,-0.9921147013,-0.1253332336,-0.8090169944,0.5877852523,-0.1873813146,0.9822872507,0.535826795,0.8443279255,0.9685831611,0.2486898872,0.87630668,-0.4817536741,0.3090169944,-0.9510565163,-0.4257792916,-0.9048270525,-0.9297764859,-0.3681245527,-0.9297764859,0.3681245527,-0.4257792916,0.9048270525,0.3090169944,0.9510565163,0.87630668,0.4817536741,0.9685831611,-0.2486898872,0.535826795,-0.8443279255,-0.1873813146,-0.9822872507,-0.8090169944,-0.5877852523,,79.63918751,,,,,,,,,,,,,,,79.63918751
2010 - Jan,4.8,529,11.98996409,30.9468886,38.74368194,,0.7360970871,-0.6768759697,0.08367784333,-0.9964928592,-0.6129070537,-0.7901550124,-0.9859960371,-0.1667687467,-0.8386705679,0.544639035,-0.2486898872,0.9685831611,0.4725507649,0.8813034521,0.9443763702,0.3288666467,0.9177546257,-0.3971478906,0.4067366431,-0.9135454576,-0.3189593093,-0.94776841,-0.87630668,-0.4817536741,-0.9711342799,0.2385334576,-0.5533915492,0.8329212407,0.156434465,0.9876883406,0.7836934573,0.6211477803,0.9973144772,-0.07323819713,0.6845471059,-0.7289686274,0.01047178412,-0.9999451694,-0.6691306064,-0.7431448255,,78.72638447,,,,,,,,,,,,,,,78.72638447
2010 - Feb,10.2,530,25.48459289,42.37818268,60.13611553,,0.7431448255,-0.6691306064,0.1045284633,-0.9945218954,-0.5877852523,-0.8090169944,-0.9781476007,-0.2079116908,-0.8660254038,0.5,-0.3090169944,0.9510565163,0.4067366431,0.9135454576,0.9135454576,0.4067366431,0.9510565163,-0.3090169944,0.5,-0.8660254038,-0.2079116908,-0.9781476007,-0.8090169944,-0.5877852523,-0.9945218954,0.1045284633,-0.6691306064,0.7431448255,0,1,0.6691306064,0.7431448255,0.9945218954,0.1045284633,0.8090169944,-0.5877852523,0.2079116908,-0.9781476007,-0.5,-0.8660254038,,77.88830335,,,,,,,,,,,,,,,77.88830335
2010 - Mar,0.5,531,1.249535042,32.90737615,3.797127537,,0.7501110696,-0.6613118653,0.1253332336,-0.9921147013,-0.5620833779,-0.8270805743,-0.9685831611,-0.2486898872,-0.8910065242,0.4539904997,-0.3681245527,0.9297764859,0.3387379202,0.940880769,0.87630668,0.4817536741,0.9759167619,-0.2181432414,0.5877852523,-0.8090169944,-0.09410831332,-0.9955619646,-0.7289686274,-0.6845471059,-0.9995065604,-0.03141075908,-0.7705132428,0.6374239897,-0.156434465,0.9876883406,0.535826795,0.8443279255,0.9602936857,0.278991106,0.9048270525,-0.4257792916,0.3971478906,-0.9177546257,-0.3090169944,-0.9510565163,,77.12825165,,,,,,,,,,,,,,,77.12825165
2010 - Apr,0.8,532,1.99972075,19.73566082,10.13252492,,0.7569950557,-0.653420604,0.1460830286,-0.989272333,-0.535826795,-0.8443279255,-0.9573194975,-0.2890317969,-0.9135454576,0.4067366431,-0.4257792916,0.9048270525,0.2689198206,0.9631625668,0.8329212407,0.5533915492,0.9921147013,-0.1253332336,0.6691306064,-0.7431448255,0.02094241988,-0.9997806835,-0.6374239897,-0.7705132428,-0.9859960371,-0.1667687467,-0.8553642602,0.5180270094,-0.3090169944,0.9510565163,0.3875155865,0.9218631516,0.8957117602,0.4446351792,0.9685831611,-0.2486898872,0.5707135677,-0.8211492091,-0.1045284633,-0.9945218954,,76.44922896,,,,,,,,,,,,,,,76.44922896
2010 - May,5.9,533,14.75136916,45.68178879,32.29157516,,0.7637960286,-0.6454576877,0.1667687467,-0.9859960371,-0.5090414158,-0.860742027,-0.9443763702,-0.3288666467,-0.9335804265,0.3583679495,-0.4817536741,0.87630668,0.1976573404,0.9802711746,0.7836934573,0.6211477803,0.9995065604,-0.03141075908,0.7431448255,-0.6691306064,0.1357155724,-0.9907478405,-0.535826795,-0.8443279255,-0.9542403285,-0.2990407923,-0.9218631516,0.3875155865,-0.4539904997,0.8910065242,0.2283508701,0.9735789029,0.8028174752,0.596224875,0.9980267284,-0.06279051953,0.7217602281,-0.6921431739,0.1045284633,-0.9945218954,,75.85391507,,,,,,,,,,,,,,,75.85391507
2010 - Jun,29.1,534,72.77367156,123.305047,59.0192156,,0.7705132428,-0.6374239897,0.1873813146,-0.9822872507,-0.4817536741,-0.87630668,-0.9297764859,-0.3681245527,-0.9510565163,0.3090169944,-0.535826795,0.8443279255,0.1253332336,0.9921147013,0.7289686274,0.6845471059,0.9980267284,0.06279051953,0.8090169944,-0.5877852523,0.2486898872,-0.9685831611,-0.4257792916,-0.9048270525,-0.9048270525,-0.4257792916,-0.9685831611,0.2486898872,-0.5877852523,0.8090169944,0.06279051953,0.9980267284,0.6845471059,0.7289686274,0.9921147013,0.1253332336,0.8443279255,-0.535826795,0.3090169944,-0.9510565163,,75.34465941,,,,,,,,,,,,,,,75.34465941
2010 - Jul,189.3,535,473.5140963,328.104785,144.317949,,0.7771459615,-0.629320391,0.2079116908,-0.9781476007,-0.4539904997,-0.8910065242,-0.9135454576,-0.4067366431,-0.9659258263,0.2588190451,-0.5877852523,0.8090169944,0.05233595624,0.9986295348,0.6691306064,0.7431448255,0.9876883406,0.156434465,0.8660254038,-0.5,0.3583679495,-0.9335804265,-0.3090169944,-0.9510565163,-0.8386705679,-0.544639035,-0.9945218954,0.1045284633,-0.7071067812,0.7071067812,-0.1045284633,0.9945218954,0.544639035,0.8386705679,0.9510565163,0.3090169944,0.9335804265,-0.3583679495,0.5,-0.8660254038,,74.92347178,,,,,,,,,,,,,,,74.92347178
2010 - Aug,198.5,536,496.6424455,355.3223357,139.7723688,,0.7836934573,-0.6211477803,0.2283508701,-0.9735789029,-0.4257792916,-0.9048270525,-0.8957117602,-0.4446351792,-0.9781476007,0.2079116908,-0.6374239897,0.7705132428,-0.02094241988,0.9997806835,0.6045991149,0.796529918,0.9685831611,0.2486898872,0.9135454576,-0.4067366431,0.4632960351,-0.8862035792,-0.1873813146,-0.9822872507,-0.7569950557,-0.653420604,-0.9991228301,-0.04187565373,-0.8090169944,0.5877852523,-0.2689198206,0.9631625668,0.3875155865,0.9218631516,0.87630668,0.4817536741,0.9859960371,-0.1667687467,0.6691306064,-0.7431448255,,74.59201442,,,,,,,,,,,,,,,74.59201442
2010 - Sep,183.9,537,460.2206482,176.4318194,260.8490066,,0.7901550124,-0.6129070537,0.2486898872,-0.9685831611,-0.3971478906,-0.9177546257,-0.87630668,-0.4817536741,-0.9876883406,0.156434465,-0.6845471059,0.7289686274,-0.09410831332,0.9955619646,0.535826795,0.8443279255,0.940880769,0.3387379202,0.9510565163,-0.3090169944,0.5620833779,-0.8270805743,-0.06279051953,-0.9980267284,-0.6613118653,-0.7501110696,-0.9822872507,-0.1873813146,-0.8910065242,0.4539904997,-0.4257792916,0.9048270525,0.2181432414,0.9759167619,0.7705132428,0.6374239897,0.9995065604,0.03141075908,0.8090169944,-0.5877852523,,74.35159543,,,,,,,,,,,,,,,74.35159543
2010 - Oct,1.1,538,2.753455913,21.44493376,12.83965688,,0.796529918,-0.6045991149,0.2689198206,-0.9631625668,-0.3681245527,-0.9297764859,-0.8553642602,-0.5180270094,-0.9945218954,0.1045284633,-0.7289686274,0.6845471059,-0.1667687467,0.9859960371,0.4632960351,0.8862035792,0.9048270525,0.4257792916,0.9781476007,-0.2079116908,0.653420604,-0.7569950557,0.06279051953,-0.9980267284,-0.5533915492,-0.8329212407,-0.9443763702,-0.3288666467,-0.9510565163,0.3090169944,-0.5707135677,0.8211492091,0.04187565373,0.9991228301,0.6374239897,0.7705132428,0.9735789029,0.2283508701,0.9135454576,-0.4067366431,,74.20316364,,,,,,,,,,,,,,,74.20316364
2010 - Nov,3.5,539,8.763035706,7.816028561,112.1162191,,0.8028174752,-0.596224875,0.2890317969,-0.9573194975,-0.3387379202,-0.940880769,-0.8329212407,-0.5533915492,-0.9986295348,0.05233595624,-0.7705132428,0.6374239897,-0.2385334576,0.9711342799,0.3875155865,0.9218631516,0.860742027,0.5090414158,0.9945218954,-0.1045284633,0.7360970871,-0.6768759697,0.1873813146,-0.9822872507,-0.4352310994,-0.9003187714,-0.8862035792,-0.4632960351,-0.9876883406,0.156434465,-0.6996633405,0.7144726796,-0.1357155724,0.9907478405,0.4817536741,0.87630668,0.909236109,0.4162807923,0.9781476007,-0.2079116908,,74.14730485,,,,,,,,,,,,,,,74.14730485
2010 - Dec,12.8,540,32.05513609,15.92515343,201.2861994,,0.8090169944,-0.5877852523,0.3090169944,-0.9510565163,-0.3090169944,-0.9510565163,-0.8090169944,-0.5877852523,-1,0,-0.8090169944,0.5877852523,-0.3090169944,0.9510565163,0.3090169944,0.9510565163,0.8090169944,0.5877852523,1,0,0.8090169944,-0.5877852523,0.3090169944,-0.9510565163,-0.3090169944,-0.9510565163,-0.8090169944,-0.5877852523,-1,0,-0.8090169944,0.5877852523,-0.3090169944,0.9510565163,0.3090169944,0.9510565163,0.8090169944,0.5877852523,1,0,,74.18423949,,,,,,,,,,,,,,,74.18423949
2011 - Jan,0.7,541,1.758338084,30.9468886,5.681792787,,0.8151277957,-0.5792811723,0.3288666467,-0.9443763702,-0.278991106,-0.9602936857,-0.7836934573,-0.6211477803,-0.9986295348,-0.05233595624,-0.8443279255,0.535826795,-0.3778407868,0.9258705848,0.2283508701,0.9735789029,0.7501110696,0.6613118653,0.9945218954,0.1045284633,0.8712138111,-0.4909037536,0.4257792916,-0.9048270525,-0.1770847403,-0.984195608,-0.7144726796,-0.6996633405,-0.9876883406,-0.156434465,-0.8957117602,0.4446351792,-0.4725507649,0.8813034521,0.1253332336,0.9921147013,0.6768759697,0.7360970871,0.9781476007,0.2079116908,,74.31382182,,,,,,,,,,,,,,,74.31382182
2011 - Feb,26.7,542,67.08370696,42.37818268,158.2977436,,0.8211492091,-0.5707135677,0.3485720473,-0.9372819895,-0.2486898872,-0.9685831611,-0.7569950557,-0.653420604,-0.9945218954,-0.1045284633,-0.87630668,0.4817536741,-0.4446351792,0.8957117602,0.1460830286,0.989272333,0.6845471059,0.7289686274,0.9781476007,0.2079116908,0.9218631516,-0.3875155865,0.535826795,-0.8443279255,-0.04187565373,-0.9991228301,-0.6045991149,-0.796529918,-0.9510565163,-0.3090169944,-0.9573194975,0.2890317969,-0.6211477803,0.7836934573,-0.06279051953,0.9980267284,0.5180270094,0.8553642602,0.9135454576,0.4067366431,,74.53554042,,,,,,,,,,,,,,,74.53554042
2011 - Mar,6.9,543,17.34028996,32.90737615,52.69423452,,0.8270805743,-0.5620833779,0.3681245527,-0.9297764859,-0.2181432414,-0.9759167619,-0.7289686274,-0.6845471059,-0.9876883406,-0.156434465,-0.9048270525,0.4257792916,-0.5090414158,0.860742027,0.06279051953,0.9980267284,0.6129070537,0.7901550124,0.9510565163,0.3090169944,0.9602936857,-0.278991106,0.6374239897,-0.7705132428,0.09410831332,-0.9955619646,-0.4817536741,-0.87630668,-0.8910065242,-0.4539904997,-0.9921147013,0.1253332336,-0.7501110696,0.6613118653,-0.2486898872,0.9685831611,0.3387379202,0.940880769,0.8090169944,0.5877852523,,74.84852027,,,,,,,,,,,,,,,74.84852027
2011 - Apr,8.9,544,22.37168872,19.73566082,113.3566741,,0.8329212407,-0.5533915492,0.3875155865,-0.9218631516,-0.1873813146,-0.9822872507,-0.6996633405,-0.7144726796,-0.9781476007,-0.2079116908,-0.9297764859,0.3681245527,-0.5707135677,0.8211492091,-0.02094241988,0.9997806835,0.535826795,0.8443279255,0.9135454576,0.4067366431,0.9859960371,-0.1667687467,0.7289686274,-0.6845471059,0.2283508701,-0.9735789029,-0.3485720473,-0.9372819895,-0.8090169944,-0.5877852523,-0.9991228301,-0.04187565373,-0.8553642602,0.5180270094,-0.4257792916,0.9048270525,0.1460830286,0.989272333,0.6691306064,0.7431448255,,75.25152619,,,,,,,,,,,,,,,75.25152619
2011 - May,28.7,545,72.15927786,45.68178879,157.9607099,,0.8386705679,-0.544639035,0.4067366431,-0.9135454576,-0.156434465,-0.9876883406,-0.6691306064,-0.7431448255,-0.9659258263,-0.2588190451,-0.9510565163,0.3090169944,-0.629320391,0.7771459615,-0.1045284633,0.9945218954,0.4539904997,0.8910065242,0.8660254038,0.5,0.9986295348,-0.05233595624,0.8090169944,-0.5877852523,0.3583679495,-0.9335804265,-0.2079116908,-0.9781476007,-0.7071067812,-0.7071067812,-0.9781476007,-0.2079116908,-0.9335804265,0.3583679495,-0.5877852523,0.8090169944,-0.05233595624,0.9986295348,0.5,0.8660254038,,75.74296769,,,,,,,,,,,,,,,75.74296769
2011 - Jun,94.4,546,237.4016975,123.305047,192.5320197,,0.8443279255,-0.535826795,0.4257792916,-0.9048270525,-0.1253332336,-0.9921147013,-0.6374239897,-0.7705132428,-0.9510565163,-0.3090169944,-0.9685831611,0.2486898872,-0.6845471059,0.7289686274,-0.1873813146,0.9822872507,0.3681245527,0.9297764859,0.8090169944,0.5877852523,0.9980267284,0.06279051953,0.87630668,-0.4817536741,0.4817536741,-0.87630668,-0.06279051953,-0.9980267284,-0.5877852523,-0.8090169944,-0.9297764859,-0.3681245527,-0.9822872507,0.1873813146,-0.7289686274,0.6845471059,-0.2486898872,0.9685831611,0.3090169944,0.9510565163,,76.32090528,,,,,,,,,,,,,,,76.32090528
2011 - Jul,85,547,213.8121198,328.104785,65.16580358,,0.849892693,-0.5269557955,0.4446351792,-0.8957117602,-0.09410831332,-0.9955619646,-0.6045991149,-0.796529918,-0.9335804265,-0.3583679495,-0.9822872507,0.1873813146,-0.7360970871,0.6768759697,-0.2689198206,0.9631625668,0.278991106,0.9602936857,0.7431448255,0.6691306064,0.984195608,0.1770847403,0.9297764859,-0.3681245527,0.596224875,-0.8028174752,0.08367784333,-0.9964928592,-0.4539904997,-0.8910065242,-0.8553642602,-0.5180270094,-0.9999451694,0.01047178412,-0.8443279255,0.535826795,-0.4352310994,0.9003187714,0.1045284633,0.9945218954,,76.9830581,,,,,,,,,,,,,,,76.9830581
2011 - Aug,127.3,548,320.2900068,355.3223357,90.14069046,,0.8553642602,-0.5180270094,0.4632960351,-0.8862035792,-0.06279051953,-0.9980267284,-0.5707135677,-0.8211492091,-0.9135454576,-0.4067366431,-0.9921147013,0.1253332336,-0.7836934573,0.6211477803,-0.3485720473,0.9372819895,0.1873813146,0.9822872507,0.6691306064,0.7431448255,0.9573194975,0.2890317969,0.9685831611,-0.2486898872,0.6996633405,-0.7144726796,0.2283508701,-0.9735789029,-0.3090169944,-0.9510565163,-0.7569950557,-0.653420604,-0.9859960371,-0.1667687467,-0.9297764859,0.3681245527,-0.6045991149,0.796529918,-0.1045284633,0.9945218954,,77.72681295,,,,,,,,,,,,,,,77.72681295
2011 - Sep,133.1,549,334.9613173,176.4318194,189.8531219,,0.860742027,-0.5090414158,0.4817536741,-0.87630668,-0.03141075908,-0.9995065604,-0.535826795,-0.8443279255,-0.8910065242,-0.4539904997,-0.9980267284,0.06279051953,-0.8270805743,0.5620833779,-0.4257792916,0.9048270525,0.09410831332,0.9955619646,0.5877852523,0.8090169944,0.9177546257,0.3971478906,0.9921147013,-0.1253332336,0.7901550124,-0.6129070537,0.3681245527,-0.9297764859,-0.156434465,-0.9876883406,-0.6374239897,-0.7705132428,-0.940880769,-0.3387379202,-0.9822872507,0.1873813146,-0.7501110696,0.6613118653,-0.3090169944,0.9510565163,,78.54923455,,,,,,,,,,,,,,,78.54923455
2011 - Oct,0,550,0,21.44493376,0,,0.8660254038,-0.5,0.5,-0.8660254038,0,-1,-0.5,-0.8660254038,-0.8660254038,-0.5,-1,0,-0.8660254038,0.5,-0.5,0.8660254038,0,1,0.5,0.8660254038,0.8660254038,0.5,1,0,0.8660254038,-0.5,0.5,-0.8660254038,0,-1,-0.5,-0.8660254038,-0.8660254038,-0.5,-1,0,-0.8660254038,0.5,-0.5,0.8660254038,,79.44707719,,,,,,,,,,,,,,,79.44707719
2011 - Nov,0,551,0,7.816028561,0,,0.8712138111,-0.4909037536,0.5180270094,-0.8553642602,0.03141075908,-0.9995065604,-0.4632960351,-0.8862035792,-0.8386705679,-0.544639035,-0.9980267284,-0.06279051953,-0.9003187714,0.4352310994,-0.5707135677,0.8211492091,-0.09410831332,0.9955619646,0.4067366431,0.9135454576,0.8028174752,0.596224875,0.9921147013,0.1253332336,0.9258705848,-0.3778407868,0.6211477803,-0.7836934573,0.156434465,-0.9876883406,-0.3485720473,-0.9372819895,-0.7637960286,-0.6454576877,-0.9822872507,-0.1873813146,-0.94776841,0.3189593093,-0.6691306064,0.7431448255,,80.41679749,,,,,,,,,,,,,,,80.41679749
2011 - Dec,0.4,552,1.007352759,15.92515343,6.325545078,,0.87630668,-0.4817536741,0.535826795,-0.8443279255,0.06279051953,-0.9980267284,-0.4257792916,-0.9048270525,-0.8090169944,-0.5877852523,-0.9921147013,-0.1253332336,-0.9297764859,0.3681245527,-0.6374239897,0.7705132428,-0.1873813146,0.9822872507,0.3090169944,0.9510565163,0.7289686274,0.6845471059,0.9685831611,0.2486898872,0.9685831611,-0.2486898872,0.7289686274,-0.6845471059,0.3090169944,-0.9510565163,-0.1873813146,-0.9822872507,-0.6374239897,-0.7705132428,-0.9297764859,-0.3681245527,-0.9921147013,0.1253332336,-0.8090169944,0.5877852523,,81.45456841,,,,,,,,,,,,,,,81.45456841
2012 - Jan,8.2,553,20.71378861,30.9468886,66.93334791,,0.8813034521,-0.4725507649,0.5533915492,-0.8329212407,0.09410831332,-0.9955619646,-0.3875155865,-0.9218631516,-0.7771459615,-0.629320391,-0.9822872507,-0.1873813146,-0.9542403285,0.2990407923,-0.6996633405,0.7144726796,-0.278991106,0.9602936857,0.2079116908,0.9781476007,0.6454576877,0.7637960286,0.9297764859,0.3681245527,0.9933727656,-0.1149371505,0.8211492091,-0.5707135677,0.4539904997,-0.8910065242,-0.02094241988,-0.9997806835,-0.4909037536,-0.8712138111,-0.8443279255,-0.535826795,-0.9973144772,-0.07323819713,-0.9135454576,0.4067366431,,82.55629434,,,,,,,,,,,,,,,82.55629434
2012 - Feb,0.2,554,0.5053330514,42.37818268,1.192436814,,0.8862035792,-0.4632960351,0.5707135677,-0.8211492091,0.1253332336,-0.9921147013,-0.3485720473,-0.9372819895,-0.7431448255,-0.6691306064,-0.9685831611,-0.2486898872,-0.9735789029,0.2283508701,-0.7569950557,0.653420604,-0.3681245527,0.9297764859,0.1045284633,0.9945218954,0.5533915492,0.8329212407,0.87630668,0.4817536741,0.9997806835,0.02094241988,0.8957117602,-0.4446351792,0.5877852523,-0.8090169944,0.1460830286,-0.989272333,-0.3288666467,-0.9443763702,-0.7289686274,-0.6845471059,-0.9631625668,-0.2689198206,-0.9781476007,0.2079116908,,83.71762727,,,,,,,,,,,,,,,83.71762727
2012 - Mar,0.1,555,0.2527259011,32.90737615,0.7679916501,,0.8910065242,-0.4539904997,0.5877852523,-0.8090169944,0.156434465,-0.9876883406,-0.3090169944,-0.9510565163,-0.7071067812,-0.7071067812,-0.9510565163,-0.3090169944,-0.9876883406,0.156434465,-0.8090169944,0.5877852523,-0.4539904997,0.8910065242,0,1,0.4539904997,0.8910065242,0.8090169944,0.5877852523,0.9876883406,0.156434465,0.9510565163,-0.3090169944,0.7071067812,-0.7071067812,0.3090169944,-0.9510565163,-0.156434465,-0.9876883406,-0.5877852523,-0.8090169944,-0.8910065242,-0.4539904997,-1,0,,84.93398395,,,,,,,,,,,,,,,84.93398395
2012 - Apr,11.8,556,29.82866592,19.73566082,151.1409534,,0.8957117602,-0.4446351792,0.6045991149,-0.796529918,0.1873813146,-0.9822872507,-0.2689198206,-0.9631625668,-0.6691306064,-0.7431448255,-0.9297764859,-0.3681245527,-0.9964928592,0.08367784333,-0.8553642602,0.5180270094,-0.535826795,0.8443279255,-0.1045284633,0.9945218954,0.3485720473,0.9372819895,0.7289686274,0.6845471059,0.9573194975,0.2890317969,0.9859960371,-0.1667687467,0.8090169944,-0.5877852523,0.4632960351,-0.8862035792,0.02094241988,-0.9997806835,-0.4257792916,-0.9048270525,-0.7836934573,-0.6211477803,-0.9781476007,-0.2079116908,,86.20056398,,,,,,,,,,,,,,,86.20056398
2012 - May,3.8,557,9.608099955,45.68178879,21.03267015,,0.9003187714,-0.4352310994,0.6211477803,-0.7836934573,0.2181432414,-0.9759167619,-0.2283508701,-0.9735789029,-0.629320391,-0.7771459615,-0.9048270525,-0.4257792916,-0.9999451694,0.01047178412,-0.8957117602,0.4446351792,-0.6129070537,0.7901550124,-0.2079116908,0.9781476007,0.2385334576,0.9711342799,0.6374239897,0.7705132428,0.909236109,0.4162807923,0.9997806835,-0.02094241988,0.8910065242,-0.4539904997,0.6045991149,-0.796529918,0.1976573404,-0.9802711746,-0.2486898872,-0.9685831611,-0.6454576877,-0.7637960286,-0.9135454576,-0.4067366431,,87.51236875,,,,,,,,,,,,,,,87.51236875
2012 - Jun,5.3,558,13.40392233,123.305047,10.87053827,,0.9048270525,-0.4257792916,0.6374239897,-0.7705132428,0.2486898872,-0.9685831611,-0.1873813146,-0.9822872507,-0.5877852523,-0.8090169944,-0.87630668,-0.4817536741,-0.9980267284,-0.06279051953,-0.9297764859,0.3681245527,-0.6845471059,0.7289686274,-0.3090169944,0.9510565163,0.1253332336,0.9921147013,0.535826795,0.8443279255,0.8443279255,0.535826795,0.9921147013,0.1253332336,0.9510565163,-0.3090169944,0.7289686274,-0.6845471059,0.3681245527,-0.9297764859,-0.06279051953,-0.9980267284,-0.4817536741,-0.87630668,-0.8090169944,-0.5877852523,,88.86422115,,,,,,,,,,,,,,,88.86422115
2012 - Jul,68.1,559,172.2682675,328.104785,52.50403997,,0.909236109,-0.4162807923,0.653420604,-0.7569950557,0.278991106,-0.9602936857,-0.1460830286,-0.989272333,-0.544639035,-0.8386705679,-0.8443279255,-0.535826795,-0.9907478405,-0.1357155724,-0.9573194975,0.2890317969,-0.7501110696,0.6613118653,-0.4067366431,0.9135454576,0.01047178412,0.9999451694,0.4257792916,0.9048270525,0.7637960286,0.6454576877,0.9631625668,0.2689198206,0.9876883406,-0.156434465,0.8329212407,-0.5533915492,0.5269557955,-0.849892693,0.1253332336,-0.9921147013,-0.2990407923,-0.9542403285,-0.6691306064,-0.7431448255,,90.25078605,,,,,,,,,,,,,,,90.25078605
2012 - Aug,196.6,560,497.4436057,355.3223357,139.997843,,0.9135454576,-0.4067366431,0.6691306064,-0.7431448255,0.3090169944,-0.9510565163,-0.1045284633,-0.9945218954,-0.5,-0.8660254038,-0.8090169944,-0.5877852523,-0.9781476007,-0.2079116908,-0.9781476007,0.2079116908,-0.8090169944,0.5877852523,-0.5,0.8660254038,-0.1045284633,0.9945218954,0.3090169944,0.9510565163,0.6691306064,0.7431448255,0.9135454576,0.4067366431,1,0,0.9135454576,-0.4067366431,0.6691306064,-0.7431448255,0.3090169944,-0.9510565163,-0.1045284633,-0.9945218954,-0.5,-0.8660254038,,91.66659131,,,,,,,,,,,,,,,91.66659131
2012 - Sep,90.7,561,229.5460455,176.4318194,130.1046752,,0.9177546257,-0.3971478906,0.6845471059,-0.7289686274,0.3387379202,-0.940880769,-0.06279051953,-0.9980267284,-0.4539904997,-0.8910065242,-0.7705132428,-0.6374239897,-0.9602936857,-0.278991106,-0.9921147013,0.1253332336,-0.860742027,0.5090414158,-0.5877852523,0.8090169944,-0.2181432414,0.9759167619,0.1873813146,0.9822872507,0.5620833779,0.8270805743,0.8443279255,0.535826795,0.9876883406,0.156434465,0.9685831611,-0.2486898872,0.7901550124,-0.6129070537,0.4817536741,-0.87630668,0.09410831332,-0.9955619646,-0.3090169944,-0.9510565163,,93.10604939,,,,,,,,,,,,,,,93.10604939
2012 - Oct,2.4,562,6.075415478,21.44493376,28.33030657,,0.9218631516,-0.3875155865,0.6996633405,-0.7144726796,0.3681245527,-0.9297764859,-0.02094241988,-0.9997806835,-0.4067366431,-0.9135454576,-0.7289686274,-0.6845471059,-0.9372819895,-0.3485720473,-0.9991228301,0.04187565373,-0.9048270525,0.4257792916,-0.6691306064,0.7431448255,-0.3288666467,0.9443763702,0.06279051953,0.9980267284,0.4446351792,0.8957117602,0.7569950557,0.653420604,0.9510565163,0.3090169944,0.9964928592,-0.08367784333,0.8862035792,-0.4632960351,0.6374239897,-0.7705132428,0.2890317969,-0.9573194975,-0.1045284633,-0.9945218954,,94.56347941,,,,,,,,,,,,,,,94.56347941
2012 - Nov,0.6,563,1.519211465,7.816028561,19.43712786,,0.9258705848,-0.3778407868,0.7144726796,-0.6996633405,0.3971478906,-0.9177546257,0.02094241988,-0.9997806835,-0.3583679495,-0.9335804265,-0.6845471059,-0.7289686274,-0.909236109,-0.4162807923,-0.9991228301,-0.04187565373,-0.940880769,0.3387379202,-0.7431448255,0.6691306064,-0.4352310994,0.9003187714,-0.06279051953,0.9980267284,0.3189593093,0.94776841,0.653420604,0.7569950557,0.8910065242,0.4539904997,0.9964928592,0.08367784333,0.9542403285,-0.2990407923,0.7705132428,-0.6374239897,0.4725507649,-0.8813034521,0.1045284633,-0.9945218954,,96.03312956,,,,,,,,,,,,,,,96.03312956
2012 - Dec,3.5,564,8.864153836,15.92515343,55.66134023,,0.9297764859,-0.3681245527,0.7289686274,-0.6845471059,0.4257792916,-0.9048270525,0.06279051953,-0.9980267284,-0.3090169944,-0.9510565163,-0.6374239897,-0.7705132428,-0.87630668,-0.4817536741,-0.9921147013,-0.1253332336,-0.9685831611,0.2486898872,-0.8090169944,0.5877852523,-0.535826795,0.8443279255,-0.1873813146,0.9822872507,0.1873813146,0.9822872507,0.535826795,0.8443279255,0.8090169944,0.5877852523,0.9685831611,0.2486898872,0.9921147013,-0.1253332336,0.87630668,-0.4817536741,0.6374239897,-0.7705132428,0.3090169944,-0.9510565163,,97.5091998,,,,,,,,,,,,,,,97.5091998
2013 - Jan,21.1,565,53.60228321,30.9468886,173.2073421,,0.9335804265,-0.3583679495,0.7431448255,-0.6691306064,0.4539904997,-0.8910065242,0.1045284633,-0.9945218954,-0.2588190451,-0.9659258263,-0.5877852523,-0.8090169944,-0.8386705679,-0.544639035,-0.9781476007,-0.2079116908,-0.9876883406,0.156434465,-0.8660254038,0.5,-0.629320391,0.7771459615,-0.3090169944,0.9510565163,0.05233595624,0.9986295348,0.4067366431,0.9135454576,0.7071067812,0.7071067812,0.9135454576,0.4067366431,0.9986295348,0.05233595624,0.9510565163,-0.3090169944,0.7771459615,-0.629320391,0.5,-0.8660254038,,98.98586475,,,,,,,,,,,,,,,98.98586475
2013 - Feb,52.2,566,132.6398238,42.37818268,312.9908255,,0.9372819895,-0.3485720473,0.7569950557,-0.653420604,0.4817536741,-0.87630668,0.1460830286,-0.989272333,-0.2079116908,-0.9781476007,-0.535826795,-0.8443279255,-0.796529918,-0.6045991149,-0.9573194975,-0.2890317969,-0.9980267284,0.06279051953,-0.9135454576,0.4067366431,-0.7144726796,0.6996633405,-0.4257792916,0.9048270525,-0.08367784333,0.9964928592,0.2689198206,0.9631625668,0.5877852523,0.8090169944,0.8329212407,0.5533915492,0.9735789029,0.2283508701,0.9921147013,-0.1253332336,0.8862035792,-0.4632960351,0.6691306064,-0.7431448255,,100.4572967,,,,,,,,,,,,,,,100.4572967
2013 - Mar,5.3,567,13.47044449,32.90737615,40.93442283,,0.940880769,-0.3387379202,0.7705132428,-0.6374239897,0.5090414158,-0.860742027,0.1873813146,-0.9822872507,-0.156434465,-0.9876883406,-0.4817536741,-0.87630668,-0.7501110696,-0.6613118653,-0.9297764859,-0.3681245527,-0.9995065604,-0.03141075908,-0.9510565163,0.3090169944,-0.7901550124,0.6129070537,-0.535826795,0.8443279255,-0.2181432414,0.9759167619,0.1253332336,0.9921147013,0.4539904997,0.8910065242,0.7289686274,0.6845471059,0.9177546257,0.3971478906,0.9980267284,0.06279051953,0.9602936857,-0.278991106,0.8090169944,-0.5877852523,,101.9176886,,,,,,,,,,,,,,,101.9176886
2013 - Apr,3.3,568,8.389240505,19.73566082,42.50802941,,0.9443763702,-0.3288666467,0.7836934573,-0.6211477803,0.535826795,-0.8443279255,0.2283508701,-0.9735789029,-0.1045284633,-0.9945218954,-0.4257792916,-0.9048270525,-0.6996633405,-0.7144726796,-0.8957117602,-0.4446351792,-0.9921147013,-0.1253332336,-0.9781476007,0.2079116908,-0.8553642602,0.5180270094,-0.6374239897,0.7705132428,-0.3485720473,0.9372819895,-0.02094241988,0.9997806835,0.3090169944,0.9510565163,0.6045991149,0.796529918,0.8329212407,0.5533915492,0.9685831611,0.2486898872,0.9964928592,-0.08367784333,0.9135454576,-0.4067366431,,103.3612769,,,,,,,,,,,,,,,103.3612769
2013 - May,1.4,569,3.559913236,45.68178879,7.792849907,,0.94776841,-0.3189593093,0.796529918,-0.6045991149,0.5620833779,-0.8270805743,0.2689198206,-0.9631625668,-0.05233595624,-0.9986295348,-0.3681245527,-0.9297764859,-0.6454576877,-0.7637960286,-0.8553642602,-0.5180270094,-0.9759167619,-0.2181432414,-0.9945218954,0.1045284633,-0.909236109,0.4162807923,-0.7289686274,0.6845471059,-0.4725507649,0.8813034521,-0.1667687467,0.9859960371,0.156434465,0.9876883406,0.4632960351,0.8862035792,0.7217602281,0.6921431739,0.9048270525,0.4257792916,0.9933727656,0.1149371505,0.9781476007,-0.2079116908,,104.7823644,,,,,,,,,,,,,,,104.7823644
2013 - Jun,62.1,570,157.9449244,123.305047,128.0928301,,0.9510565163,-0.3090169944,0.8090169944,-0.5877852523,0.5877852523,-0.8090169944,0.3090169944,-0.9510565163,0,-1,-0.3090169944,-0.9510565163,-0.5877852523,-0.8090169944,-0.8090169944,-0.5877852523,-0.9510565163,-0.3090169944,-1,0,-0.9510565163,0.3090169944,-0.8090169944,0.5877852523,-0.5877852523,0.8090169944,-0.3090169944,0.9510565163,0,1,0.3090169944,0.9510565163,0.5877852523,0.8090169944,0.8090169944,0.5877852523,0.9510565163,0.3090169944,1,0,,106.1753428,,,,,,,,,,,,,,,106.1753428
2013 - Jul,96.5,571,245.4958237,328.104785,74.82238446,,0.9542403285,-0.2990407923,0.8211492091,-0.5707135677,0.6129070537,-0.7901550124,0.3485720473,-0.9372819895,0.05233595624,-0.9986295348,-0.2486898872,-0.9685831611,-0.5269557955,-0.849892693,-0.7569950557,-0.653420604,-0.9177546257,-0.3971478906,-0.9945218954,-0.1045284633,-0.9802711746,0.1976573404,-0.87630668,0.4817536741,-0.6921431739,0.7217602281,-0.4446351792,0.8957117602,-0.156434465,0.9876883406,0.1460830286,0.989272333,0.4352310994,0.9003187714,0.6845471059,0.7289686274,0.8712138111,0.4909037536,0.9781476007,0.2079116908,,107.5347146,,,,,,,,,,,,,,,107.5347146
2013 - Aug,161.9,572,411.9707565,355.3223357,115.9428257,,0.9573194975,-0.2890317969,0.8329212407,-0.5533915492,0.6374239897,-0.7705132428,0.3875155865,-0.9218631516,0.1045284633,-0.9945218954,-0.1873813146,-0.9822872507,-0.4632960351,-0.8862035792,-0.6996633405,-0.7144726796,-0.87630668,-0.4817536741,-0.9781476007,-0.2079116908,-0.9964928592,0.08367784333,-0.9297764859,0.3681245527,-0.7836934573,0.6211477803,-0.5707135677,0.8211492091,-0.3090169944,0.9510565163,-0.02094241988,0.9997806835,0.2689198206,0.9631625668,0.535826795,0.8443279255,0.7569950557,0.653420604,0.9135454576,0.4067366431,,108.855115,,,,,,,,,,,,,,,108.855115
2013 - Sep,42.8,573,108.9346591,176.4318194,61.74320454,,0.9602936857,-0.278991106,0.8443279255,-0.535826795,0.6613118653,-0.7501110696,0.4257792916,-0.9048270525,0.156434465,-0.9876883406,-0.1253332336,-0.9921147013,-0.3971478906,-0.9177546257,-0.6374239897,-0.7705132428,-0.8270805743,-0.5620833779,-0.9510565163,-0.3090169944,-0.9995065604,-0.03141075908,-0.9685831611,0.2486898872,-0.860742027,0.5090414158,-0.6845471059,0.7289686274,-0.4539904997,0.8910065242,-0.1873813146,0.9822872507,0.09410831332,0.9955619646,0.3681245527,0.9297764859,0.6129070537,0.7901550124,0.8090169944,0.5877852523,,110.1313329,,,,,,,,,,,,,,,110.1313329
2013 - Oct,10.9,574,27.74927249,21.44493376,129.3978,,0.9631625668,-0.2689198206,0.8553642602,-0.5180270094,0.6845471059,-0.7289686274,0.4632960351,-0.8862035792,0.2079116908,-0.9781476007,-0.06279051953,-0.9980267284,-0.3288666467,-0.9443763702,-0.5707135677,-0.8211492091,-0.7705132428,-0.6374239897,-0.9135454576,-0.4067366431,-0.989272333,-0.1460830286,-0.9921147013,0.1253332336,-0.9218631516,0.3875155865,-0.7836934573,0.6211477803,-0.5877852523,0.8090169944,-0.3485720473,0.9372819895,-0.08367784333,0.9964928592,0.1873813146,0.9822872507,0.4446351792,0.8957117602,0.6691306064,0.7431448255,,111.3583318,,,,,,,,,,,,,,,111.3583318
2013 - Nov,1.7,575,4.32889292,7.816028561,55.38481451,,0.9659258263,-0.2588190451,0.8660254038,-0.5,0.7071067812,-0.7071067812,0.5,-0.8660254038,0.2588190451,-0.9659258263,0,-1,-0.2588190451,-0.9659258263,-0.5,-0.8660254038,-0.7071067812,-0.7071067812,-0.8660254038,-0.5,-0.9659258263,-0.2588190451,-1,0,-0.9659258263,0.2588190451,-0.8660254038,0.5,-0.7071067812,0.7071067812,-0.5,0.8660254038,-0.2588190451,0.9659258263,0,1,0.2588190451,0.9659258263,0.5,0.8660254038,,112.5312692,,,,,,,,,,,,,,,112.5312692
2013 - Dec,2.1,576,5.348722408,15.92515343,33.58663029,,0.9685831611,-0.2486898872,0.87630668,-0.4817536741,0.7289686274,-0.6845471059,0.535826795,-0.8443279255,0.3090169944,-0.9510565163,0.06279051953,-0.9980267284,-0.1873813146,-0.9822872507,-0.4257792916,-0.9048270525,-0.6374239897,-0.7705132428,-0.8090169944,-0.5877852523,-0.9297764859,-0.3681245527,-0.9921147013,-0.1253332336,-0.9921147013,0.1253332336,-0.9297764859,0.3681245527,-0.8090169944,0.5877852523,-0.6374239897,0.7705132428,-0.4257792916,0.9048270525,-0.1873813146,0.9822872507,0.06279051953,0.9980267284,0.3090169944,0.9510565163,,113.6455161,,,,,,,,,,,,,,,113.6455161
2014 - Jan,13,577,33.21339654,30.9468886,107.3238637,,0.9711342799,-0.2385334576,0.8862035792,-0.4632960351,0.7501110696,-0.6613118653,0.5707135677,-0.8211492091,0.3583679495,-0.9335804265,0.1253332336,-0.9921147013,-0.1149371505,-0.9933727656,-0.3485720473,-0.9372819895,-0.5620833779,-0.8270805743,-0.7431448255,-0.6691306064,-0.8813034521,-0.4725507649,-0.9685831611,-0.2486898872,-0.9999451694,-0.01047178412,-0.9735789029,0.2283508701,-0.8910065242,0.4539904997,-0.7569950557,0.653420604,-0.5792811723,0.8151277957,-0.3681245527,0.9297764859,-0.1357155724,0.9907478405,0.1045284633,0.9945218954,,114.696675,,,,,,,,,,,,,,,114.696675
2014 - Feb,17.3,578,44.2098688,42.37818268,104.3222385,,0.9735789029,-0.2283508701,0.8957117602,-0.4446351792,0.7705132428,-0.6374239897,0.6045991149,-0.796529918,0.4067366431,-0.9135454576,0.1873813146,-0.9822872507,-0.04187565373,-0.9991228301,-0.2689198206,-0.9631625668,-0.4817536741,-0.87630668,-0.6691306064,-0.7431448255,-0.8211492091,-0.5707135677,-0.9297764859,-0.3681245527,-0.989272333,-0.1460830286,-0.9964928592,0.08367784333,-0.9510565163,0.3090169944,-0.8553642602,0.5180270094,-0.7144726796,0.6996633405,-0.535826795,0.8443279255,-0.3288666467,0.9443763702,-0.1045284633,0.9945218954,,115.6805975,,,,,,,,,,,,,,,115.6805975
2014 - Mar,26.8,579,68.50324209,32.90737615,208.1698698,,0.9759167619,-0.2181432414,0.9048270525,-0.4257792916,0.7901550124,-0.6129070537,0.6374239897,-0.7705132428,0.4539904997,-0.8910065242,0.2486898872,-0.9685831611,0.03141075908,-0.9995065604,-0.1873813146,-0.9822872507,-0.3971478906,-0.9177546257,-0.5877852523,-0.8090169944,-0.7501110696,-0.6613118653,-0.87630668,-0.4817536741,-0.9602936857,-0.278991106,-0.9980267284,-0.06279051953,-0.9876883406,0.156434465,-0.9297764859,0.3681245527,-0.8270805743,0.5620833779,-0.6845471059,0.7289686274,-0.5090414158,0.860742027,-0.3090169944,0.9510565163,,116.5934006,,,,,,,,,,,,,,,116.5934006
2014 - Apr,7.5,580,19.17524092,19.73566082,97.1603692,,0.9781476007,-0.2079116908,0.9135454576,-0.4067366431,0.8090169944,-0.5877852523,0.6691306064,-0.7431448255,0.5,-0.8660254038,0.3090169944,-0.9510565163,0.1045284633,-0.9945218954,-0.1045284633,-0.9945218954,-0.3090169944,-0.9510565163,-0.5,-0.8660254038,-0.6691306064,-0.7431448255,-0.8090169944,-0.5877852523,-0.9135454576,-0.4067366431,-0.9781476007,-0.2079116908,-1,0,-0.9781476007,0.2079116908,-0.9135454576,0.4067366431,-0.8090169944,0.5877852523,-0.6691306064,0.7431448255,-0.5,0.8660254038,,117.4314817,,,,,,,,,,,,,,,117.4314817
2014 - May,20.3,581,51.9133269,45.68178879,113.6411867,,0.9802711746,-0.1976573404,0.9218631516,-0.3875155865,0.8270805743,-0.5620833779,0.6996633405,-0.7144726796,0.544639035,-0.8386705679,0.3681245527,-0.9297764859,0.1770847403,-0.984195608,-0.02094241988,-0.9997806835,-0.2181432414,-0.9759167619,-0.4067366431,-0.9135454576,-0.5792811723,-0.8151277957,-0.7289686274,-0.6845471059,-0.849892693,-0.5269557955,-0.9372819895,-0.3485720473,-0.9876883406,-0.156434465,-0.9991228301,0.04187565373,-0.9711342799,0.2385334576,-0.9048270525,0.4257792916,-0.8028174752,0.596224875,-0.6691306064,0.7431448255,,118.1915334,,,,,,,,,,,,,,,118.1915334
2014 - Jun,25.9,582,66.2499982,123.305047,53.72853731,,0.9822872507,-0.1873813146,0.9297764859,-0.3681245527,0.8443279255,-0.535826795,0.7289686274,-0.6845471059,0.5877852523,-0.8090169944,0.4257792916,-0.9048270525,0.2486898872,-0.9685831611,0.06279051953,-0.9980267284,-0.1253332336,-0.9921147013,-0.3090169944,-0.9510565163,-0.4817536741,-0.87630668,-0.6374239897,-0.7705132428,-0.7705132428,-0.6374239897,-0.87630668,-0.4817536741,-0.9510565163,-0.3090169944,-0.9921147013,-0.1253332336,-0.9980267284,0.06279051953,-0.9685831611,0.2486898872,-0.9048270525,0.4257792916,-0.8090169944,0.5877852523,,118.8705561,,,,,,,,,,,,,,,118.8705561
2014 - Jul,72.3,583,184.9812506,328.104785,56.37871165,,0.984195608,-0.1770847403,0.9372819895,-0.3485720473,0.860742027,-0.5090414158,0.7569950557,-0.653420604,0.629320391,-0.7771459615,0.4817536741,-0.87630668,0.3189593093,-0.94776841,0.1460830286,-0.989272333,-0.03141075908,-0.9995065604,-0.2079116908,-0.9781476007,-0.3778407868,-0.9258705848,-0.535826795,-0.8443279255,-0.6768759697,-0.7360970871,-0.796529918,-0.6045991149,-0.8910065242,-0.4539904997,-0.9573194975,-0.2890317969,-0.9933727656,-0.1149371505,-0.9980267284,0.06279051953,-0.9711342799,0.2385334576,-0.9135454576,0.4067366431,,119.46587,,,,,,,,,,,,,,,119.46587
2014 - Aug,34.8,584,89.05780562,355.3223357,25.06394804,,0.9859960371,-0.1667687467,0.9443763702,-0.3288666467,0.87630668,-0.4817536741,0.7836934573,-0.6211477803,0.6691306064,-0.7431448255,0.535826795,-0.8443279255,0.3875155865,-0.9218631516,0.2283508701,-0.9735789029,0.06279051953,-0.9980267284,-0.1045284633,-0.9945218954,-0.2689198206,-0.9631625668,-0.4257792916,-0.9048270525,-0.5707135677,-0.8211492091,-0.6996633405,-0.7144726796,-0.8090169944,-0.5877852523,-0.8957117602,-0.4446351792,-0.9573194975,-0.2890317969,-0.9921147013,-0.1253332336,-0.9991228301,0.04187565373,-0.9781476007,0.2079116908,,119.9751256,,,,,,,,,,,,,,,119.9751256
2014 - Sep,67.3,585,172.2706002,176.4318194,97.6414576,,0.9876883406,-0.156434465,0.9510565163,-0.3090169944,0.8910065242,-0.4539904997,0.8090169944,-0.5877852523,0.7071067812,-0.7071067812,0.5877852523,-0.8090169944,0.4539904997,-0.8910065242,0.3090169944,-0.9510565163,0.156434465,-0.9876883406,0,-1,-0.156434465,-0.9876883406,-0.3090169944,-0.9510565163,-0.4539904997,-0.8910065242,-0.5877852523,-0.8090169944,-0.7071067812,-0.7071067812,-0.8090169944,-0.5877852523,-0.8910065242,-0.4539904997,-0.9510565163,-0.3090169944,-0.9876883406,-0.156434465,-1,0,,120.3963133,,,,,,,,,,,,,,,120.3963133
2014 - Oct,10.5,586,26.88368405,21.44493376,125.3614693,,0.989272333,-0.1460830286,0.9573194975,-0.2890317969,0.9048270525,-0.4257792916,0.8329212407,-0.5533915492,0.7431448255,-0.6691306064,0.6374239897,-0.7705132428,0.5180270094,-0.8553642602,0.3875155865,-0.9218631516,0.2486898872,-0.9685831611,0.1045284633,-0.9945218954,-0.04187565373,-0.9991228301,-0.1873813146,-0.9822872507,-0.3288666467,-0.9443763702,-0.4632960351,-0.8862035792,-0.5877852523,-0.8090169944,-0.6996633405,-0.7144726796,-0.796529918,-0.6045991149,-0.87630668,-0.4817536741,-0.9372819895,-0.3485720473,-0.9781476007,-0.2079116908,,120.7277706,,,,,,,,,,,,,,,120.7277706
2014 - Nov,0.2,587,0.512192111,7.816028561,6.553099276,,0.9907478405,-0.1357155724,0.9631625668,-0.2689198206,0.9177546257,-0.3971478906,0.8553642602,-0.5180270094,0.7771459615,-0.629320391,0.6845471059,-0.7289686274,0.5792811723,-0.8151277957,0.4632960351,-0.8862035792,0.3387379202,-0.940880769,0.2079116908,-0.9781476007,0.07323819713,-0.9973144772,-0.06279051953,-0.9980267284,-0.1976573404,-0.9802711746,-0.3288666467,-0.9443763702,-0.4539904997,-0.8910065242,-0.5707135677,-0.8211492091,-0.6768759697,-0.7360970871,-0.7705132428,-0.6374239897,-0.849892693,-0.5269557955,-0.9135454576,-0.4067366431,,120.9681896,,,,,,,,,,,,,,,120.9681896
2014 - Dec,9.6,588,24.59107717,15.92515343,154.4165792,,0.9921147013,-0.1253332336,0.9685831611,-0.2486898872,0.9297764859,-0.3681245527,0.87630668,-0.4817536741,0.8090169944,-0.5877852523,0.7289686274,-0.6845471059,0.6374239897,-0.7705132428,0.535826795,-0.8443279255,0.4257792916,-0.9048270525,0.3090169944,-0.9510565163,0.1873813146,-0.9822872507,0.06279051953,-0.9980267284,-0.06279051953,-0.9980267284,-0.1873813146,-0.9822872507,-0.3090169944,-0.9510565163,-0.4257792916,-0.9048270525,-0.535826795,-0.8443279255,-0.6374239897,-0.7705132428,-0.7289686274,-0.6845471059,-0.8090169944,-0.5877852523,,121.1166214,,,,,,,,,,,,,,,121.1166214
2015 - Jan,12.4,589,31.86213299,30.9468886,102.9574682,,0.9933727656,-0.1149371505,0.9735789029,-0.2283508701,0.940880769,-0.3387379202,0.8957117602,-0.4446351792,0.8386705679,-0.544639035,0.7705132428,-0.6374239897,0.6921431739,-0.7217602281,0.6045991149,-0.796529918,0.5090414158,-0.860742027,0.4067366431,-0.9135454576,0.2990407923,-0.9542403285,0.1873813146,-0.9822872507,0.07323819713,-0.9973144772,-0.04187565373,-0.9991228301,-0.156434465,-0.9876883406,-0.2689198206,-0.9631625668,-0.3778407868,-0.9258705848,-0.4817536741,-0.87630668,-0.5792811723,-0.8151277957,-0.6691306064,-0.7431448255,,121.1724802,,,,,,,,,,,,,,,121.1724802
2015 - Feb,6.6,590,16.96293011,42.37818268,40.02750717,,0.9945218954,-0.1045284633,0.9781476007,-0.2079116908,0.9510565163,-0.3090169944,0.9135454576,-0.4067366431,0.8660254038,-0.5,0.8090169944,-0.5877852523,0.7431448255,-0.6691306064,0.6691306064,-0.7431448255,0.5877852523,-0.8090169944,0.5,-0.8660254038,0.4067366431,-0.9135454576,0.3090169944,-0.9510565163,0.2079116908,-0.9781476007,0.1045284633,-0.9945218954,0,-1,-0.1045284633,-0.9945218954,-0.2079116908,-0.9781476007,-0.3090169944,-0.9510565163,-0.4067366431,-0.9135454576,-0.5,-0.8660254038,,121.1355456,,,,,,,,,,,,,,,121.1355456
2015 - Mar,71.8,591,184.5802299,32.90737615,560.9083783,,0.9955619646,-0.09410831332,0.9822872507,-0.1873813146,0.9602936857,-0.278991106,0.9297764859,-0.3681245527,0.8910065242,-0.4539904997,0.8443279255,-0.535826795,0.7901550124,-0.6129070537,0.7289686274,-0.6845471059,0.6613118653,-0.7501110696,0.5877852523,-0.8090169944,0.5090414158,-0.860742027,0.4257792916,-0.9048270525,0.3387379202,-0.940880769,0.2486898872,-0.9685831611,0.156434465,-0.9876883406,0.06279051953,-0.9980267284,-0.03141075908,-0.9995065604,-0.1253332336,-0.9921147013,-0.2181432414,-0.9759167619,-0.3090169944,-0.9510565163,,121.0059632,,,,,,,,,,,,,,,121.0059632
2015 - Apr,34.8,592,89.48367428,19.73566082,453.4110871,,0.9964928592,-0.08367784333,0.9859960371,-0.1667687467,0.9685831611,-0.2486898872,0.9443763702,-0.3288666467,0.9135454576,-0.4067366431,0.87630668,-0.4817536741,0.8329212407,-0.5533915492,0.7836934573,-0.6211477803,0.7289686274,-0.6845471059,0.6691306064,-0.7431448255,0.6045991149,-0.796529918,0.535826795,-0.8443279255,0.4632960351,-0.8862035792,0.3875155865,-0.9218631516,0.3090169944,-0.9510565163,0.2283508701,-0.9735789029,0.1460830286,-0.989272333,0.06279051953,-0.9980267284,-0.02094241988,-0.9997806835,-0.1045284633,-0.9945218954,,120.7842446,,,,,,,,,,,,,,,120.7842446
2015 - May,8.4,593,21.60467319,45.68178879,47.29384239,,0.9973144772,-0.07323819713,0.989272333,-0.1460830286,0.9759167619,-0.2181432414,0.9573194975,-0.2890317969,0.9335804265,-0.3583679495,0.9048270525,-0.4257792916,0.8712138111,-0.4909037536,0.8329212407,-0.5533915492,0.7901550124,-0.6129070537,0.7431448255,-0.6691306064,0.6921431739,-0.7217602281,0.6374239897,-0.7705132428,0.5792811723,-0.8151277957,0.5180270094,-0.8553642602,0.4539904997,-0.8910065242,0.3875155865,-0.9218631516,0.3189593093,-0.94776841,0.2486898872,-0.9685831611,0.1770847403,-0.984195608,0.1045284633,-0.9945218954,,120.4712648,,,,,,,,,,,,,,,120.4712648
2015 - Jun,43.7,594,112.4226266,123.305047,91.17439174,,0.9980267284,-0.06279051953,0.9921147013,-0.1253332336,0.9822872507,-0.1873813146,0.9685831611,-0.2486898872,0.9510565163,-0.3090169944,0.9297764859,-0.3681245527,0.9048270525,-0.4257792916,0.87630668,-0.4817536741,0.8443279255,-0.535826795,0.8090169944,-0.5877852523,0.7705132428,-0.6374239897,0.7289686274,-0.6845471059,0.6845471059,-0.7289686274,0.6374239897,-0.7705132428,0.5877852523,-0.8090169944,0.535826795,-0.8443279255,0.4817536741,-0.87630668,0.4257792916,-0.9048270525,0.3681245527,-0.9297764859,0.3090169944,-0.9510565163,,120.0682589,,,,,,,,,,,,,,,120.0682589
2015 - Jul,130.3,595,335.2900048,328.104785,102.1899162,,0.9986295348,-0.05233595624,0.9945218954,-0.1045284633,0.9876883406,-0.156434465,0.9781476007,-0.2079116908,0.9659258263,-0.2588190451,0.9510565163,-0.3090169944,0.9335804265,-0.3583679495,0.9135454576,-0.4067366431,0.8910065242,-0.4539904997,0.8660254038,-0.5,0.8386705679,-0.544639035,0.8090169944,-0.5877852523,0.7771459615,-0.629320391,0.7431448255,-0.6691306064,0.7071067812,-0.7071067812,0.6691306064,-0.7431448255,0.629320391,-0.7771459615,0.5877852523,-0.8090169944,0.544639035,-0.8386705679,0.5,-0.8660254038,,119.5768174,,,,,,,,,,,,,,,119.5768174
2015 - Aug,89.2,596,229.5857724,355.3223357,64.6133804,,0.9991228301,-0.04187565373,0.9964928592,-0.08367784333,0.9921147013,-0.1253332336,0.9859960371,-0.1667687467,0.9781476007,-0.2079116908,0.9685831611,-0.2486898872,0.9573194975,-0.2890317969,0.9443763702,-0.3288666467,0.9297764859,-0.3681245527,0.9135454576,-0.4067366431,0.8957117602,-0.4446351792,0.87630668,-0.4817536741,0.8553642602,-0.5180270094,0.8329212407,-0.5533915492,0.8090169944,-0.5877852523,0.7836934573,-0.6211477803,0.7569950557,-0.653420604,0.7289686274,-0.6845471059,0.6996633405,-0.7144726796,0.6691306064,-0.7431448255,,118.9988798,,,,,,,,,,,,,,,118.9988798
2015 - Sep,32.1,597,82.63976992,176.4318194,46.83949312,,0.9995065604,-0.03141075908,0.9980267284,-0.06279051953,0.9955619646,-0.09410831332,0.9921147013,-0.1253332336,0.9876883406,-0.156434465,0.9822872507,-0.1873813146,0.9759167619,-0.2181432414,0.9685831611,-0.2486898872,0.9602936857,-0.278991106,0.9510565163,-0.3090169944,0.940880769,-0.3387379202,0.9297764859,-0.3681245527,0.9177546257,-0.3971478906,0.9048270525,-0.4257792916,0.8910065242,-0.4539904997,0.87630668,-0.4817536741,0.860742027,-0.5090414158,0.8443279255,-0.535826795,0.8270805743,-0.5620833779,0.8090169944,-0.5877852523,,118.3367269,,,,,,,,,,,,,,,118.3367269
2015 - Oct,3.7,598,9.527737123,21.44493376,44.42884846,,0.9997806835,-0.02094241988,0.9991228301,-0.04187565373,0.9980267284,-0.06279051953,0.9964928592,-0.08367784333,0.9945218954,-0.1045284633,0.9921147013,-0.1253332336,0.989272333,-0.1460830286,0.9859960371,-0.1667687467,0.9822872507,-0.1873813146,0.9781476007,-0.2079116908,0.9735789029,-0.2283508701,0.9685831611,-0.2486898872,0.9631625668,-0.2689198206,0.9573194975,-0.2890317969,0.9510565163,-0.3090169944,0.9443763702,-0.3288666467,0.9372819895,-0.3485720473,0.9297764859,-0.3681245527,0.9218631516,-0.3875155865,0.9135454576,-0.4067366431,,117.5929721,,,,,,,,,,,,,,,117.5929721
2015 - Nov,2.3,599,5.924065861,7.816028561,75.7938103,,0.9999451694,-0.01047178412,0.9997806835,-0.02094241988,0.9995065604,-0.03141075908,0.9991228301,-0.04187565373,0.9986295348,-0.05233595624,0.9980267284,-0.06279051953,0.9973144772,-0.07323819713,0.9964928592,-0.08367784333,0.9955619646,-0.09410831332,0.9945218954,-0.1045284633,0.9933727656,-0.1149371505,0.9921147013,-0.1253332336,0.9907478405,-0.1357155724,0.989272333,-0.1460830286,0.9876883406,-0.156434465,0.9859960371,-0.1667687467,0.984195608,-0.1770847403,0.9822872507,-0.1873813146,0.9802711746,-0.1976573404,0.9781476007,-0.2079116908,,116.7705505,,,,,,,,,,,,,,,116.7705505
2015 - Dec,0.2,600,0.5152595652,15.92515343,3.235507698,,1,0,1,0,1,0,1,0,1,0,1,0,1,0,1,0,1,0,1,0,1,0,1,0,1,0,1,0,1,0,1,0,1,0,1,0,1,0,1,0,,115.8727079,,,,,,,,,,,,,,,115.8727079